Sample name;82-DVF1724S3801-02
Subsample name;子样品1
Subsample status;Finished
Operating procedure;OP:PA6采谱
Determination start;2026-05-03 02:10:36Z

MEAS SPEC;记录光谱 1;Met：PA6采谱  1
MP list
#;Wavelength / nm;Absorbance / AU
1;1000;0.3614293780443633
2;1000.5;0.3614363870513468
3;1001;0.3614242366728474
4;1001.5;0.3613995469583008
5;1002;0.36136695728405305
6;1002.5;0.36133110682645014
7;1003;0.36129663496183817
8;1003.5;0.36126818106656305
9;1004;0.361250384316971
10;1004.5;0.36124788398940794
11;1005;0.3612653195602199
12;1005.5;0.36130581032766756
13;1006;0.36136351044652343
14;1006.5;0.36143401091591015
15;1007;0.3615137528614217
16;1007.5;0.3615991777086517
17;1008;0.36168672678319436
18;1008.5;0.3617728412106433
19;1009;0.3618539625165926
20;1009.5;0.36192653202663605
21;1010;0.3619869931001042
22;1010.5;0.36204831797728504
23;1011;0.3621303692653145
24;1011.5;0.36222860136704854
25;1012;0.3623372358853432
26;1012.5;0.3624504944230547
27;1013;0.3625625984830389
28;1013.5;0.36266776956815205
29;1014;0.36276022928125007
30;1014.5;0.362834199225189
31;1015;0.3628843978721032
32;1015.5;0.3629237773441272
33;1016;0.36295395507181344
34;1016.5;0.36297589505448113
35;1017;0.3629910045914493
36;1017.5;0.3630006908820366
37;1018;0.3630063612255623
38;1018.5;0.36300942282134513
39;1019;0.3630112829687043
40;1019.5;0.36301334886695835
41;1020;0.363017846150336
42;1020.5;0.36303481197440773
43;1021;0.36306241723270255
44;1021.5;0.36309847263359096
45;1022;0.36314084378544353
46;1022.5;0.363187396196631
47;1023;0.3632359955755239
48;1023.5;0.3632845076304928
49;1024;0.3633307977699083
50;1024.5;0.36337273180214114
51;1025;0.363407218441548
52;1025.5;0.36343376150359363
53;1026;0.36345872287244446
54;1026.5;0.36348220228565953
55;1027;0.36350429978079835
56;1027.5;0.3635251149954199
57;1028;0.3635447478670836
58;1028.5;0.3635632981333484
59;1029;0.3635808657317738
60;1029.5;0.3635975503999188
61;1030;0.36361722839583294
62;1030.5;0.3636521026743634
63;1031;0.3636998480827976
64;1031.5;0.36375780454937945
65;1032;0.363823312302353
66;1032.5;0.36389371146996197
67;1033;0.3639663421804504
68;1033.5;0.36403854466206215
69;1034;0.3641076588430411
70;1034.5;0.3641710249516311
71;1035;0.36423361662049053
72;1035.5;0.36430733775036017
73;1036;0.3643868819749362
74;1036.5;0.36446865019970265
75;1037;0.3645490429301435
76;1037.5;0.36462446107174273
77;1038;0.3646913052299842
78;1038.5;0.36474597631035216
79;1039;0.36478487491833034
80;1039.5;0.36480440195940295
81;1040;0.3648025538622683
82;1040.5;0.3647846681844559
83;1041;0.3647545882550859
84;1041.5;0.3647152376149713
85;1042;0.36466953960492515
86;1042.5;0.36462041776576004
87;1043;0.36457079523828917
88;1043.5;0.3645235956633254
89;1044;0.3644817423816814
90;1044.5;0.3644481588341704
91;1045;0.36441444815067797
92;1045.5;0.3643797512335658
93;1046;0.3643486137071339
94;1046.5;0.36432270978482056
95;1047;0.3643037134800638
96;1047.5;0.36429329890630163
97;1048;0.36429314007697233
98;1048.5;0.36430491110551394
99;1049;0.36433028620536456
100;1049.5;0.36437091971022084
101;1050;0.3644217501173413
102;1050.5;0.3644859117157925
103;1051;0.3645614019713167
104;1051.5;0.36464390524965623
105;1052;0.3647291061165533
106;1052.5;0.3648126889377504
107;1053;0.3648903383789897
108;1053.5;0.3649577387060136
109;1054;0.36501057438456447
110;1054.5;0.36504466288360776
111;1055;0.36506451892014286
112;1055.5;0.36507740037388225
113;1056;0.36508498471206857
114;1056.5;0.3650885564019448
115;1057;0.3650894000107537
116;1057.5;0.36508880000573807
117;1058;0.36508804085414076
118;1058.5;0.36508840702320466
119;1059;0.3650911831801724
120;1059.5;0.3650975448383881
121;1060;0.36510664956703137
122;1060.5;0.3651189354958372
123;1061;0.3651338894209345
124;1061.5;0.3651508796384515
125;1062;0.3651692743445172
126;1062.5;0.36518844193526007
127;1063;0.3652077507068087
128;1063.5;0.36522656885529187
129;1064;0.3652442646768381
130;1064.5;0.36526025418958946
131;1065;0.3652739697115264
132;1065.5;0.36528473671192846
133;1066;0.36529296679538015
134;1066.5;0.36529910566646595
135;1067;0.3653035988297705
136;1067.5;0.36530689208987793
137;1068;0.365309430951373
138;1068.5;0.3653116613188402
139;1069;0.3653140285968638
140;1069.5;0.36531756356571154
141;1070;0.365326368680662
142;1070.5;0.36533680389260925
143;1071;0.3653483509047526
144;1071.5;0.3653607294202911
145;1072;0.3653736592424238
146;1072.5;0.36538686037435
147;1073;0.36540005261926867
148;1073.5;0.3654129557803791
149;1074;0.3654252897608804
150;1074.5;0.36543733049632
151;1075;0.3654512821186683
152;1075.5;0.36546469613056076
153;1076;0.36547771068513074
154;1076.5;0.3654905725355111
155;1077;0.36550352863483504
156;1077.5;0.3655168258362358
157;1078;0.3655307108928462
158;1078.5;0.3655454307577997
159;1079;0.3655612321842292
160;1079.5;0.365578770691242
161;1080;0.36559919826750703
162;1080.5;0.36562010051005467
163;1081;0.3656412923416449
164;1081.5;0.3656626498850377
165;1082;0.36568404956299305
166;1082.5;0.365705367498271
167;1083;0.3657264798136314
168;1083.5;0.3657472628318343
169;1084;0.36576759277563975
170;1084.5;0.36578693101077686
171;1085;0.365804132123545
172;1085.5;0.3658204673896871
173;1086;0.3658362398271821
174;1086.5;0.3658517353540095
175;1087;0.3658672399881482
176;1087.5;0.36588303954757756
177;1088;0.3658994199502768
178;1088.5;0.365916667214225
179;1089;0.3659350672574012
180;1089.5;0.3659556798493919
181;1090;0.3659805545207832
182;1090.5;0.36600834780225633
183;1091;0.3660385325700605
184;1091.5;0.36607058980044505
185;1092;0.36610400056965914
186;1092.5;0.3661382461539521
187;1093;0.3661728074295731
188;1093.5;0.3662071657727714
189;1094;0.3662408021597964
190;1094.5;0.3662754412624987
191;1095;0.3663175066555504
192;1095.5;0.36636530565325864
193;1096;0.3664167799191832
194;1096.5;0.36646987341688375
195;1097;0.3665225300099201
196;1097.5;0.36657269396185194
197;1098;0.36661830893623926
198;1098.5;0.3666573191966415
199;1099;0.36668766850661877
200;1099.5;0.3667091867649411
201;1100;0.36672718454373726
202;1100.5;0.3667428480276712
203;1101;0.36675633586070394
204;1101.5;0.3667678047867969
205;1102;0.3667774112499111
206;1102.5;0.36678531189400787
207;1103;0.36679166336304814
208;1103.5;0.3667966221009934
209;1104;0.3668003447518047
210;1104.5;0.3668023716989751
211;1105;0.36680172534809075
212;1105.5;0.3667993434971929
213;1106;0.3667957666546583
214;1106.5;0.36679153432886336
215;1107;0.3667871860281847
216;1107.5;0.3667832612609991
217;1108;0.3667802996356828
218;1108.5;0.3667788406606126
219;1109;0.36677942374416517
220;1109.5;0.366783120503899
221;1110;0.36679176417007664
222;1110.5;0.3668052664497005
223;1111;0.3668228549947859
224;1111.5;0.3668437566573478
225;1112;0.36686719828940123
226;1112.5;0.36689240644296145
227;1113;0.3669186081700436
228;1113.5;0.3669450300226627
229;1114;0.36697089885283385
230;1114.5;0.36699817502945487
231;1115;0.36703142303388436
232;1115.5;0.36706848757000643
233;1116;0.3671086643540963
234;1116.5;0.36715125210242894
235;1117;0.36719554973127944
236;1117.5;0.367240855956923
237;1118;0.3672864695956348
238;1118.5;0.3673316893636898
239;1119;0.36737581407736314
240;1119.5;0.36742009234548656
241;1120;0.3674674894843043
242;1120.5;0.3675160976159781
243;1121;0.3675656781812915
244;1121.5;0.3676159975210281
245;1122;0.36766682187597166
246;1122.5;0.36771791758690586
247;1123;0.3677690508946144
248;1123.5;0.36781998813988087
249;1124;0.36787049576348896
250;1124.5;0.3679223861561895
251;1125;0.36797745302473867
252;1125.5;0.368032047971136
253;1126;0.3680860540547032
254;1126.5;0.3681393679347619
255;1127;0.36819188627063376
256;1127.5;0.3682435057216404
257;1128;0.36829412294710334
258;1128.5;0.3683436345063445
259;1129;0.3683919371586853
260;1129.5;0.3684406633769973
261;1130;0.36849234635335343
262;1130.5;0.368543931538121
263;1131;0.36859524082108946
264;1131.5;0.36864611759204874
265;1132;0.3686964050407882
266;1132.5;0.3687459462570977
267;1133;0.36879458463076686
268;1133.5;0.36884216345158516
269;1134;0.36888852580934234
270;1134.5;0.3689329620406955
271;1135;0.36897448788570647
272;1135.5;0.36901423477960427
273;1136;0.369052970421602
274;1136.5;0.3690914567109126
275;1137;0.3691304561467489
276;1137.5;0.36917073082832375
277;1138;0.3692130429548501
278;1138.5;0.36925815472554097
279;1139;0.3693068284396091
280;1139.5;0.369359504068478
281;1140;0.3694181649195255
282;1140.5;0.369485970579795
283;1141;0.36956131230100625
284;1141.5;0.3696425111348791
285;1142;0.3697278885331335
286;1142.5;0.3698157658474891
287;1143;0.36990446432966584
288;1143.5;0.36999230543138334
289;1144;0.37007761020436153
290;1144.5;0.3701619072784744
291;1145;0.3702542353895094
292;1145.5;0.3703558458811681
293;1146;0.3704655829243423
294;1146.5;0.37058223858992373
295;1147;0.37070460484880413
296;1147.5;0.37083147387187515
297;1148;0.37096163753002864
298;1148.5;0.3710938880941563
299;1149;0.37122701743514985
300;1149.5;0.37136367786545116
301;1150;0.3715142863241936
302;1150.5;0.3716745989519845
303;1151;0.3718420099579417
304;1151.5;0.37201401345118257
305;1152;0.37218810374082506
306;1152.5;0.37236177503598655
307;1153;0.37253252154578487
308;1153.5;0.3726978373793375
309;1154;0.3728552168457621
310;1154.5;0.37300493534225965
311;1155;0.3731555846440898
312;1155.5;0.37330508559854686
313;1156;0.37345295272585377
314;1156.5;0.37359884524623327
315;1157;0.3737424223799084
316;1157.5;0.37388334344710183
317;1158;0.37402126766803667
318;1158.5;0.3741558543629357
319;1159;0.37428676275202155
320;1159.5;0.3744141252607919
321;1160;0.3745408784682843
322;1160.5;0.3746692594868909
323;1161;0.37479925672775477
324;1161.5;0.3749307355020187
325;1162;0.37506356132082586
326;1162.5;0.37519759959531934
327;1163;0.375332715836642
328;1163.5;0.37546877525593697
329;1164;0.37560564346434705
330;1164.5;0.3757418896141688
331;1165;0.37587286087427774
332;1165.5;0.3760061386455449
333;1166;0.3761425024041102
334;1166.5;0.37628196372611356
335;1167;0.37642453468769493
336;1167.5;0.37657022696499426
337;1168;0.3767190522341515
338;1168.5;0.37687102247130655
339;1169;0.37702614935259937
340;1169.5;0.37718518493960496
341;1170;0.3773537574182536
342;1170.5;0.3775384703626093
343;1171;0.37773804204370487
344;1171.5;0.37795015373257346
345;1172;0.37817248660024794
346;1172.5;0.37840272181776113
347;1173;0.37863854065614616
348;1173.5;0.37887762418643595
349;1174;0.37911765367966344
350;1174.5;0.3793576115894358
351;1175;0.3796071361663568
352;1175.5;0.37986768345649685
353;1176;0.38013755894171447
354;1176.5;0.38041495520386837
355;1177;0.38069806462481715
356;1177.5;0.3809850798864192
357;1178;0.38127419327053325
358;1178.5;0.3815635974590178
359;1179;0.38185148493373156
360;1179.5;0.382136932872928
361;1180;0.3824293467585967
362;1180.5;0.38272970885304025
363;1181;0.38303552123637175
364;1181.5;0.38334434848870425
365;1182;0.38365375509015076
366;1182.5;0.38396130552082425
367;1183;0.3842645642608377
368;1183.5;0.3845610956903043
369;1184;0.384848464389337
370;1184.5;0.3851245132061859
371;1185;0.385393132800211
372;1185.5;0.38565879636604217
373;1186;0.3859219756006233
374;1186.5;0.3861823720008982
375;1187;0.3864396871638107
376;1187.5;0.3866936227863045
377;1188;0.3869438804653233
378;1188.5;0.387190161697811
379;1189;0.38743216828071125
380;1189.5;0.38766954312188123
381;1190;0.38790023597286477
382;1190.5;0.38812639070782046
383;1191;0.38834946655142033
384;1191.5;0.38856984282833634
385;1192;0.3887878987632407
386;1192.5;0.38900401358080544
387;1193;0.3892185667057027
388;1193.5;0.3894319374626044
389;1194;0.38964450487618274
390;1194.5;0.3898566828447165
391;1195;0.39007117225799137
392;1195.5;0.39028242148539166
393;1196;0.3904863300068155
394;1196.5;0.390681728802161
395;1197;0.39086744885132646
396;1197.5;0.39104232083420987
397;1198;0.39120517583070946
398;1198.5;0.39135484472072346
399;1199;0.39149015848414986
400;1199.5;0.391609953903955
401;1200;0.39172112871129344
402;1200.5;0.39182320567953316
403;1201;0.3919112964041256
404;1201.5;0.39198556218052194
405;1202;0.3920461645041737
406;1202.5;0.3920932647705322
407;1203;0.3921270242750487
408;1203.5;0.3921476046131745
409;1204;0.3921551670803612
410;1204.5;0.39214987317205974
411;1205;0.39212988864377885
412;1205.5;0.39208972055002944
413;1206;0.39202722040117316
414;1206.5;0.3919451218308315
415;1207;0.391846158272626
416;1207.5;0.3917330633601779
417;1208;0.3916085704271086
418;1208.5;0.39147541320703977
419;1209;0.3913363250335925
420;1209.5;0.3911940395403884
421;1210;0.3910390248899032
422;1210.5;0.39085094374840545
423;1211;0.3906305871499905
424;1211.5;0.3903834202703669
425;1212;0.3901149402852433
426;1212.5;0.38983064457032823
427;1213;0.38953603040133067
428;1213.5;0.389236595053959
429;1214;0.38893783590392195
430;1214.5;0.38864525032692826
431;1215;0.3883547255182007
432;1215.5;0.38804749390267784
433;1216;0.3877260825226691
434;1216.5;0.38739437549836586
435;1217;0.38705627764995965
436;1217.5;0.3867156936976419
437;1218;0.3863765286616042
438;1218.5;0.38604268736203784
439;1219;0.3857180746191344
440;1219.5;0.3854065952530853
441;1220;0.3851056791435064
442;1220.5;0.38479732240829484
443;1221;0.3844872524180737
444;1221.5;0.38417921756306656
445;1222;0.3838766768334967
446;1222.5;0.3835830890195876
447;1223;0.38330191321156243
448;1223.5;0.3830366080996448
449;1224;0.382790632674058
450;1224.5;0.3825674457250254
451;1225;0.3823663890333963
452;1225.5;0.38216871467980823
453;1226;0.3819741830899612
454;1226.5;0.3817850599411906
455;1227;0.3816035064108316
456;1227.5;0.3814316834762199
457;1228;0.3812717521146906
458;1228.5;0.3811258736035792
459;1229;0.380996208820221
460;1229.5;0.3808849188419513
461;1230;0.38079287672869905
462;1230.5;0.3807097840475793
463;1231;0.38062970585057704
464;1231.5;0.38055128408797223
465;1232;0.3804736343100453
466;1232.5;0.38039587176707645
467;1233;0.3803171119093459
468;1233.5;0.3802364699871339
469;1234;0.38015306145072064
470;1234.5;0.3800660016503866
471;1235;0.37997482724882775
472;1235.5;0.3798850664205794
473;1236;0.37979447843021574
474;1236.5;0.3797019654804846
475;1237;0.37960775867413377
476;1237.5;0.3795120896139112
477;1238;0.3794151896025647
478;1238.5;0.37931728994284225
479;1239;0.3792186219374916
480;1239.5;0.37911941708926084
481;1240;0.37901974212881734
482;1240.5;0.3789142058695586
483;1241;0.37880200232220124
484;1241.5;0.37868488434069025
485;1242;0.3785645423789708
486;1242.5;0.37844266709098795
487;1243;0.3783209490306867
488;1243.5;0.37820107875201225
489;1244;0.3780847468089096
490;1244.5;0.37797364375532394
491;1245;0.3778694308901186
492;1245.5;0.3777638626411264
493;1246;0.3776542612572817
494;1246.5;0.37754489233847
495;1247;0.37743749838457646
496;1247.5;0.37733382159548656
497;1248;0.37723560447108556
498;1248.5;0.3771445893112587
499;1249;0.37706251871589147
500;1249.5;0.376991134884869
501;1250;0.37693218031807685
502;1250.5;0.3768814794137085
503;1251;0.37683172858298136
504;1251.5;0.3767836072938057
505;1252;0.3767386233075822
506;1252.5;0.37669828498571123
507;1253;0.3766641004895936
508;1253.5;0.3766375781806298
509;1254;0.37662022632022035
510;1254.5;0.37661355326976587
511;1255;0.37661906719066707
512;1255.5;0.376637490217062
513;1256;0.376665579456108
514;1256.5;0.3766992375586794
515;1257;0.3767374164919479
516;1257.5;0.37677913362308535
517;1258;0.37682340671926345
518;1258.5;0.3768692533476539
519;1259;0.3769156911754288
520;1259.5;0.37696173776975944
521;1260;0.3770064106978179
522;1260.5;0.3770519061743248
523;1261;0.37710606781433575
524;1261.5;0.3771637289389142
525;1262;0.3772230083906349
526;1262.5;0.37728231331207207
527;1263;0.37734005024580025
528;1263.5;0.3773946262343938
529;1264;0.3774444480204273
530;1264.5;0.3774879224464752
531;1265;0.3775234562551119
532;1265.5;0.3775512173870455
533;1266;0.3775790687484151
534;1266.5;0.3776035048041993
535;1267;0.37762330698993984
536;1267.5;0.37763785514117915
537;1268;0.3776465291934591
538;1268.5;0.37764870888232177
539;1269;0.3776437741433092
540;1269.5;0.37763110491196344
541;1270;0.37761008092382664
542;1270.5;0.3775802799018001
543;1271;0.3775441166396011
544;1271.5;0.3775031980765958
545;1272;0.3774584900785334
546;1272.5;0.377411076911163
547;1273;0.3773620428402335
548;1273.5;0.3773124720314943
549;1274;0.3772634488506944
550;1274.5;0.37721605756358284
551;1275;0.37717138223590874
552;1275.5;0.3771301771202147
553;1276;0.37708488403109464
554;1276.5;0.3770381752516259
555;1277;0.3769928144749085
556;1277.5;0.3769492313940421
557;1278;0.37690785570212704
558;1278.5;0.3768691172922629
559;1279;0.37683344585754996
560;1279.5;0.37680127109108785
561;1280;0.37677302268597684
562;1280.5;0.37674910990504606
563;1281;0.3767251250794031
564;1281.5;0.3767002622629271
565;1282;0.37667706384294686
566;1282.5;0.3766562108067916
567;1283;0.37663838404179034
568;1283.5;0.3766242644352721
569;1284;0.37661453297456576
570;1284.5;0.37660987044700034
571;1285;0.37661095783990506
572;1285.5;0.37661847614060884
573;1286;0.3766333122386364
574;1286.5;0.37665394210348013
575;1287;0.3766782303773823
576;1287.5;0.37670583898265597
577;1288;0.3767364333416145
578;1288.5;0.37676967837657094
579;1289;0.3768052395098385
580;1289.5;0.37684278196373033
581;1290;0.3768819708605597
582;1290.5;0.37692247142263957
583;1291;0.37696858805622846
584;1291.5;0.37702795411238227
585;1292;0.37709405125782886
586;1292.5;0.37716405900219363
587;1293;0.3772352988551021
588;1293.5;0.3773050922261798
589;1294;0.377370760825052
590;1294.5;0.3774296259613443
591;1295;0.3774790091446821
592;1295.5;0.3775162319846908
593;1296;0.3775418717812493
594;1296.5;0.37756776434573525
595;1297;0.37759384417225267
596;1297.5;0.3776193829148635
597;1298;0.3776437594276295
598;1298.5;0.37766635266461274
599;1299;0.3776865416798748
600;1299.5;0.37770370522747754
601;1300;0.3777172224614829
602;1300.5;0.3777264722359527
603;1301;0.377730896982305
604;1301.5;0.37773140537512634
605;1302;0.37773248627295175
606;1302.5;0.37773468434995205
607;1303;0.37773772168029784
608;1303.5;0.37774132023816015
609;1304;0.3777452022977097
610;1304.5;0.37774908993311734
611;1305;0.37775270511855374
612;1305.5;0.3777557700281898
613;1306;0.3777580512399729
614;1306.5;0.3777597490566465
615;1307;0.37776028111214904
616;1307.5;0.3777597772999603
617;1308;0.3777584646135598
618;1308.5;0.3777565697464272
619;1309;0.3777543196920418
620;1309.5;0.3777519412438835
621;1310;0.3777496612954317
622;1310.5;0.377747706840166
623;1311;0.3777463547650516
624;1311.5;0.37775274468895115
625;1312;0.37776937490619533
626;1312.5;0.37779389004260333
627;1313;0.37782513262399464
628;1313.5;0.3778619453761882
629;1314;0.37790317062500367
630;1314.5;0.37794765109625994
631;1315;0.37799422931577664
632;1315.5;0.3780417478093727
633;1316;0.3780890492028676
634;1316.5;0.37814048998377964
635;1317;0.37819824300305216
636;1317.5;0.3782572266337103
637;1318;0.37831699686364606
638;1318.5;0.378377114980751
639;1319;0.378437142272917
640;1319.5;0.37849664012803563
641;1320;0.37855517003399863
642;1320.5;0.3786122931786977
643;1321;0.3786675710500247
644;1321.5;0.37872391400882305
645;1322;0.3787870660627604
646;1322.5;0.37885142046657727
647;1323;0.3789162373803844
648;1323.5;0.37898097006429254
649;1324;0.3790450713784124
650;1324.5;0.3791079946828546
651;1325;0.37916919283773004
652;1325.5;0.37922811890314917
653;1326;0.37928422613922286
654;1326.5;0.37933904956107145
655;1327;0.3794002565359297
656;1327.5;0.37946293724382113
657;1328;0.3795247074705902
658;1328.5;0.379583621402081
659;1329;0.37963773332413797
660;1329.5;0.3796850975226054
661;1330;0.3797237679833273
662;1330.5;0.379751799092148
663;1331;0.37976724503491177
664;1331.5;0.37976928858056663
665;1332;0.37976823223458833
666;1332.5;0.3797654489723881
667;1333;0.3797608063966635
668;1333.5;0.3797546326101119
669;1334;0.379747256015431
670;1334.5;0.3797390048153183
671;1335;0.37973020731247126
672;1335.5;0.37972119160958734
673;1336;0.3797122860093642
674;1336.5;0.37970373877956315
675;1337;0.37969332798480415
676;1337.5;0.379682041671089
677;1338;0.379671105857398
678;1338.5;0.3796610718627113
679;1339;0.3796524914060092
680;1339.5;0.37964591590627167
681;1340;0.3796418969824792
682;1340.5;0.37964098615361186
683;1341;0.37964373493864995
684;1341.5;0.3796506948485
685;1342;0.37966199356776464
686;1342.5;0.37967899850126197
687;1343;0.37970243426152034
688;1343.5;0.3797311999610682
689;1344;0.3797641944124339
690;1344.5;0.37980031662814595
691;1345;0.37983846532073245
692;1345.5;0.37987753950272196
693;1346;0.37991643818664295
694;1346.5;0.3799540600850236
695;1347;0.37999402277166017
696;1347.5;0.38004467141638804
697;1348;0.3801056236216186
698;1348.5;0.380174988549594
699;1349;0.38025085966255584
700;1349.5;0.3803313302227461
701;1350;0.38041449359240653
702;1350.5;0.38049844323377924
703;1351;0.3805812723091059
704;1351.5;0.3806610744806284
705;1352;0.38074015446910964
706;1352.5;0.38083203931980236
707;1353;0.38093607237442634
708;1353.5;0.38105096999312604
709;1354;0.38117548803604573
710;1354.5;0.38130838206332973
711;1355;0.38144840783512246
712;1355.5;0.3815943211115681
713;1356;0.38174487765281123
714;1356.5;0.381898833118996
715;1357;0.38205645631388047
716;1357.5;0.38222808090713106
717;1358;0.38241198478475374
718;1358.5;0.3826059199656434
719;1359;0.38280809146869554
720;1359.5;0.38301670411280503
721;1360;0.3832299629168672
722;1360.5;0.383446072899777
723;1361;0.3836632389804297
724;1361.5;0.38387966617772046
725;1362;0.38409376380330007
726;1362.5;0.38430920872493385
727;1363;0.3845276467838821
728;1363.5;0.3847488107487414
729;1364;0.38497254488810817
730;1364.5;0.38519869317057875
731;1365;0.38542709986474966
732;1365.5;0.3856576088392173
733;1366;0.3858900643625782
734;1366.5;0.38612431050342877
735;1367;0.38636019031990027
736;1367.5;0.3865969329286623
737;1368;0.38683499146493494
738;1368.5;0.38707521994173566
739;1369;0.38731796527208195
740;1369.5;0.3875635744689913
741;1370;0.38781239434548126
742;1370.5;0.38806477201456946
743;1371;0.3883210543892733
744;1371.5;0.38858158828261025
745;1372;0.38884672080759797
746;1372.5;0.3891176870044939
747;1373;0.3893952997688332
748;1373.5;0.3896782585104841
749;1374;0.3899655759194472
750;1374.5;0.3902562665857234
751;1375;0.3905493445993135
752;1375.5;0.3908438242502183
753;1376;0.39113872012843875
754;1376.5;0.39143304632397546
755;1377;0.3917258172268293
756;1377.5;0.39201780533421005
757;1378;0.3923142644979556
758;1378.5;0.39261427904183516
759;1379;0.3929161654689918
760;1379.5;0.3932182378825687
761;1380;0.3935188104857089
762;1380.5;0.39381619728155554
763;1381;0.39410871257325175
764;1381.5;0.3943946704639406
765;1382;0.3946723850567652
766;1382.5;0.39494086098207803
767;1383;0.3952035328501459
768;1383.5;0.3954579052962107
769;1384;0.3957036054851045
770;1384.5;0.39594076238165965
771;1385;0.3961695049507079
772;1385.5;0.39638996205708177
773;1386;0.39660226246561303
774;1386.5;0.39680653524113413
775;1387;0.39700290914847713
776;1387.5;0.39719150734681175
777;1388;0.3973726010851299
778;1388.5;0.3975449874177152
779;1389;0.39770923239181644
780;1389.5;0.3978667540546822
781;1390;0.39801897075356163
782;1390.5;0.3981673006357032
783;1391;0.398313161948356
784;1391.5;0.39845797273876854
785;1392;0.3986031512541899
786;1392.5;0.39875011396513205
787;1393;0.39889667824234243
788;1393.5;0.3990378126548456
789;1394;0.3991733863373592
790;1394.5;0.3993053179246018
791;1395;0.39943552585129116
792;1395.5;0.39956592875214547
793;1396;0.3996984451618827
794;1396.5;0.3998349937152209
795;1397;0.39997749304687846
796;1397.5;0.4001278614915732
797;1398;0.40029020823934713
798;1398.5;0.40046573004690816
799;1399;0.4006485319294212
800;1399.5;0.40083663697733635
801;1400;0.40102809148110374
802;1400.5;0.40122094173117356
803;1401;0.4014132340179956
804;1401.5;0.4016030146320202
805;1402;0.40178832986369734
806;1402.5;0.40196722600347723
807;1403;0.4021409890885265
808;1403.5;0.40231837065173004
809;1404;0.40249256047519105
810;1404.5;0.4026625759035193
811;1405;0.4028278591813244
812;1405.5;0.4029878527532162
813;1406;0.40314199886380414
814;1406.5;0.40328973985769806
815;1407;0.4034305181795076
816;1407.5;0.4035637760738423
817;1408;0.4036903061660425
818;1408.5;0.40382122934344655
819;1409;0.4039504962336693
820;1409.5;0.40407598476433904
821;1410;0.4041970270630843
822;1410.5;0.40431295505753334
823;1411;0.4044231008753143
824;1411.5;0.4045267965440556
825;1412;0.4046233739913855
826;1412.5;0.40471216534493226
827;1413;0.40479263680240624
828;1413.5;0.40486943242785794
829;1414;0.40494469072571054
830;1414.5;0.4050182910134178
831;1415;0.40509025630843337
832;1415.5;0.4051606098282107
833;1416;0.40522937459020375
834;1416.5;0.40529657361186605
835;1417;0.4053622302106511
836;1417.5;0.4054263673040127
837;1418;0.40548900800940446
838;1418.5;0.4055511153979575
839;1419;0.40561492326086074
840;1419.5;0.4056808839249465
841;1420;0.40574848931955165
842;1420.5;0.40581723107401346
843;1421;0.4058866009176687
844;1421.5;0.4059560904798545
845;1422;0.4060251915899077
846;1422.5;0.40609339597716543
847;1423;0.4061601953709646
848;1423.5;0.4062263287359295
849;1424;0.40629438787747063
850;1424.5;0.4063642117919445
851;1425;0.40643465187650474
852;1425.5;0.40650454992830537
853;1426;0.40657274724449993
854;1426.5;0.40663808542224256
855;1427;0.40669940605868665
856;1427.5;0.4067555507509864
857;1428;0.4068053608962954
858;1428.5;0.4068479401207055
859;1429;0.4068856074259707
860;1429.5;0.40692271096680316
861;1430;0.4069588713753328
862;1430.5;0.4069933893836897
863;1431;0.4070255660240035
864;1431.5;0.40705470212840444
865;1432;0.4070800986290221
866;1432.5;0.40710105645798655
867;1433;0.4071168764474276
868;1433.5;0.40712662503245295
869;1434;0.40712686885095684
870;1434.5;0.407120284933673
871;1435;0.40710853961541876
872;1435.5;0.4070926407310115
873;1436;0.40707359581526814
874;1436.5;0.4070524124030066
875;1437;0.4070300983290437
876;1437.5;0.4070076611281969
877;1438;0.4069861084352836
878;1438.5;0.406966429472956
879;1439;0.4069477386732695
880;1439.5;0.40692846498311097
881;1440;0.40690843211795286
882;1440.5;0.4068878494932681
883;1441;0.4068669268245292
884;1441.5;0.4068458736272085
885;1442;0.40682489951677897
886;1442.5;0.406804214008713
887;1443;0.4067840266184833
888;1443.5;0.40676454696156233
889;1444;0.4067446187031919
890;1444.5;0.4067229521873614
891;1445;0.4067004208355682
892;1445.5;0.4066776008922396
893;1446;0.4066550688018028
894;1446.5;0.406633401208685
895;1447;0.4066131742573136
896;1447.5;0.4065949646921158
897;1448;0.40657934875751894
898;1448.5;0.40656690289794994
899;1449;0.4065572330867582
900;1449.5;0.40654781968086173
901;1450;0.4065389664939921
902;1450.5;0.40653121554159516
903;1451;0.4065251090391165
904;1451.5;0.40652118940200177
905;1452;0.4065199986456968
906;1452.5;0.40652207918564737
907;1453;0.4065279732372991
908;1453.5;0.4065382230160977
909;1454;0.4065533140888835
910;1454.5;0.4065734942097289
911;1455;0.40659967338329617
912;1455.5;0.40663068512955836
913;1456;0.40666516736848857
914;1456.5;0.4067017578200603
915;1457;0.40673909450424617
916;1457.5;0.4067758151410197
917;1458;0.4068105577503539
918;1458.5;0.40684195995222183
919;1459;0.40686881313778905
920;1459.5;0.4068933288717873
921;1460;0.40691535089939873
922;1460.5;0.4069354301934232
923;1461;0.40695452482666106
924;1461.5;0.4069735931719121
925;1462;0.4069935931019767
926;1462.5;0.40701548288965483
927;1463;0.4070402206077467
928;1463.5;0.4070687645290523
929;1464;0.4071020741007002
930;1464.5;0.40714520793159237
931;1465;0.40719842026636127
932;1465.5;0.4072591173405421
933;1466;0.40732652438966943
934;1466.5;0.40739986684927854
935;1467;0.40747836995490416
936;1467.5;0.4075612589420811
937;1468;0.4076477591463445
938;1468.5;0.4077370957032291
939;1469;0.4078284941482699
940;1469.5;0.40792379503500353
941;1470;0.40802774208182147
942;1470.5;0.4081395873420085
943;1471;0.4082580367383402
944;1471.5;0.408381796193592
945;1472;0.4085095717305395
946;1472.5;0.4086400692719582
947;1473;0.4087719946406236
948;1473.5;0.40890405375931127
949;1474;0.4090349526507969
950;1474.5;0.4091653263902721
951;1475;0.40930092102733145
952;1475.5;0.40943880351223666
953;1476;0.4095776035108236
954;1476.5;0.4097160412889278
955;1477;0.40985283721238497
956;1477.5;0.40998671144703075
957;1478;0.4101163844587009
958;1478.5;0.410240576413231
959;1479;0.4103580076764565
960;1479.5;0.4104679625897207
961;1480;0.41057551929357083
962;1480.5;0.41067964191335804
963;1481;0.4107801792161963
964;1481.5;0.41087740276919993
965;1482;0.4109715840394831
966;1482.5;0.41106299459415985
967;1483;0.4111519057003443
968;1483.5;0.41123858892515075
969;1484;0.4113233157356933
970;1484.5;0.4114062916249324
971;1485;0.4114841280769378
972;1485.5;0.4115565453165848
973;1486;0.4116252015892945
974;1486.5;0.4116915316404877
975;1487;0.4117569701155852
976;1487.5;0.41182295156000787
977;1488;0.4118909109191766
978;1488.5;0.4119622826385122
979;1489;0.4120385015634357
980;1489.5;0.4121210023393676
981;1490;0.41221091731448645
982;1490.5;0.4123042294984819
983;1491;0.41239864422969885
984;1491.5;0.41249438966287677
985;1492;0.4125916939527552
986;1492.5;0.4126907851540736
987;1493;0.4127918916215715
988;1493.5;0.4128952413099882
989;1494;0.4130010624740634
990;1494.5;0.4131095832685364
991;1495;0.4132229677225691
992;1495.5;0.4133446161423383
993;1496;0.41347187749030895
994;1496.5;0.413604909963505
995;1497;0.4137438889589502
996;1497.5;0.4138889897736684
997;1498;0.4140403875046834
998;1498.5;0.4141982574490193
999;1499;0.41436277490369966
1000;1499.5;0.41453411506574855
1001;1500;0.41471389229268374
1002;1500.5;0.4149098637152752
1003;1501;0.41511943837022647
1004;1501.5;0.41533960753411936
1005;1502;0.4155674566835355
1006;1502.5;0.4158000710950568
1007;1503;0.416034536245265
1008;1503.5;0.41626793741074203
1009;1504;0.4164973600680694
1010;1504.5;0.41671988949382915
1011;1505;0.4169332474609524
1012;1505.5;0.41714656380040205
1013;1506;0.417361000229825
1014;1506.5;0.417574751151759
1015;1507;0.4177862698687419
1016;1507.5;0.4179940094833118
1017;1508;0.418196423398006
1018;1508.5;0.4183919648153628
1019;1509;0.4185790869379197
1020;1509.5;0.41875624306821446
1021;1510;0.4189219007957016
1022;1510.5;0.4190807553420474
1023;1511;0.41923986466235724
1024;1511.5;0.4193994839925782
1025;1512;0.4195589058686576
1026;1512.5;0.4197174231265424
1027;1513;0.41987432830217986
1028;1513.5;0.4200289141315171
1029;1514;0.42018047335050135
1030;1514.5;0.4203282984950795
1031;1515;0.42047168240119903
1032;1515.5;0.42060827001181667
1033;1516;0.42073754314070505
1034;1516.5;0.4208625341390528
1035;1517;0.42098472041022267
1036;1517.5;0.42110557905757756
1037;1518;0.42122658758448034
1038;1518.5;0.4213492230942938
1039;1519;0.42147496299038095
1040;1519.5;0.42160528447610457
1041;1520;0.42174166495482746
1042;1520.5;0.421884752942582
1043;1521;0.4220323961854896
1044;1521.5;0.42218443993101235
1045;1522;0.42234037478951814
1046;1522.5;0.4224996829713752
1047;1523;0.42266184668695156
1048;1523.5;0.42282634804661523
1049;1524;0.4229926693607344
1050;1524.5;0.42316029263967697
1051;1525;0.4233287001938112
1052;1525.5;0.4234982657240205
1053;1526;0.4236758920627225
1054;1526.5;0.4238613960580106
1055;1527;0.4240520867040777
1056;1527.5;0.4242452287951166
1057;1528;0.42443808682532014
1058;1528.5;0.4246279257888812
1059;1529;0.4248120101799927
1060;1529.5;0.4249876047928474
1061;1530;0.4251519743216382
1062;1530.5;0.4253025471233274
1063;1531;0.42544304162266827
1064;1531.5;0.4255762101528527
1065;1532;0.4257011380372607
1066;1532.5;0.4258167047992722
1067;1533;0.4259217898622675
1068;1533.5;0.4260152729496262
1069;1534;0.42609603338472885
1070;1534.5;0.4261629506909551
1071;1535;0.4262149042916851
1072;1535.5;0.42625077391029886
1073;1536;0.4262569914689351
1074;1536.5;0.42622299167440036
1075;1537;0.426152918234484
1076;1537.5;0.42605044927854746
1077;1538;0.42591926253595247
1078;1538.5;0.4257630358360608
1079;1539;0.42558544720823405
1080;1539.5;0.425390174381834
1081;1540;0.42518089518622226
1082;1540.5;0.4249612876507606
1083;1541;0.42472059069688195
1084;1541.5;0.42443077962024134
1085;1542;0.4240983744718047
1086;1542.5;0.42373197912555866
1087;1543;0.42334019685549007
1088;1543.5;0.42293163123558564
1089;1544;0.4225148859398322
1090;1544.5;0.42209856434221643
1091;1545;0.4216912700167252
1092;1545.5;0.4213016065373452
1093;1546;0.4209297539051657
1094;1546.5;0.4205391149354771
1095;1547;0.4201254724441513
1096;1547.5;0.4196976502750223
1097;1548;0.41926463867192404
1098;1548.5;0.4188354274786903
1099;1549;0.4184190068391551
1100;1549.5;0.41802436679715244
1101;1550;0.4176604973965163
1102;1550.5;0.4173363886810805
1103;1551;0.41705846909014843
1104;1551.5;0.4168012698241791
1105;1552;0.4165532371205859
1106;1552.5;0.4163171753486033
1107;1553;0.41609648537746596
1108;1553.5;0.4158945681764087
1109;1554;0.4157148246146659
1110;1554.5;0.4155606556614722
1111;1555;0.41543546228606215
1112;1555.5;0.41534264535767046
1113;1556;0.41528551170716055
1114;1556.5;0.41525939383341004
1115;1557;0.4152542307401529
1116;1557.5;0.41526742647885434
1117;1558;0.41529754860097984
1118;1558.5;0.41534316465799465
1119;1559;0.4154028424013642
1120;1559.5;0.4154751492825538
1121;1560;0.4155586530530287
1122;1560.5;0.4156519211642545
1123;1561;0.41575352126769616
1124;1561.5;0.41587387293470474
1125;1562;0.4160210630359476
1126;1562.5;0.4161883264237477
1127;1563;0.41637068567889113
1128;1563.5;0.41656316318216396
1129;1564;0.41676078141435263
1130;1564.5;0.4169585629562431
1131;1565;0.41715153008862177
1132;1565.5;0.4173347053922747
1133;1566;0.41750311124798795
1134;1566.5;0.4176603076778077
1135;1567;0.4178218010215389
1136;1567.5;0.4179829803717678
1137;1568;0.4181410640077033
1138;1568.5;0.4182932698085537
1139;1569;0.4184368161535275
1140;1569.5;0.41856892102183324
1141;1570;0.4186868025926794
1142;1570.5;0.4187876790452744
1143;1571;0.41886876845882687
1144;1571.5;0.4189293572401186
1145;1572;0.41897689834140345
1146;1572.5;0.41900842119935966
1147;1573;0.419023822591269
1148;1573.5;0.4190231134944139
1149;1574;0.41900630448607645
1150;1574.5;0.4189734063435385
1151;1575;0.41892442984408246
1152;1575.5;0.41885938566499037
1153;1576;0.4187782846835443
1154;1576.5;0.4186807097989013
1155;1577;0.4185618040880342
1156;1577.5;0.41842308689915725
1157;1578;0.41826812218693965
1158;1578.5;0.41810047260605004
1159;1579;0.4179237013111573
1160;1579.5;0.41774137105693027
1161;1580;0.41755704469803767
1162;1580.5;0.41737428518914843
1163;1581;0.41719665528493144
1164;1581.5;0.4170274556135206
1165;1582;0.41684835373334855
1166;1582.5;0.416655679965695
1167;1583;0.4164563683204081
1168;1583.5;0.4162561355073362
1169;1584;0.4160606981363271
1170;1584.5;0.4158757729172294
1171;1585;0.4157070766598909
1172;1585.5;0.41556032607416
1173;1586;0.41544123776988473
1174;1586.5;0.4153555284569134
1175;1587;0.41529027202997204
1176;1587.5;0.41522688236256683
1177;1588;0.41516879517694516
1178;1588.5;0.4151179231397736
1179;1589;0.41507617921771844
1180;1589.5;0.4150454758774463
1181;1590;0.41502772598562354
1182;1590.5;0.4150248423089165
1183;1591;0.4150387374139921
1184;1591.5;0.4150713241675164
1185;1592;0.41511973417955533
1186;1592.5;0.41517165990307336
1187;1593;0.41522578684779665
1188;1593.5;0.415281566214845
1189;1594;0.41533844910533874
1190;1594.5;0.41539588672039773
1191;1595;0.4154533299611419
1192;1595.5;0.4155102301286916
1193;1596;0.4155660382241663
1194;1596.5;0.41562020554868645
1195;1597;0.4156728636213748
1196;1597.5;0.41572683226083573
1197;1598;0.4157815074796143
1198;1598.5;0.4158362297656919
1199;1599;0.41589034840705025
1200;1599.5;0.4159432128916709
1201;1600;0.4159941724075356
1202;1600.5;0.4160425763426259
1203;1601;0.41608777408492353
1204;1601.5;0.4161291149224099
1205;1602;0.4161649261846091
1206;1602.5;0.41618237578568806
1207;1603;0.4161799890642849
1208;1603.5;0.4161605376507572
1209;1604;0.41612678867546304
1210;1604.5;0.4160815095687602
1211;1605;0.4160274674610065
1212;1605.5;0.4159674297825597
1213;1606;0.41590416356377774
1214;1606.5;0.41584043623501826
1215;1607;0.41577879810315477
1216;1607.5;0.41570898005787094
1217;1608;0.4156265077365725
1218;1608.5;0.4155329848407103
1219;1609;0.4154297362717344
1220;1609.5;0.41531808703109563
1221;1610;0.4151993622202448
1222;1610.5;0.4150748868406323
1223;1611;0.41494598579370867
1224;1611.5;0.41481398418092474
1225;1612;0.4146802070037309
1226;1612.5;0.41454167397235403
1227;1613;0.4143936313692846
1228;1613.5;0.4142365541934381
1229;1614;0.41407105536796485
1230;1614.5;0.41389774781601485
1231;1615;0.4137172444607386
1232;1615.5;0.4135301585252864
1233;1616;0.4133371027328083
1234;1616.5;0.41313869010645465
1235;1617;0.4129355336693756
1236;1617.5;0.4127251849036383
1237;1618;0.4125013279159897
1238;1618.5;0.4122655696896581
1239;1619;0.41202053318140414
1240;1619.5;0.4117688413479881
1241;1620;0.41151311714617045
1242;1620.5;0.41125598363271143
1243;1621;0.41100006386437177
1244;1621.5;0.41074798069791163
1245;1622;0.41050235709009153
1246;1622.5;0.4102625510592973
1247;1623;0.4100180432607729
1248;1623.5;0.4097708015186686
1249;1624;0.40952313879377045
1250;1624.5;0.40927736404686427
1251;1625;0.4090357860387363
1252;1625.5;0.40880071373017246
1253;1626;0.40857445618195865
1254;1626.5;0.4083593222548808
1255;1627;0.4081576209097252
1256;1627.5;0.4079699888715088
1257;1628;0.4077825624680901
1258;1628.5;0.40759191127573746
1259;1629;0.40740119697277183
1260;1629.5;0.4072136983375138
1261;1630;0.40703269414828425
1262;1630.5;0.40686146318340377
1263;1631;0.40670328432119307
1264;1631.5;0.4065614364399731
1265;1632;0.4064391982180644
1266;1632.5;0.40633922351491725
1267;1633;0.4062467366774908
1268;1633.5;0.4061500426795378
1269;1634;0.4060504954754321
1270;1634.5;0.4059502212195477
1271;1635;0.4058513460662585
1272;1635.5;0.4057559963699385
1273;1636;0.4056662981849614
1274;1636.5;0.4055843777657013
1275;1637;0.405512361366532
1276;1637.5;0.40545236921539524
1277;1638;0.4054033439168411
1278;1638.5;0.4053586795662607
1279;1639;0.4053173053196809
1280;1639.5;0.40527935113312835
1281;1640;0.4052449466626295
1282;1640.5;0.4052142216642112
1283;1641;0.4051873056939003
1284;1641.5;0.40516432870772323
1285;1642;0.40514542036170687
1286;1642.5;0.40513071021187763
1287;1643;0.4051252067634198
1288;1643.5;0.4051334006437842
1289;1644;0.4051526867749546
1290;1644.5;0.40518133364359593
1291;1645;0.4052176098363735
1292;1645.5;0.40525978393995266
1293;1646;0.4053061242409982
1294;1646.5;0.40535489942617586
1295;1647;0.40540437798215034
1296;1647.5;0.40545282829558715
1297;1648;0.4055013695433162
1298;1648.5;0.40555327247923767
1299;1649;0.40560646315005844
1300;1649.5;0.40566118437879106
1301;1650;0.40571767908844797
1302;1650.5;0.40577619030204143
1303;1651;0.405836960842584
1304;1651.5;0.4059002337330879
1305;1652;0.40596625189656566
1306;1652.5;0.4060352581560297
1307;1653;0.4061082360624638
1308;1653.5;0.40618611006249344
1309;1654;0.4062654424970374
1310;1654.5;0.4063467143986748
1311;1655;0.40643043289998476
1312;1655.5;0.40651710473354613
1313;1656;0.40660723683193806
1314;1656.5;0.4067013360277395
1315;1657;0.40679990935352955
1316;1657.5;0.40690346354188733
1317;1658;0.40701257541740493
1318;1658.5;0.4071255441787339
1319;1659;0.40723667147639314
1320;1659.5;0.40734700003956625
1321;1660;0.40745786719743676
1322;1660.5;0.407570610579188
1323;1661;0.40768656781400353
1324;1661.5;0.4078070762310667
1325;1662;0.40793347355956133
1326;1662.5;0.4080670972286704
1327;1663;0.4082091773038986
1328;1663.5;0.40835710692123045
1329;1664;0.40850539876808883
1330;1664.5;0.4086539541129318
1331;1665;0.4088032428242176
1332;1665.5;0.4089537348704043
1333;1666;0.40910590021994986
1334;1666.5;0.4092602088413127
1335;1667;0.40941713070295077
1336;1667.5;0.4095771357733221
1337;1668;0.4097406904857414
1338;1668.5;0.40990738915499214
1339;1669;0.41007851547638297
1340;1669.5;0.41025434203742056
1341;1670;0.41043465282561187
1342;1670.5;0.4106192319284636
1343;1671;0.41080786363348265
1344;1671.5;0.4110003318281759
1345;1672;0.4111964208000499
1346;1672.5;0.41139591443661166
1347;1673;0.41159859702536805
1348;1673.5;0.4118070031348733
1349;1674;0.4120242982101755
1350;1674.5;0.4122501257842364
1351;1675;0.41248428985850316
1352;1675.5;0.41272659413442253
1353;1676;0.4129768423134414
1354;1676.5;0.413234838297007
1355;1677;0.41350038588656635
1356;1677.5;0.41377328868356605
1357;1678;0.4140533505894532
1358;1678.5;0.41434671343022755
1359;1679;0.4146691253881575
1360;1679.5;0.41501955986570216
1361;1680;0.4153947928366466
1362;1680.5;0.4157916004747756
1363;1681;0.41620675895387416
1364;1681.5;0.41663704434772725
1365;1682;0.41707923293011956
1366;1682.5;0.4175301005748363
1367;1683;0.4179864236556622
1368;1683.5;0.4184530808880349
1369;1684;0.41896080040768136
1370;1684.5;0.4195120398669273
1371;1685;0.4201032367935074
1372;1685.5;0.42073082881515644
1373;1686;0.42139125345960926
1374;1686.5;0.4220809482546005
1375;1687;0.42279635092786505
1376;1687.5;0.42353389890713744
1377;1688;0.42429002992015263
1378;1688.5;0.4250672315531503
1379;1689;0.42590103936753493
1380;1689.5;0.4267923930659564
1381;1690;0.42773476694413654
1382;1690.5;0.42872163669779717
1383;1691;0.4297464777226601
1384;1691.5;0.4308027658144472
1385;1692;0.43188397646888027
1386;1692.5;0.4329835851816812
1387;1693;0.43409506774857176
1388;1693.5;0.4352144764799717
1389;1694;0.43636850375225844
1390;1694.5;0.43756133525892926
1391;1695;0.43878691556054694
1392;1695.5;0.4400391777176743
1393;1696;0.4413120544908743
1394;1696.5;0.4425994787407098
1395;1697;0.4438953835277437
1396;1697.5;0.4451937015125386
1397;1698;0.4464883658556576
1398;1698.5;0.44777416555342464
1399;1699;0.4490707931273116
1400;1699.5;0.4503775213659561
1401;1700;0.451689058837598
1402;1700.5;0.453001153710476
1403;1701;0.4543095542528296
1404;1701.5;0.45561000853289785
1405;1702;0.45689826451892
1406;1702.5;0.4581700705791352
1407;1703;0.45942117478178285
1408;1703.5;0.460647450889371
1409;1704;0.4618722947734219
1410;1704.5;0.4631055651725157
1411;1705;0.46433709034329923
1412;1705.5;0.4655575279424197
1413;1706;0.466757535826524
1414;1706.5;0.4679277717522591
1415;1707;0.4690588935762718
1416;1707.5;0.4701415589552095
1417;1708;0.4711664259457187
1418;1708.5;0.4721241521044468
1419;1709;0.47304116807369023
1420;1709.5;0.4739524358512172
1421;1710;0.47484695075230954
1422;1710.5;0.4757131208400658
1423;1711;0.4765393540775837
1424;1711.5;0.47731405862796183
1425;1712;0.478025642454298
1426;1712.5;0.4786625138196907
1427;1713;0.4792130805872377
1428;1713.5;0.47966575102003767
1429;1714;0.48004946108825397
1430;1714.5;0.4804324391559116
1431;1715;0.48080657916396613
1432;1715.5;0.4811612043962713
1433;1716;0.48148563833668057
1434;1716.5;0.48176920446904764
1435;1717;0.48200122597722644
1436;1717.5;0.4821710264450704
1437;1718;0.48226792925643336
1438;1718.5;0.4822812576951689
1439;1719;0.4822146257477947
1440;1719.5;0.48210017266525507
1441;1720;0.4819411264330963
1442;1720.5;0.4817422873470106
1443;1721;0.48150845540268994
1444;1721.5;0.4812444309958265
1445;1722;0.4809550141221125
1446;1722.5;0.4806450049772398
1447;1723;0.4803192037569007
1448;1723.5;0.47998241065678726
1449;1724;0.4796345381458484
1450;1724.5;0.4792560204276047
1451;1725;0.47884647791093216
1452;1725.5;0.478413077405974
1453;1726;0.47796298822287364
1454;1726.5;0.47750337997177433
1455;1727;0.4770414219628193
1456;1727.5;0.4765842835061519
1457;1728;0.4761391342119154
1458;1728.5;0.4757131433902531
1459;1729;0.4753079757029949
1460;1729.5;0.4748935869110104
1461;1730;0.47446919241557917
1462;1730.5;0.4740424949948875
1463;1731;0.47362122342712254
1464;1731.5;0.4732131066904711
1465;1732;0.4728258735631198
1466;1732.5;0.47246725282325547
1467;1733;0.47214497344906503
1468;1733.5;0.4718667642187353
1469;1734;0.47163791216287826
1470;1734.5;0.4714385570401166
1471;1735;0.4712641421515576
1472;1735.5;0.47111732281752516
1473;1736;0.471000788858343
1474;1736.5;0.470917230194335
1475;1737;0.4708693365458247
1476;1737.5;0.4708597978331362
1477;1738;0.47089130397659285
1478;1738.5;0.4709665447965189
1479;1739;0.4710881904908
1480;1739.5;0.47125629638561206
1481;1740;0.4714659934942819
1482;1740.5;0.47171104476996717
1483;1741;0.4719851409658258
1484;1741.5;0.47228197233501523
1485;1742;0.47259522923069347
1486;1742.5;0.472918602406018
1487;1743;0.47324578191414657
1488;1743.5;0.47357045850823704
1489;1744;0.4738871490068327
1490;1744.5;0.47422393727466056
1491;1745;0.4745911078310753
1492;1745.5;0.4749787944128367
1493;1746;0.4753769574567047
1494;1746.5;0.4757755570994392
1495;1747;0.47616455347779996
1496;1747.5;0.4765339068285469
1497;1748;0.47687357728843993
1498;1748.5;0.477173524994239
1499;1749;0.4774237874918043
1500;1749.5;0.4776294928839194
1501;1750;0.47780108397509446
1502;1750.5;0.4779391891609738
1503;1751;0.4780439850372016
1504;1751.5;0.4781156482994226
1505;1752;0.4781543555432811
1506;1752.5;0.47816028346442135
1507;1753;0.47813360875848787
1508;1753.5;0.47807450812112506
1509;1754;0.47798315814797726
1510;1754.5;0.477844047468259
1511;1755;0.4776467710943619
1512;1755.5;0.47739831940043376
1513;1756;0.47710536567224004
1514;1756.5;0.47677458369554626
1515;1757;0.47641264665611793
1516;1757.5;0.47602622823972063
1517;1758;0.47562200173211966
1518;1758.5;0.4752066408190808
1519;1759;0.4747868188863694
1520;1759.5;0.4743505240329643
1521;1760;0.47387733634459456
1522;1760.5;0.47337243163478393
1523;1761;0.47284137756293865
1524;1761.5;0.4722897415884648
1525;1762;0.4717230913707686
1526;1762.5;0.4711469943692562
1527;1763;0.4705670182433338
1528;1763.5;0.46998873055240764
1529;1764;0.4694176987558837
1530;1764.5;0.4688481995440556
1531;1765;0.468265035453609
1532;1765.5;0.46767187345856553
1533;1766;0.467072473670118
1534;1766.5;0.4664705960994581
1535;1767;0.46587000075777835
1536;1767.5;0.4652744478562706
1537;1768;0.46468769730612725
1538;1768.5;0.46411350921854033
1539;1769;0.46355564360470203
1540;1769.5;0.4630098352888384
1541;1770;0.46246009103479135
1542;1770.5;0.46190909534354374
1543;1771;0.46136114085112456
1544;1771.5;0.46082052049356326
1545;1772;0.4602915270068892
1546;1772.5;0.4597784531271315
1547;1773;0.4592855916903197
1548;1773.5;0.4588172355324828
1549;1774;0.45837767748965036
1550;1774.5;0.45796441610678695
1551;1775;0.4575571389158351
1552;1775.5;0.4571545582806361
1553;1776;0.45675998220297986
1554;1776.5;0.4563767189846559
1555;1777;0.4560080767274541
1556;1777.5;0.45565736363316417
1557;1778;0.45532788790357576
1558;1778.5;0.4550229577404787
1559;1779;0.4547458812456626
1560;1779.5;0.45449509244130787
1561;1780;0.45425385665141205
1562;1780.5;0.4540199609079417
1563;1781;0.45379465291916643
1564;1781.5;0.45357918009335546
1565;1782;0.45337479023877847
1566;1782.5;0.4531827306637045
1567;1783;0.45300424907640335
1568;1783.5;0.4528405930851445
1569;1784;0.45269301019819697
1570;1784.5;0.4525605780962845
1571;1785;0.45243454496306035
1572;1785.5;0.4523135843968099
1573;1786;0.4521966658240708
1574;1786.5;0.4520827554713806
1575;1787;0.45197081976527687
1576;1787.5;0.45185982483229703
1577;1788;0.4517487369989787
1578;1788.5;0.45163652269185955
1579;1789;0.4515221480374768
1580;1789.5;0.4514051776564069
1581;1790;0.4512882058151134
1582;1790.5;0.45117162583720677
1583;1791;0.45105543610615906
1584;1791.5;0.4509396360054424
1585;1792;0.4508242253185287
1586;1792.5;0.4507092036288903
1587;1793;0.45059457031999894
1588;1793.5;0.4504803252753267
1589;1794;0.45036646787834583
1590;1794.5;0.4502529315317555
1591;1795;0.45013912089086394
1592;1795.5;0.45002486470316905
1593;1796;0.44991039051638404
1594;1796.5;0.44979593027822223
1595;1797;0.4496817161363963
1596;1797.5;0.44956798013861976
1597;1798;0.44945495433260546
1598;1798.5;0.4493428707660666
1599;1799;0.4492319614867165
1600;1799.5;0.449122246931973
1601;1800;0.44901187189151104
1602;1800.5;0.4488998952524928
1603;1801;0.44878749700152215
1604;1801.5;0.44867591782520383
1605;1802;0.44856639801014186
1606;1802.5;0.4484601781429406
1607;1803;0.4483584986102045
1608;1803.5;0.44826259979853794
1609;1804;0.44817372219454493
1610;1804.5;0.4480932687844178
1611;1805;0.44802339745444436
1612;1805.5;0.44796342089468083
1613;1806;0.4479108945995681
1614;1806.5;0.4478633302635469
1615;1807;0.4478182393810578
1616;1807.5;0.4477731336465416
1617;1808;0.447725524554439
1618;1808.5;0.4476729237991906
1619;1809;0.44761284287523734
1620;1809.5;0.4475430859901627
1621;1810;0.4474657539224635
1622;1810.5;0.44738451721439054
1623;1811;0.44730006271806094
1624;1811.5;0.44721290968559213
1625;1812;0.4471235772691015
1626;1812.5;0.44703258452070616
1627;1813;0.4469404506925236
1628;1813.5;0.446847694936671
1629;1814;0.4467548363052657
1630;1814.5;0.446661894255619
1631;1815;0.4465645519265619
1632;1815.5;0.4464635287392663
1633;1816;0.4463603566197526
1634;1816.5;0.4462565195940414
1635;1817;0.44615350188815306
1636;1817.5;0.4460527877281083
1637;1818;0.44595586113992747
1638;1818.5;0.4458642063496313
1639;1819;0.44577930758323997
1640;1819.5;0.4457019785950799
1641;1820;0.4456237045947038
1642;1820.5;0.44553812722512054
1643;1821;0.44544750363531554
1644;1821.5;0.44535458177427356
1645;1822;0.4452621093909799
1646;1822.5;0.4451728344344195
1647;1823;0.44508950485357757
1648;1823.5;0.44501486829743914
1649;1824;0.4449516728149895
1650;1824.5;0.44490226524549703
1651;1825;0.4448624339683741
1652;1825.5;0.4448259354839184
1653;1826;0.4447919306841067
1654;1826.5;0.44476001746091587
1655;1827;0.4447297940063228
1656;1827.5;0.4447008583123043
1657;1828;0.44467280857083724
1658;1828.5;0.4446452425738984
1659;1829;0.4446177586134648
1660;1829.5;0.44459007695454833
1661;1830;0.4445638443286697
1662;1830.5;0.4445406909719443
1663;1831;0.444519911887137
1664;1831.5;0.44450062737701257
1665;1832;0.4444819576443357
1666;1832.5;0.4444630231918711
1667;1833;0.44444294402238327
1668;1833.5;0.4444208405386373
1669;1834;0.44439583304339764
1670;1834.5;0.4443671444750237
1671;1835;0.4443332833607602
1672;1835.5;0.44428792594541394
1673;1836;0.4442327513478375
1674;1836.5;0.444170222286884
1675;1837;0.4441028016814065
1676;1837.5;0.44403295255025793
1677;1838;0.4439631377122912
1678;1838.5;0.4438958199863593
1679;1839;0.4438334623913153
1680;1839.5;0.4437784753883879
1681;1840;0.4437306252936721
1682;1840.5;0.4436831132688138
1683;1841;0.4436350251130815
1684;1841.5;0.4435861478257436
1685;1842;0.44353626830606885
1686;1842.5;0.4434851733533257
1687;1843;0.4434326500667827
1688;1843.5;0.4433784851457084
1689;1844;0.4433224656893713
1690;1844.5;0.44326374950979747
1691;1845;0.4431958261244908
1692;1845.5;0.44311882867341906
1693;1846;0.4430351255748578
1694;1846.5;0.44294708614708267
1695;1847;0.4428570795083687
1696;1847.5;0.442767475176992
1697;1848;0.4426806423712276
1698;1848.5;0.4425989503093512
1699;1849;0.4425247685096382
1700;1849.5;0.44246016578322733
1701;1850;0.44240422756728026
1702;1850.5;0.4423575893926195
1703;1851;0.442318149715594
1704;1851.5;0.44228352879255367
1705;1852;0.4422513466798478
1706;1852.5;0.4422192234338258
1707;1853;0.44218477941083734
1708;1853.5;0.44214563456723166
1709;1854;0.44209940915935836
1710;1854.5;0.44204372837126327
1711;1855;0.4419761872988854
1712;1855.5;0.44189526283837316
1713;1856;0.4418042636532296
1714;1856.5;0.44170682000695793
1715;1857;0.44160656236306106
1716;1857.5;0.44150712098504236
1717;1858;0.44141212623640486
1718;1858.5;0.44132520868065167
1719;1859;0.44124999848128593
1720;1859.5;0.4411896021885452
1721;1860;0.4411408065245025
1722;1860.5;0.441096395305072
1723;1861;0.44105592930957743
1724;1861.5;0.44101947691734295
1725;1862;0.4409871061076922
1726;1862.5;0.4409588850599494
1727;1863;0.4409348819534385
1728;1863.5;0.440915164967483
1729;1864;0.4408998022814073
1730;1864.5;0.4408903352425167
1731;1865;0.44089539838530795
1732;1865.5;0.4409151662398848
1733;1866;0.4409474596622706
1734;1866.5;0.4409900578084883
1735;1867;0.4410407399345611
1736;1867.5;0.44109728489651234
1737;1868;0.44115747195036475
1738;1868.5;0.4412190801521419
1739;1869;0.4412798886578666
1740;1869.5;0.44134171972890107
1741;1870;0.44142189007686544
1742;1870.5;0.4415185711593631
1743;1871;0.4416295889960532
1744;1871.5;0.4417528836065948
1745;1872;0.44188639481064695
1746;1872.5;0.4420280626278691
1747;1873;0.44217582707792025
1748;1873.5;0.44232762818045934
1749;1874;0.44248140575514583
1750;1874.5;0.442640525761467
1751;1875;0.44282515460713173
1752;1875.5;0.4430345044495578
1753;1876;0.4432662077762381
1754;1876.5;0.44351793317466565
1755;1877;0.4437873492323334
1756;1877.5;0.44407212463673423
1757;1878;0.4443699279753613
1758;1878.5;0.44467842793570717
1759;1879;0.44499529310526514
1760;1879.5;0.4453259033391184
1761;1880;0.44569254543334613
1762;1880.5;0.44609297576015716
1763;1881;0.44652352894866354
1764;1881.5;0.4469805506279771
1765;1882;0.4474603867272098
1766;1882.5;0.4479593829754737
1767;1883;0.4484738852018806
1768;1883.5;0.44900023913554243
1769;1884;0.4495347907055711
1770;1884.5;0.45008232861896263
1771;1885;0.4506605374480467
1772;1885.5;0.4512651945103384
1773;1886;0.45189108621588847
1774;1886.5;0.4525330012747474
1775;1887;0.4531857283969658
1776;1887.5;0.4538440562925943
1777;1888;0.45450277377168347
1778;1888.5;0.45515666944428385
1779;1889;0.45580053232044626
1780;1889.5;0.45643721888318156
1781;1890;0.457079164777251
1782;1890.5;0.45772454738529406
1783;1891;0.4583713919547847
1784;1891.5;0.4590177245331971
1785;1892;0.45966157066800595
1786;1892.5;0.4603009561066851
1787;1893;0.4609339067967088
1788;1893.5;0.4615584483855515
1789;1894;0.4621726067206871
1790;1894.5;0.4627760030459428
1791;1895;0.4633715312492133
1792;1895.5;0.4639607309418624
1793;1896;0.46454472411103714
1794;1896.5;0.465124632443885
1795;1897;0.4657015778275532
1796;1897.5;0.46627668214918894
1797;1898;0.4668510671959396
1798;1898.5;0.4674258547549524
1799;1899;0.4680021668133745
1800;1899.5;0.4685771719384494
1801;1900;0.46914670654334056
1802;1900.5;0.46971167671392866
1803;1901;0.470273735228929
1804;1901.5;0.470834534767057
1805;1902;0.4713957279070281
1806;1902.5;0.47195896732755765
1807;1903;0.47252590580736104
1808;1903.5;0.47309819592515356
1809;1904;0.47367748673369636
1810;1904.5;0.47426457852689463
1811;1905;0.47485993234137025
1812;1905.5;0.4754625487365387
1813;1906;0.47607077857181573
1814;1906.5;0.47668297280661676
1815;1907;0.4772974824003578
1816;1907.5;0.4779126582124542
1817;1908;0.47852685130232164
1818;1908.5;0.47913841252937567
1819;1909;0.4797457328870358
1820;1909.5;0.4803485879565862
1821;1910;0.48094555912002407
1822;1910.5;0.4815374611292989
1823;1911;0.48212595093636085
1824;1911.5;0.4827126852931598
1825;1912;0.4832993211516456
1826;1912.5;0.4838875152637681
1827;1913;0.48447892478147725
1828;1913.5;0.48507520625672285
1829;1914;0.4856779833081467
1830;1914.5;0.4862879281800573
1831;1915;0.486900214405572
1832;1915.5;0.4875138103689046
1833;1916;0.4881291959542686
1834;1916.5;0.48874685094587766
1835;1917;0.48936725512794554
1836;1917.5;0.4899908882846856
1837;1918;0.49061823020031187
1838;1918.5;0.49124976065903764
1839;1919;0.49188631354601553
1840;1919.5;0.49253037736943694
1841;1920;0.4931799596144417
1842;1920.5;0.49383313288176056
1843;1921;0.49448815897212456
1844;1921.5;0.49514330008626467
1845;1922;0.4957968179249116
1846;1922.5;0.49644697448879666
1847;1923;0.49709203187865036
1848;1923.5;0.497730251795204
1849;1924;0.49836123740113825
1850;1924.5;0.4989900342595499
1851;1925;0.4996169472626321
1852;1925.5;0.500241013632571
1853;1926;0.5008612128915518
1854;1926.5;0.5014765242617603
1855;1927;0.5020859271653817
1856;1927.5;0.5026884009246018
1857;1928;0.5032829249616058
1858;1928.5;0.5038684785985795
1859;1929;0.5044465008038774
1860;1929.5;0.5050222192450188
1861;1930;0.5055931080264587
1862;1930.5;0.5061572912052259
1863;1931;0.5067129545383496
1864;1931.5;0.5072582839828591
1865;1932;0.5077914651957836
1866;1932.5;0.5083106842341516
1867;1933;0.5088141266549929
1868;1933.5;0.5092999784153364
1869;1934;0.5097733497253669
1870;1934.5;0.5102428193055295
1871;1935;0.51070387837732
1872;1935.5;0.5111539369187569
1873;1936;0.5115904441078583
1874;1936.5;0.5120108486226427
1875;1937;0.5124125995411284
1876;1937.5;0.5127931456413337
1877;1938;0.513149935901277
1878;1938.5;0.5134804193050938
1879;1939;0.5137992331141815
1880;1939.5;0.5141191287557633
1881;1940;0.5144343721729779
1882;1940.5;0.5147396067089646
1883;1941;0.5150294761068619
1884;1941.5;0.5152986240098087
1885;1942;0.5155416939609442
1886;1942.5;0.5157533296034071
1887;1943;0.515928174780336
1888;1943.5;0.5160614821642082
1889;1944;0.5161772287031431
1890;1944.5;0.5162876859881409
1891;1945;0.5163900070172885
1892;1945.5;0.5164814462886715
1893;1946;0.5165592581003766
1894;1946.5;0.5166206966504896
1895;1947;0.5166630164370969
1896;1947.5;0.5166834715582844
1897;1948;0.5166793165121387
1898;1948.5;0.5166483008213711
1899;1949;0.5165955027445194
1900;1949.5;0.5165230565594037
1901;1950;0.5164326432819107
1902;1950.5;0.5163266440279279
1903;1951;0.516207439613343
1904;1951.5;0.5160774112540428
1905;1952;0.5159389398659149
1906;1952.5;0.5157944065648463
1907;1953;0.5156461922667244
1908;1953.5;0.5154934215916033
1909;1954;0.5153204407613792
1910;1954.5;0.5151272310723122
1911;1955;0.5149163340011967
1912;1955.5;0.5146902882248281
1913;1956;0.5144516318200008
1914;1956.5;0.5142029034635102
1915;1957;0.5139466414321509
1916;1957.5;0.5136853841027177
1917;1958;0.5134216699520058
1918;1958.5;0.5131535569749113
1919;1959;0.5128704569182574
1920;1959.5;0.5125739657150604
1921;1960;0.5122663360290873
1922;1960.5;0.5119497845241052
1923;1961;0.5116265274638809
1924;1961.5;0.5112987811121815
1925;1962;0.5109687619327739
1926;1962.5;0.5106386862894248
1927;1963;0.5103107704459013
1928;1963.5;0.5099836717760023
1929;1964;0.5096501826073753
1930;1964.5;0.5093046774606578
1931;1965;0.5089493522765098
1932;1965.5;0.5085866897955907
1933;1966;0.5082191732585606
1934;1966.5;0.5078492856060788
1935;1967;0.5074795097788054
1936;1967.5;0.5071123289173999
1937;1968;0.5067502081963562
1938;1968.5;0.50639382567362
1939;1969;0.5060401039930726
1940;1969.5;0.5056854164016383
1941;1970;0.5053310281462415
1942;1970.5;0.5049782145738078
1943;1971;0.5046282506312607
1944;1971.5;0.5042824116655256
1945;1972;0.503941972623527
1946;1972.5;0.5036082087521894
1947;1973;0.5032822267306616
1948;1973.5;0.5029628535713168
1949;1974;0.5026497843921435
1950;1974.5;0.5023424303867152
1951;1975;0.5020400970486059
1952;1975.5;0.5017420899713886
1953;1976;0.5014477147486376
1954;1976.5;0.5011562768739265
1955;1977;0.5008670819408284
1956;1977.5;0.5005794354429176
1957;1978;0.5002913617591148
1958;1978.5;0.4999965626242223
1959;1979;0.4996966364827816
1960;1979.5;0.49939494533330375
1961;1980;0.4990948094742997
1962;1980.5;0.4987995488042804
1963;1981;0.49851248342175686
1964;1981.5;0.4982369334252402
1965;1982;0.4979762187132414
1966;1982.5;0.4977336594842714
1967;1983;0.4975075873247897
1968;1983.5;0.4972898922902658
1969;1984;0.4970818710036619
1970;1984.5;0.49688456953569543
1971;1985;0.49669903585708364
1972;1985.5;0.496526318038544
1973;1986;0.4963674639507937
1974;1986.5;0.49622352156455
1975;1987;0.49609553905053055
1976;1987.5;0.495984563126985
1977;1988;0.495887835543588
1978;1988.5;0.4958018213439271
1979;1989;0.4957273140405034
1980;1989.5;0.49566499784581736
1981;1990;0.49561553327236973
1982;1990.5;0.49557958083266096
1983;1991;0.4955578009391918
1984;1991.5;0.495550854304463
1985;1992;0.4955594012409749
1986;1992.5;0.495585218940685
1987;1993;0.4956493297039401
1988;1993.5;0.4957557337250405
1989;1994;0.4958987695013157
1990;1994.5;0.49607308683009527
1991;1995;0.4962733356087088
1992;1995.5;0.4964941656344856
1993;1996;0.49673022690475566
1994;1996.5;0.4969761692168479
1995;1997;0.4972266425680923
1996;1997.5;0.4974828085369481
1997;1998;0.4977742105078324
1998;1998.5;0.49810078838651084
1999;1999;0.4984580493069279
2000;1999.5;0.49884160320302817
2001;2000;0.49924706030875604
2002;2000.5;0.49967003085805634
2003;2001;0.5001061246848733
2004;2001.5;0.5005509522231516
2005;2002;0.5010001234068356
2006;2002.5;0.5014635521943219
2007;2003;0.5019646087529267
2008;2003.5;0.5024946362890685
2009;2004;0.5030446199598041
2010;2004.5;0.5036057802221897
2011;2005;0.504169337433282
2012;2005.5;0.5047265121501374
2013;2006;0.5052685246298122
2014;2006.5;0.505786595529363
2015;2007;0.5062720569596029
2016;2007.5;0.506739616851218
2017;2008;0.5072022748479503
2018;2008.5;0.5076575695153143
2019;2009;0.508102532418824
2020;2009.5;0.5085341582239948
2021;2010;0.5089494411963408
2022;2010.5;0.5093453761013766
2023;2011;0.5097189573046168
2024;2011.5;0.5100671794715759
2025;2012;0.5103881414980452
2026;2012.5;0.510692286013083
2027;2013;0.5109818330489749
2028;2013.5;0.5112560313595487
2029;2014;0.5115163862986314
2030;2014.5;0.511764404920051
2031;2015;0.5120015944776349
2032;2015.5;0.5122294621252105
2033;2016;0.5124495149166053
2034;2016.5;0.5126632602056467
2035;2017;0.5128700144068105
2036;2017.5;0.5130649009092434
2037;2018;0.5132487442159881
2038;2018.5;0.5134240336547844
2039;2019;0.5135941395533724
2040;2019.5;0.513762432439492
2041;2020;0.513932282740883
2042;2020.5;0.5141070607852852
2043;2021;0.5142901372004388
2044;2021.5;0.5144848822140837
2045;2022;0.5146922424540359
2046;2022.5;0.514910661482695
2047;2023;0.515138386567556
2048;2023.5;0.5153761228734439
2049;2024;0.5156250092651835
2050;2024.5;0.5158861844076
2051;2025;0.516160786765518
2052;2025.5;0.5164499551037623
2053;2026;0.5167548281871582
2054;2026.5;0.5170786315806409
2055;2027;0.5174569737486708
2056;2027.5;0.5178975297078484
2057;2028;0.5183927462482336
2058;2028.5;0.5189363804598863
2059;2029;0.5195222396328664
2060;2029.5;0.5201441313572337
2061;2030;0.520795863023048
2062;2030.5;0.5214712419203696
2063;2031;0.5221640756392579
2064;2031.5;0.5228823399575494
2065;2032;0.5236748807947385
2066;2032.5;0.5245407639388387
2067;2033;0.5254727854510046
2068;2033.5;0.5264627002923902
2069;2034;0.5275022633241495
2070;2034.5;0.5285832295074367
2071;2035;0.5296973535034061
2072;2035.5;0.5308363904732116
2073;2036;0.5319920950780076
2074;2036.5;0.5331901652638565
2075;2037;0.5344588356237985
2076;2037.5;0.5357781620219317
2077;2038;0.5371342193889826
2078;2038.5;0.5385147051556777
2079;2039;0.5399073168527434
2080;2039.5;0.5412997519109062
2081;2040;0.5426797078608923
2082;2040.5;0.5440348821334287
2083;2041;0.5453581212787053
2084;2041.5;0.546718623845835
2085;2042;0.5481260309448688
2086;2042.5;0.5495572470485658
2087;2043;0.5509872724296843
2088;2043.5;0.5523910716609828
2089;2044;0.5537436096152201
2090;2044.5;0.5550198508651547
2091;2045;0.5561947601835453
2092;2045.5;0.5572433021431504
2093;2046;0.5581651074200427
2094;2046.5;0.5590243073445379
2095;2047;0.5598163237053093
2096;2047.5;0.5605322166623379
2097;2048;0.5611615983756043
2098;2048.5;0.5616940809050891
2099;2049;0.5621192767107732
2100;2049.5;0.5624267976526373
2101;2050;0.5626062561906618
2102;2050.5;0.562647254171569
2103;2051;0.562515646978572
2104;2051.5;0.5621995931392295
2105;2052;0.5617159601662323
2106;2052.5;0.5610820993722715
2107;2053;0.5603159533700381
2108;2053.5;0.5594354644722233
2109;2054;0.5584585751915181
2110;2054.5;0.5574032280406133
2111;2055;0.5562873654322003
2112;2055.5;0.555113602893916
2113;2056;0.5537610325892135
2114;2056.5;0.5522280406479132
2115;2057;0.5505510592741704
2116;2057.5;0.5487653661721412
2117;2058;0.5469061452459811
2118;2058.5;0.5450085805998462
2119;2059;0.5431078562378918
2120;2059.5;0.5412391562642739
2121;2060;0.5394376646831481
2122;2060.5;0.5376826598994375
2123;2061;0.5358799539026322
2124;2061.5;0.5340454206677285
2125;2062;0.5321991665606607
2126;2062.5;0.5303618298473627
2127;2063;0.5285540487937691
2128;2063.5;0.5267964619658141
2129;2064;0.5251097076294317
2130;2064.5;0.5235144242505559
2131;2065;0.5220294408333805
2132;2065.5;0.5206023691711362
2133;2066;0.5192079109056068
2134;2066.5;0.517855000457019
2135;2067;0.5165533946455991
2136;2067.5;0.515313090391573
2137;2068;0.5141440847151677
2138;2068.5;0.5130563742366088
2139;2069;0.5120599559761229
2140;2069.5;0.5111648268539363
2141;2070;0.5103600545581162
2142;2070.5;0.5095676580866126
2143;2071;0.5087886079787349
2144;2071.5;0.5080331722532698
2145;2072;0.5073137602290039
2146;2072.5;0.506642854224724
2147;2073;0.5060329360592168
2148;2073.5;0.5054964878512692
2149;2074;0.5050459916196676
2150;2074.5;0.5046939226394993
2151;2075;0.5043919602185155
2152;2075.5;0.5040913052808815
2153;2076;0.5037996746260223
2154;2076.5;0.5035237676533624
2155;2077;0.5032700717623266
2156;2077.5;0.5030450743523397
2157;2078;0.5028552626228263
2158;2078.5;0.5027071240732113
2159;2079;0.5026071459029193
2160;2079.5;0.5025563115619952
2161;2080;0.5025167303413682
2162;2080.5;0.502479478671957
2163;2081;0.5024425274028906
2164;2081.5;0.5024087827832989
2165;2082;0.5023817409623115
2166;2082.5;0.5023648979890574
2167;2083;0.5023617500126664
2168;2083.5;0.5023757929822678
2169;2084;0.5024105231469911
2170;2084.5;0.5024680140851523
2171;2085;0.5025478837140109
2172;2085.5;0.5026453159559121
2173;2086;0.5027528670967408
2174;2086.5;0.5028687129223829
2175;2087;0.5029910414187235
2176;2087.5;0.5031180404716479
2177;2088;0.5032478977670415
2178;2088.5;0.5033788011907896
2179;2089;0.5035092050452012
2180;2089.5;0.5036414925886696
2181;2090;0.5037772788691901
2182;2090.5;0.5039175660801212
2183;2091;0.50406278601482
2184;2091.5;0.5042132238666449
2185;2092;0.5043691645289538
2186;2092.5;0.5045308933951045
2187;2093;0.5046986955584547
2188;2093.5;0.5048728560123628
2189;2094;0.5050569159778051
2190;2094.5;0.5052564968622868
2191;2095;0.5054697678660075
2192;2095.5;0.505695516561721
2193;2096;0.5059322071221809
2194;2096.5;0.5061782845201408
2195;2097;0.5064321937283542
2196;2097.5;0.506692379719575
2197;2098;0.5069572875665564
2198;2098.5;0.5072259182924871
2199;2099;0.5075074767405133
2200;2099.5;0.5078051808976187
2201;2100;0.5081192155418177
2202;2100.5;0.5084483634511245
2203;2101;0.5087907233035532
2204;2101.5;0.5091443941771179
2205;2102;0.5095074748498327
2206;2102.5;0.5098780642997118
2207;2103;0.5102542615047694
2208;2103.5;0.5106383256805561
2209;2104;0.5110377198959377
2210;2104.5;0.5114477211400302
2211;2105;0.5118596614462545
2212;2105.5;0.5122732223480314
2213;2106;0.512688735078782
2214;2106.5;0.513106531071927
2215;2107;0.5135269416608874
2216;2107.5;0.513950298079084
2217;2108;0.5143772538243345
2218;2108.5;0.5148155577085303
2219;2109;0.5152699917743632
2220;2109.5;0.5157375190270389
2221;2110;0.5162147710717632
2222;2110.5;0.5167011080137417
2223;2111;0.5171958897581804
2224;2111.5;0.517698476410285
2225;2112;0.518208227775261
2226;2112.5;0.5187245039583142
2227;2113;0.5192494520769478
2228;2113.5;0.5197878441935933
2229;2114;0.5203373974836836
2230;2114.5;0.5208965469857816
2231;2115;0.5214625823384487
2232;2115.5;0.5220326310802472
2233;2116;0.5226038210497395
2234;2116.5;0.5231732797854871
2235;2117;0.5237381351260523
2236;2117.5;0.5242962516544708
2237;2118;0.5248577194414435
2238;2118.5;0.5254239017976243
2239;2119;0.5259902411831587
2240;2119.5;0.5265531477581934
2241;2120;0.5271102522828741
2242;2120.5;0.5276591852173472
2243;2121;0.5281975773217588
2244;2121.5;0.5287230592562551
2245;2122;0.5292332616809821
2246;2122.5;0.5297335664443041
2247;2123;0.5302365363776553
2248;2123.5;0.5307391471704155
2249;2124;0.5312362098341199
2250;2124.5;0.5317230749803035
2251;2125;0.532195271720501
2252;2125.5;0.5326483291662472
2253;2126;0.5330777762290773
2254;2126.5;0.5334791419205256
2255;2127;0.5338489689397589
2256;2127.5;0.5341964678871712
2257;2128;0.5345263368799898
2258;2128.5;0.5348411701038644
2259;2129;0.5351437554444448
2260;2129.5;0.5354362347873813
2261;2130;0.5357207498183232
2262;2130.5;0.535999442622921
2263;2131;0.536274454786824
2264;2131.5;0.5365479282956824
2265;2132;0.5368213114954261
2266;2132.5;0.537093736575169
2267;2133;0.5373640611498253
2268;2133.5;0.5376313758971902
2269;2134;0.5378944259950591
2270;2134.5;0.5381519024212273
2271;2135;0.5384024960534903
2272;2135.5;0.5386448979696433
2273;2136;0.5388777991474817
2274;2136.5;0.539098870666596
2275;2137;0.5393020079122965
2276;2137.5;0.5394898730055666
2277;2138;0.5396657381221106
2278;2138.5;0.5398335894376332
2279;2139;0.5399984293278388
2280;2139.5;0.5401652600684321
2281;2140;0.5403390838351175
2282;2140.5;0.5405249028035997
2283;2141;0.5407277046883563
2284;2141.5;0.540945896302033
2285;2142;0.5411759439903331
2286;2142.5;0.5414181928254372
2287;2143;0.5416719788795271
2288;2143.5;0.5419365409247848
2289;2144;0.5422111630333912
2290;2144.5;0.5424951290775282
2291;2145;0.5427877229293774
2292;2145.5;0.54308822846112
2293;2146;0.5433988385214006
2294;2146.5;0.5437287838289151
2295;2147;0.544077572359387
2296;2147.5;0.544445689724752
2297;2148;0.5448328738369456
2298;2148.5;0.5452375416079035
2299;2149;0.5456581097495615
2300;2149.5;0.5460929948738551
2301;2150;0.54654061369272
2302;2150.5;0.5470002043727993
2303;2151;0.5474879551799676
2304;2151.5;0.5480067709000782
2305;2152;0.548549337068676
2306;2152.5;0.549105116221306
2307;2153;0.5496720559935128
2308;2153.5;0.5502487546208409
2309;2154;0.5508338100388356
2310;2154.5;0.5514258204830415
2311;2155;0.5520233838890033
2312;2155.5;0.5526363982722884
2313;2156;0.5532822037368039
2314;2156.5;0.5539592101955487
2315;2157;0.5546619659406918
2316;2157.5;0.5553827307644024
2317;2158;0.5561142615588495
2318;2158.5;0.556849315416202
2319;2159;0.5575806493286292
2320;2159.5;0.5583010201882999
2321;2160;0.5590057521711216
2322;2160.5;0.5597050751839351
2323;2161;0.5603977205964165
2324;2161.5;0.5610804598449624
2325;2162;0.5617531853659699
2326;2162.5;0.5624161566958366
2327;2163;0.5630696100709589
2328;2163.5;0.5637137821277343
2329;2164;0.5643489091025596
2330;2164.5;0.5649753083505452
2331;2165;0.5655995620348511
2332;2165.5;0.5662261645860536
2333;2166;0.5668557428670574
2334;2166.5;0.5674878147407684
2335;2167;0.5681192946700915
2336;2167.5;0.5687467907179318
2337;2168;0.5693669107471949
2338;2168.5;0.569976262820786
2339;2169;0.5705714548016101
2340;2169.5;0.5711515310038685
2341;2170;0.5717189275762304
2342;2170.5;0.5722711932106106
2343;2171;0.5728078156724488
2344;2171.5;0.5733301099271848
2345;2172;0.5738378154402585
2346;2172.5;0.5743306695771098
2347;2173;0.5748084099031783
2348;2173.5;0.5752707737839041
2349;2174;0.5757190385348203
2350;2174.5;0.5761635464637674
2351;2175;0.5766031690049687
2352;2175.5;0.5770329299771804
2353;2176;0.5774442917991588
2354;2176.5;0.5778342695896601
2355;2177;0.5782005775674408
2356;2177.5;0.5785409302512565
2357;2178;0.5788530418598642
2358;2178.5;0.5791348707023177
2359;2179;0.5794051893799441
2360;2179.5;0.5796744741176125
2361;2180;0.5799392205733839
2362;2180.5;0.5801917081053196
2363;2181;0.5804249758714803
2364;2181.5;0.5806338002299274
2365;2182;0.580812957638722
2366;2182.5;0.5809572243559249
2367;2183;0.5810613769395976
2368;2183.5;0.5811386677322148
2369;2184;0.5812197981312675
2370;2184.5;0.5812982629529196
2371;2185;0.5813663917411315
2372;2185.5;0.5814164757398625
2373;2186;0.5814410176930732
2374;2186.5;0.5814325250447232
2375;2187;0.5813835053387726
2376;2187.5;0.5812864661191812
2377;2188;0.581139426472241
2378;2188.5;0.5809708256112266
2379;2189;0.5807885409141315
2380;2189.5;0.5805956338043488
2381;2190;0.5803944987052715
2382;2190.5;0.5801883489402928
2383;2191;0.5799805729328058
2384;2191.5;0.5797745593062035
2385;2192;0.579573696383879
2386;2192.5;0.5793811590251516
2387;2193;0.5791937138339557
2388;2193.5;0.579008957873877
2389;2194;0.5788266999911229
2390;2194.5;0.5786479864319009
2391;2195;0.5784723750424187
2392;2195.5;0.5782982451688834
2393;2196;0.5781239760575027
2394;2196.5;0.577947947054484
2395;2197;0.5777685374060351
2396;2197.5;0.5775846986544702
2397;2198;0.5773957171133629
2398;2198.5;0.5772003178454168
2399;2199;0.5769961702163705
2400;2199.5;0.5767816165919634
2401;2200;0.5765588724379347
2402;2200.5;0.5763302599200235
2403;2201;0.5760981018039688
2404;2201.5;0.57586472035551
2405;2202;0.5756315010375914
2406;2202.5;0.5753981393252717
2407;2203;0.5751670816844656
2408;2203.5;0.5749397429078054
2409;2204;0.5747095907879236
2410;2204.5;0.5744759070174522
2411;2205;0.5742395305890242
2412;2205.5;0.5740013004952719
2413;2206;0.5737620558288274
2414;2206.5;0.5735208930958262
2415;2207;0.5732663697146074
2416;2207.5;0.5729985658524751
2417;2208;0.5727203205614055
2418;2208.5;0.572434501893375
2419;2209;0.5721418997003596
2420;2209.5;0.5718426090343354
2421;2210;0.5715367250472786
2422;2210.5;0.5712243426911655
2423;2211;0.5709045501836953
2424;2211.5;0.570550406128081
2425;2212;0.5701557961694836
2426;2212.5;0.5697287486410506
2427;2213;0.5692775723759287
2428;2213.5;0.5688133324072646
2429;2214;0.5683485072682054
2430;2214.5;0.567895583191898
2431;2215;0.5674670463114891
2432;2215.5;0.5670753828601256
2433;2216;0.5667174484060762
2434;2216.5;0.5663816227509108
2435;2217;0.5660679587223069
2436;2217.5;0.5657766520094738
2437;2218;0.5655062163016215
2438;2218.5;0.5652516181879597
2439;2219;0.5650075791576978
2440;2219.5;0.5647688212000457
2441;2220;0.564530065904213
2442;2220.5;0.5642786879400008
2443;2221;0.5640001426908278
2444;2221.5;0.5637004489862364
2445;2222;0.5633859068994842
2446;2222.5;0.5630603330038282
2447;2223;0.5627360538725255
2448;2223.5;0.5624278332788335
2449;2224;0.5621504349960091
2450;2224.5;0.5619186226973097
2451;2225;0.5617410192802079
2452;2225.5;0.5616011724762481
2453;2226;0.5614976822666181
2454;2226.5;0.5614315339533351
2455;2227;0.5614022314384162
2456;2227.5;0.561401574923879
2457;2228;0.5614191041117406
2458;2228.5;0.5614443586040183
2459;2229;0.5614668778027294
2460;2229.5;0.5614757640660973
2461;2230;0.5614600166858429
2462;2230.5;0.5614171561808894
2463;2231;0.5613460568254096
2464;2231.5;0.5612529613935757
2465;2232;0.561156565759561
2466;2232.5;0.5610639177975377
2467;2233;0.5609816040816786
2468;2233.5;0.5609162112861565
2469;2234;0.5608748895345468
2470;2234.5;0.5608728837393351
2471;2235;0.560910367723656
2472;2235.5;0.5609816036930191
2473;2236;0.561079716252935
2474;2236.5;0.5611932685089138
2475;2237;0.561315326866466
2476;2237.5;0.5614396691311014
2477;2238;0.5615600733083308
2478;2238.5;0.5616705596313271
2479;2239;0.5617925657239977
2480;2239.5;0.5619437491232484
2481;2240;0.5621250403930087
2482;2240.5;0.5623379844972091
2483;2241;0.5625901449997797
2484;2241.5;0.5628807266646503
2485;2242;0.5632061519557515
2486;2242.5;0.5635628428370134
2487;2243;0.5639472217723661
2488;2243.5;0.564388189701328
2489;2244;0.5649095386885984
2490;2244.5;0.5654930490629645
2491;2245;0.5661205713493123
2492;2245.5;0.5667829438725287
2493;2246;0.5674695882574998
2494;2246.5;0.5681648917291122
2495;2247;0.5688532412122524
2496;2247.5;0.5695190240318067
2497;2248;0.5701676763831598
2498;2248.5;0.5708282360612104
2499;2249;0.5714988119637849
2500;2249.5;0.572176853774265
2501;2250;0.572856555576031

