Sample name;323-DNF7868H3601-01
Subsample name;子样品1
Subsample status;Finished
Operating procedure;OP:PA6采谱
Determination start;2026-06-15 06:13:02Z

MEAS SPEC;记录光谱 1;Met：采谱  1
MP list
#;Wavelength / nm;Absorbance / AU
1;1000;0.2745426249680395
2;1000.5;0.27466292274822807
3;1001;0.27476619600473084
4;1001.5;0.2748500220374045
5;1002;0.27491491363515047
6;1002.5;0.2749745825810779
7;1003;0.27503145709669574
8;1003.5;0.2750860112123494
9;1004;0.27513871895438485
10;1004.5;0.27519005435114774
11;1005;0.27524049143298374
12;1005.5;0.2752905042262387
13;1006;0.2753405667612582
14;1006.5;0.27539115306438805
15;1007;0.27544221737404884
16;1007.5;0.2754930452246871
17;1008;0.275544178716639
18;1008.5;0.2755960196926786
19;1009;0.2756489699955799
20;1009.5;0.275703431469117
21;1010;0.27575980595606386
22;1010.5;0.2758184953001944
23;1011;0.27587990134328294
24;1011.5;0.2759444259281031
25;1012;0.2760134568050384
26;1012.5;0.27609298489180145
27;1013;0.27618204831951804
28;1013.5;0.27627771962357983
29;1014;0.27637707133737843
30;1014.5;0.2764771759963055
31;1015;0.27657510613275266
32;1015.5;0.27666793428211156
33;1016;0.2767527329777737
34;1016.5;0.2768265747551309
35;1017;0.276888840802631
36;1017.5;0.27694416420471113
37;1018;0.27699428845779245
38;1018.5;0.27704047094592416
39;1019;0.2770839690531557
40;1019.5;0.2771260401615362
41;1020;0.27716794165411507
42;1020.5;0.2772109309149415
43;1021;0.2772562653270649
44;1021.5;0.2773052022735344
45;1022;0.2773593869496169
46;1022.5;0.2774175176619666
47;1023;0.27747814094581935
48;1023.5;0.2775401243579781
49;1024;0.27760233545124596
50;1024.5;0.2776636417844261
51;1025;0.2777229109103214
52;1025.5;0.2777790103867351
53;1026;0.27783080776747004
54;1026.5;0.2778771696894412
55;1027;0.27791708790607006
56;1027.5;0.2779512428674978
57;1028;0.27798087166644264
58;1028.5;0.2780071924716228
59;1029;0.27803142345275667
60;1029.5;0.27805478277856255
61;1030;0.27807848861975865
62;1030.5;0.27810375914506336
63;1031;0.2781318125241949
64;1031.5;0.2781638757277608
65;1032;0.2782014539066998
66;1032.5;0.2782447156247099
67;1033;0.2782923051327158
68;1033.5;0.27834279192764244
69;1034;0.2783947455054149
70;1034.5;0.2784467353609578
71;1035;0.27849733098919643
72;1035.5;0.2785451018870555
73;1036;0.2785886175504598
74;1036.5;0.2786264665188028
75;1037;0.2786588874660637
76;1037.5;0.2786885286871589
77;1038;0.27871596893016465
78;1038.5;0.2787416365101578
79;1039;0.27876595974221485
80;1039.5;0.27878936694041245
81;1040;0.2788122864198272
82;1040.5;0.27883514649553565
83;1041;0.2788583754816144
84;1041.5;0.27888241126089397
85;1042;0.2789073351026658
86;1042.5;0.2789326166079228
87;1043;0.27895847258696194
88;1043.5;0.2789851519120802
89;1044;0.27901290345357443
90;1044.5;0.2790419760827415
91;1045;0.2790726186698782
92;1045.5;0.27910508008728174
93;1046;0.2791396092052487
94;1046.5;0.27917667795287426
95;1047;0.27921867817478685
96;1047.5;0.27926490801864867
97;1048;0.2793142102771536
98;1048.5;0.279365449209995
99;1049;0.2794174890778669
100;1049.5;0.27946919413946275
101;1050;0.27951942865647633
102;1050.5;0.27956705688860123
103;1051;0.2796109430945313
104;1051.5;0.27965033338256506
105;1052;0.2796877257635799
106;1052.5;0.27972382298289566
107;1053;0.2797586015499989
108;1053.5;0.2797920341443766
109;1054;0.2798240934475154
110;1054.5;0.27985475213790206
111;1055;0.2798839828950235
112;1055.5;0.2799117584003663
113;1056;0.2799380513324174
114;1056.5;0.2799634023135696
115;1057;0.2799914479261482
116;1057.5;0.2800217701253519
117;1058;0.28005332429867213
118;1058.5;0.28008507120960036
119;1059;0.2801159716246281
120;1059.5;0.2801449863082468
121;1060;0.28017107602594804
122;1060.5;0.2801932015442233
123;1061;0.2802103236275639
124;1061.5;0.280220799950661
125;1062;0.28022175841294594
126;1062.5;0.2802154051399944
127;1063;0.2802035734626887
128;1063.5;0.28018808477591145
129;1064;0.2801707604755452
130;1064.5;0.2801534219564724
131;1065;0.2801378906145756
132;1065.5;0.2801259878437373
133;1066;0.28011953503984016
134;1066.5;0.2801197152002978
135;1067;0.28012432106995566
136;1067.5;0.2801325431213986
137;1068;0.28014309350655253
138;1068.5;0.28015467741734346
139;1069;0.2801660000446974
140;1069.5;0.2801757665785405
141;1070;0.28018268221179876
142;1070.5;0.2801854521343983
143;1071;0.28018278153926507
144;1071.5;0.2801734368567059
145;1072;0.2801564584571407
146;1072.5;0.28013219661094946
147;1073;0.28010266877195533
148;1073.5;0.28006990083698186
149;1074;0.2800359186998521
150;1074.5;0.2800027482563895
151;1075;0.27997241540341733
152;1075.5;0.2799469460357588
153;1076;0.27992836604723736
154;1076.5;0.2799177239538965
155;1077;0.27991337573262465
156;1077.5;0.279915847177842
157;1078;0.27992380732852096
158;1078.5;0.27993591600663403
159;1079;0.27995083303315377
160;1079.5;0.27996721822905246
161;1080;0.2799837314133028
162;1080.5;0.27999903240887697
163;1081;0.2800117810357476
164;1081.5;0.280020843157208
165;1082;0.28002568911856784
166;1082.5;0.2800264456239993
167;1083;0.28002381847906976
168;1083.5;0.28001851416334655
169;1084;0.28001123915339676
170;1084.5;0.2800026999267879
171;1085;0.27999360296208725
172;1085.5;0.2799846547378622
173;1086;0.27997656173167973
174;1086.5;0.27996996061003576
175;1087;0.27996466434249323
176;1087.5;0.27995970466095266
177;1088;0.2799550110862968
178;1088.5;0.2799505198134088
179;1089;0.27994616704217173
180;1089.5;0.27994188896846833
181;1090;0.279937621791182
182;1090.5;0.2799333017071953
183;1091;0.27992886491339164
184;1091.5;0.279923633839676
185;1092;0.2799161174674042
186;1092.5;0.27990776155827307
187;1093;0.2798986702996632
188;1093.5;0.27988893604295556
189;1094;0.2798786511405309
190;1094.5;0.2798679079447702
191;1095;0.27985679880705405
192;1095.5;0.27984541608076346
193;1096;0.2798338521172792
194;1096.5;0.27982158067196405
195;1097;0.27980674723210963
196;1097.5;0.2797902164077188
197;1098;0.27977294188260465
198;1098.5;0.27975587614957975
199;1099;0.279739971706457
200;1099.5;0.2797261810460491
201;1100;0.2797154566651689
202;1100.5;0.27970875105762927
203;1101;0.2797070167202429
204;1101.5;0.27971042356715736
205;1102;0.2797139170065035
206;1102.5;0.279714353867731
207;1103;0.27971286496918335
208;1103.5;0.27971062773320393
209;1104;0.27970881958213606
210;1104.5;0.2797086179383233
211;1105;0.27971120022610896
212;1105.5;0.27971774386783643
213;1106;0.27972942628584924
214;1106.5;0.279747695211742
215;1107;0.2797760436363192
216;1107.5;0.2798156663169002
217;1108;0.279864129210036
218;1108.5;0.2799189475642775
219;1109;0.2799776366271759
220;1109.5;0.28003771164528213
221;1110;0.2800966878681473
222;1110.5;0.2801520805403223
223;1111;0.28020140491235823
224;1111.5;0.280242196144649
225;1112;0.28027441042868906
226;1112.5;0.28030191192989906
227;1113;0.2803260064667265
228;1113.5;0.28034791127161884
229;1114;0.2803688435790235
230;1114.5;0.2803900206213879
231;1115;0.2804126596311594
232;1115.5;0.2804379778427855
233;1116;0.28046719248871366
234;1116.5;0.2805014636364012
235;1117;0.28054110364472046
236;1117.5;0.28058511017354515
237;1118;0.2806325069278837
238;1118.5;0.2806823321647446
239;1119;0.2807336241381364
240;1119.5;0.2807854211040678
241;1120;0.28083676131654695
242;1120.5;0.28088668303258274
243;1121;0.2809342245061835
244;1121.5;0.2809783149827463
245;1122;0.28101786004718166
246;1122.5;0.2810538281766046
247;1123;0.28108736534254436
248;1123.5;0.28111960028053007
249;1124;0.28115166172509093
250;1124.5;0.281184678412756
251;1125;0.28121977907905477
252;1125.5;0.281258092459516
253;1126;0.28130074729066934
254;1126.5;0.2813496272336483
255;1127;0.2814104742576225
256;1127.5;0.28148246133303323
257;1128;0.2815635216242588
258;1128.5;0.281651610158678
259;1129;0.2817446819666693
260;1129.5;0.28184069207661133
261;1130;0.28193759551788267
262;1130.5;0.2820333473188619
263;1131;0.2821259025079275
264;1131.5;0.2822136931656992
265;1132;0.28229996259646783
266;1132.5;0.28238710856935356
267;1133;0.28247516350345264
268;1133.5;0.282563998862862
269;1134;0.2826534861136781
270;1134.5;0.28274349672199756
271;1135;0.282833902150917
272;1135.5;0.28292457386853326
273;1136;0.28301538333794274
274;1136.5;0.2831063113408325
275;1137;0.2831981369685878
276;1137.5;0.2832899337645654
277;1138;0.283382146515361
278;1138.5;0.2834754231455701
279;1139;0.2835704115827885
280;1139.5;0.28366775975261205
281;1140;0.28376811558063614
282;1140.5;0.2838721269944565
283;1141;0.2839804419186691
284;1141.5;0.28409385472104687
285;1142;0.28421531663707544
286;1142.5;0.2843456086804469
287;1143;0.28448375305524376
288;1143.5;0.28462870464654844
289;1144;0.28477941833644355
290;1144.5;0.2849348490090115
291;1145;0.2850939515473351
292;1145.5;0.2852556808344965
293;1146;0.28541899175457847
294;1146.5;0.2855830168720104
295;1147;0.28575110121087866
296;1147.5;0.2859262314184582
297;1148;0.28610777287994577
298;1148.5;0.28629453158553825
299;1149;0.28648531352343254
300;1149.5;0.2866789246828253
301;1150;0.28687417105491353
302;1150.5;0.28706985862689394
303;1151;0.2872647933889634
304;1151.5;0.2874578839786887
305;1152;0.2876524205853987
306;1152.5;0.2878489914649347
307;1153;0.28804688546523133
308;1153.5;0.288245724258223
309;1154;0.28844512951584417
310;1154.5;0.2886447229090293
311;1155;0.288844126108713
312;1155.5;0.28904296078782965
313;1156;0.2892408486163136
314;1156.5;0.2894374581599776
315;1157;0.28963791479639295
316;1157.5;0.2898454384854505
317;1158;0.29005782769371385
318;1158.5;0.29027242618474663
319;1159;0.29048657772211267
320;1159.5;0.29069762607137556
321;1160;0.290902914994099
322;1160.5;0.2910997882558467
323;1161;0.29128558961918233
324;1161.5;0.29145765994535483
325;1162;0.29160803749489717
326;1162.5;0.2917342016784855
327;1163;0.2918417413730746
328;1163.5;0.29193645643261945
329;1164;0.2920241467120747
330;1164.5;0.29211061206539546
331;1165;0.29220165234853634
332;1165.5;0.29230306741345236
333;1166;0.2924206571170983
334;1166.5;0.29256022131342907
335;1167;0.2927232359296029
336;1167.5;0.29290712362318866
337;1168;0.2931105583627276
338;1168.5;0.2933309090450994
339;1169;0.2935655445681835
340;1169.5;0.29381183382985976
341;1170;0.29406714572700776
342;1170.5;0.29432884915850693
343;1171;0.29459431302123706
344;1171.5;0.2948609062130778
345;1172;0.29513161905632784
346;1172.5;0.2954115355343774
347;1173;0.29569832440194654
348;1173.5;0.29599222573675527
349;1174;0.2962934796185244
350;1174.5;0.2966023261239742
351;1175;0.296919005331825
352;1175.5;0.29724375732079733
353;1176;0.29757682216761155
354;1176.5;0.29791843995298806
355;1177;0.29827237544254726
356;1177.5;0.29864742735500144
357;1178;0.2990419724025903
358;1178.5;0.29945231847495457
359;1179;0.29987476759873494
360;1179.5;0.30030562180157194
361;1180;0.3007411831111063
362;1180.5;0.3011777535559786
363;1181;0.3016116351638295
364;1181.5;0.30203912996229976
365;1182;0.30245880413501375
366;1182.5;0.30287760323418456
367;1183;0.30330010480480063
368;1183.5;0.30372506612168887
369;1184;0.30415107761067645
370;1184.5;0.3045767296985902
371;1185;0.3050006128082572
372;1185.5;0.3054213173685044
373;1186;0.3058374338021589
374;1186.5;0.30624755253604763
375;1187;0.30665186057637295
376;1187.5;0.30705623543444815
377;1188;0.3074594810757267
378;1188.5;0.3078604506494267
379;1189;0.3082580628907663
380;1189.5;0.3086512365339633
381;1190;0.3090388903122359
382;1190.5;0.3094199429618021
383;1191;0.30979331321587966
384;1191.5;0.3101579198096869
385;1192;0.31051450797845226
386;1192.5;0.3108744896057128
387;1193;0.3112374020704709
388;1193.5;0.31159914482212314
389;1194;0.3119555335420657
390;1194.5;0.3123023839106949
391;1195;0.31263551160740716
392;1195.5;0.3129507323135986
393;1196;0.3132438617086658
394;1196.5;0.3135107154730048
395;1197;0.31374892252844
396;1197.5;0.313976992537896
397;1198;0.3141999265051037
398;1198.5;0.31441460748887873
399;1199;0.3146175518570371
400;1199.5;0.31480527597539476
401;1200;0.31497429621376744
402;1200.5;0.315121128937971
403;1201;0.31524229051682146
404;1201.5;0.31533429731813456
405;1202;0.31539383669530474
406;1202.5;0.31542313542338357
407;1203;0.31542551651472844
408;1203.5;0.3154034448449382
409;1204;0.3153594589026115
410;1204.5;0.31529609717634743
411;1205;0.3152158981557445
412;1205.5;0.31512140032640173
413;1206;0.3150151421799179
414;1206.5;0.3148996622028916
415;1207;0.31477732641522216
416;1207.5;0.3146336929189397
417;1208;0.314459957969368
418;1208.5;0.31425915395381127
419;1209;0.3140347147455739
420;1209.5;0.3137900742179601
421;1210;0.31352866624427433
422;1210.5;0.3132539246988208
423;1211;0.31296928345390385
424;1211.5;0.31267817638282763
425;1212;0.3123840373608967
426;1212.5;0.31207756901374173
427;1213;0.31174945090999323
428;1213.5;0.31140308794741084
429;1214;0.3110410349016398
430;1214.5;0.3106658465533253
431;1215;0.3102800776771125
432;1215.5;0.3098862830516468
433;1216;0.3094870174545731
434;1216.5;0.3090848356635368
435;1217;0.30868229245618306
436;1217.5;0.308273506219798
437;1218;0.3078445329422783
438;1218.5;0.3073969975597927
439;1219;0.30693656638874917
440;1219.5;0.3064689087785556
441;1220;0.30599969407561983
442;1220.5;0.30553459162934976
443;1221;0.30507927078715336
444;1221.5;0.30463940089743846
445;1222;0.3042206513086129
446;1222.5;0.30382407258411803
447;1223;0.30344011420363703
448;1223.5;0.3030664970359007
449;1224;0.3027029680625327
450;1224.5;0.30234932060815667
451;1225;0.3020053479933963
452;1225.5;0.3016708435438752
453;1226;0.301345600580217
454;1226.5;0.30102941242504533
455;1227;0.300722072402984
456;1227.5;0.3004220720162278
457;1228;0.30012452324621663
458;1228.5;0.29983207292475933
459;1229;0.29954530689343045
460;1229.5;0.29926459596180505
461;1230;0.29899031093945777
462;1230.5;0.29872282263496364
463;1231;0.2984625018588974
464;1231.5;0.29820971942083385
465;1232;0.2979648461293479
466;1232.5;0.29772799194943367
467;1233;0.29749729261282815
468;1233.5;0.2972716424435546
469;1234;0.29705057631988757
470;1234.5;0.2968336832951012
471;1235;0.29662055242047
472;1235.5;0.2964107727482679
473;1236;0.29620393332976935
474;1236.5;0.29599962321824874
475;1237;0.29579743146398013
476;1237.5;0.29559686122718104
477;1238;0.2953965062895242
478;1238.5;0.2951967718613068
479;1239;0.29499831761458506
480;1239.5;0.2948017207264153
481;1240;0.2946075583708541
482;1240.5;0.29441640772495775
483;1241;0.2942288459657825
484;1241.5;0.2940454502673848
485;1242;0.293866797807821
486;1242.5;0.2936933713250583
487;1243;0.29352096956379914
488;1243.5;0.2933477974027568
489;1244;0.2931752889297957
490;1244.5;0.29300502512478016
491;1245;0.29283858696557463
492;1245.5;0.2926775554310435
493;1246;0.2925235115020513
494;1246.5;0.2923780361574623
495;1247;0.29224271037514093
496;1247.5;0.292119115039078
497;1248;0.2920023795734026
498;1248.5;0.2918876803792572
499;1249;0.2917763945340046
500;1249.5;0.29166988086300727
501;1250;0.2915694981866278
502;1250.5;0.29147660533022896
503;1251;0.2913925611161733
504;1251.5;0.2913187243668234
505;1252;0.29125645390654187
506;1252.5;0.2912071085566914
507;1253;0.2911668671948337
508;1253.5;0.2911290115636689
509;1254;0.29109543324316844
510;1254.5;0.2910663341060568
511;1255;0.29104191055605855
512;1255.5;0.29102235899889817
513;1256;0.29100787583729976
514;1256.5;0.2909986574769882
515;1257;0.29099490032168773
516;1257.5;0.2909968007761227
517;1258;0.2910029049476679
518;1258.5;0.29100888263535934
519;1259;0.29101590994696186
520;1259.5;0.29102418324167995
521;1260;0.29103384475171845
522;1260.5;0.2910450367102819
523;1261;0.2910579013515752
524;1261.5;0.2910725809078029
525;1262;0.2910892176121699
526;1262.5;0.2911079536978806
527;1263;0.29112925185650335
528;1263.5;0.2911543243874879
529;1264;0.2911818036818682
530;1264.5;0.2912108399368119
531;1265;0.2912406638824865
532;1265.5;0.29127050624605977
533;1266;0.2912995977556993
534;1266.5;0.29132716913857265
535;1267;0.29135245112484737
536;1267.5;0.2913746744416913
537;1268;0.29139331693445386
538;1268.5;0.29141070677648556
539;1269;0.2914276201605305
540;1269.5;0.29144383443116373
541;1270;0.29145910732796015
542;1270.5;0.29147319659349497
543;1271;0.29148585996934273
544;1271.5;0.2914968551960787
545;1272;0.29150594001527774
546;1272.5;0.29151287216851474
547;1273;0.2915173905482104
548;1273.5;0.2915187568065648
549;1274;0.29151826484390175
550;1274.5;0.2915164682903077
551;1275;0.2915133155518689
552;1275.5;0.2915087550336717
553;1276;0.29150273514280245
554;1276.5;0.29149520428334735
555;1277;0.29148611086139276
556;1277.5;0.2914754032830252
557;1278;0.2914630295849825
558;1278.5;0.2914479026877329
559;1279;0.2914302175675345
560;1279.5;0.29141095904678904
561;1280;0.291390312503898
562;1280.5;0.2913684633222634
563;1281;0.29134559688028683
564;1281.5;0.2913218985603699
565;1282;0.2912975537439144
566;1282.5;0.29127274780932216
567;1283;0.2912476661399948
568;1283.5;0.29122171913199923
569;1284;0.29119354296988553
570;1284.5;0.2911632325379513
571;1285;0.29113142561020067
572;1285.5;0.2910987620816381
573;1286;0.29106588184426807
574;1286.5;0.29103342479309485
575;1287;0.29100203082012294
576;1287.5;0.29097233982035664
577;1288;0.2909449916868003
578;1288.5;0.2909202561994582
579;1289;0.2908982878746202
580;1289.5;0.29088091841327807
581;1290;0.2908677212191895
582;1290.5;0.2908581710561123
583;1291;0.2908517426888041
584;1291.5;0.2908479108830228
585;1292;0.2908461504035261
586;1292.5;0.29084593601307196
587;1293;0.2908467424774179
588;1293.5;0.2908505844118328
589;1294;0.29087141990793147
590;1294.5;0.2909079106566882
591;1295;0.2909554911420409
592;1295.5;0.2910095187709273
593;1296;0.29106535095328523
594;1296.5;0.29111834509505247
595;1297;0.29116385860516675
596;1297.5;0.2911972488925661
597;1298;0.29121387336418814
598;1298.5;0.29120906159299287
599;1299;0.2911805303332665
600;1299.5;0.291131571555043
601;1300;0.2910669636674194
602;1300.5;0.29099175652449244
603;1301;0.29091099998035946
604;1301.5;0.29082974388711724
605;1302;0.2907530380988628
606;1302.5;0.2906859324696932
607;1303;0.2906334768517056
608;1303.5;0.2906005742013878
609;1304;0.2905772251341587
610;1304.5;0.2905560702299856
611;1305;0.2905374929993334
612;1305.5;0.2905212185036671
613;1306;0.29050697180645163
614;1306.5;0.2904944779701519
615;1307;0.29048346205723297
616;1307.5;0.29047364913115964
617;1308;0.29046476425439705
618;1308.5;0.2904565324894099
619;1309;0.29044702237923364
620;1309.5;0.2904312980477736
621;1310;0.29040841727711386
622;1310.5;0.29038087645689814
623;1311;0.29035117197777016
624;1311.5;0.29032180022837395
625;1312;0.29029525759835306
626;1312.5;0.29027404047835154
627;1313;0.290260645257013
628;1313.5;0.2902575683249814
629;1314;0.2902675987887216
630;1314.5;0.2902919286962663
631;1315;0.29032743693833296
632;1315.5;0.290371506996108
633;1316;0.2904215551027775
634;1316.5;0.290474997489528
635;1317;0.29052925038754585
636;1317.5;0.2905817300290173
637;1318;0.29062985264412877
638;1318.5;0.29067103446606646
639;1319;0.29070353839377683
640;1319.5;0.29073047283021974
641;1320;0.2907546488637141
642;1320.5;0.29077665410000036
643;1321;0.29079684724681887
644;1321.5;0.29081558701390975
645;1322;0.2908332321090136
646;1322.5;0.2908501412398707
647;1323;0.2908666731162213
648;1323.5;0.2908831864458057
649;1324;0.2908999766609467
650;1324.5;0.2909166601278116
651;1325;0.290932733210046
652;1325.5;0.29094832511885094
653;1326;0.2909637402144277
654;1326.5;0.2909792828559775
655;1327;0.2909952574028016
656;1327.5;0.29101196821500097
657;1328;0.291029719651877
658;1328.5;0.29104881607323085
659;1329;0.29106956808406614
660;1329.5;0.2910924933040728
661;1330;0.291117232778087
662;1330.5;0.2911435400543083
663;1331;0.29117133270943646
664;1331.5;0.29120052832027127
665;1332;0.2912310444637122
666;1332.5;0.2912627987164592
667;1333;0.29129570865531185
668;1333.5;0.29132969185696994
669;1334;0.2913646658984332
670;1334.5;0.2914016721954414
671;1335;0.2914438480190874
672;1335.5;0.2914919030308688
673;1336;0.291544676337025
674;1336.5;0.2916010070439951
675;1337;0.2916597342580184
676;1337.5;0.29171969708553397
677;1338;0.2917797346327812
678;1338.5;0.2918386860063992
679;1339;0.2918953903124271
680;1339.5;0.2919495379493485
681;1340;0.29200104949972727
682;1340.5;0.29204831198925724
683;1341;0.29209276997060823
684;1341.5;0.2921359291112498
685;1342;0.29217929507855167
686;1342.5;0.2922243735402835
687;1343;0.2922726701637149
688;1343.5;0.2923256906165156
689;1344;0.29238494056605524
690;1344.5;0.29245275678213445
691;1345;0.2925339195759335
692;1345.5;0.29262473885950385
693;1346;0.2927230577413079
694;1346.5;0.292827060275708
695;1347;0.2929349305171663
696;1347.5;0.2930448525200451
697;1348;0.2931550103387068
698;1348.5;0.2932635880275135
699;1349;0.2933687696409276
700;1349.5;0.2934688099816049
701;1350;0.29356378893447116
702;1350.5;0.2936574329853535
703;1351;0.29375130552595513
704;1351.5;0.2938462547764792
705;1352;0.29394312895702923
706;1352.5;0.2940427762881083
707;1353;0.29414604498971975
708;1353.5;0.2942537832821669
709;1354;0.294366839385753
710;1354.5;0.29448611086389404
711;1355;0.29461753600691243
712;1355.5;0.29476343047170794
713;1356;0.29492206398189297
714;1356.5;0.29509181408488
715;1357;0.2952710583281816
716;1357.5;0.2954581742592104
717;1358;0.29565153942537875
718;1358.5;0.2958495313742993
719;1359;0.29605052765328455
720;1359.5;0.29625290580984703
721;1360;0.29645982082232514
722;1360.5;0.29667793818974914
723;1361;0.29690696980749787
724;1361.5;0.2971459253157183
725;1362;0.29739381433795686
726;1362.5;0.29764964649746034
727;1363;0.29791243141757534
728;1363.5;0.29818117872174843
729;1364;0.29845489803322656
730;1364.5;0.2987325989753561
731;1365;0.2990154308173366
732;1365.5;0.2993075514040359
733;1366;0.29960563771778753
734;1366.5;0.29990960539016287
735;1367;0.3002194949270331
736;1367.5;0.30053534683406957
737;1368;0.30085720161734364
738;1368.5;0.30118509978172675
739;1369;0.30151908183429005
740;1369.5;0.301859188280705
741;1370;0.302206434461191
742;1370.5;0.3025673271304416
743;1371;0.30294065472533116
744;1371.5;0.30332459744679036
745;1372;0.30371751394775004
746;1372.5;0.30411776288214093
747;1373;0.30452370290089387
748;1373.5;0.3049336926589397
749;1374;0.30534609080820907
750;1374.5;0.30575925600163295
751;1375;0.30617190858522153
752;1375.5;0.3065906456482415
753;1376;0.30701645568454455
754;1376.5;0.3074470943124806
755;1377;0.3078803996343995
756;1377.5;0.3083142097526509
757;1378;0.30874636277058487
758;1378.5;0.3091746967895511
759;1379;0.3095970499118993
760;1379.5;0.31001126024197956
761;1380;0.31041517019580855
762;1380.5;0.3108168098991059
763;1381;0.3112214405769672
764;1381.5;0.3116249191450334
765;1382;0.3120237970869454
766;1382.5;0.31241462588934416
767;1383;0.3127939570358705
768;1383.5;0.3131583420111653
769;1384;0.3135043323018696
770;1384.5;0.31382847939262415
771;1385;0.31412733476706983
772;1385.5;0.3144032332517622
773;1386;0.314665446414593
774;1386.5;0.31491322187574455
775;1387;0.31514720148025327
776;1387.5;0.31536803609715547
777;1388;0.31557637659548776
778;1388.5;0.31577287384328623
779;1389;0.3159581787095874
780;1389.5;0.3161329420644277
781;1390;0.3162978147768435
782;1390.5;0.31645260114256113
783;1391;0.31659488528120133
784;1391.5;0.31672593796913495
785;1392;0.31684870270295057
786;1392.5;0.31696621066323666
787;1393;0.3170814930315818
788;1393.5;0.3171975809885746
789;1394;0.31731750571480355
790;1394.5;0.31744429839285726
791;1395;0.3175809902023242
792;1395.5;0.31773003193964094
793;1396;0.3178861247357488
794;1396.5;0.31804451358696395
795;1397;0.31820526157859
796;1397.5;0.3183690122339301
797;1398;0.3185364090742875
798;1398.5;0.3187080956239653
799;1399;0.318884715405267
800;1399.5;0.31906691194149583
801;1400;0.319255328754955
802;1400.5;0.3194507143219056
803;1401;0.3196608573465131
804;1401.5;0.3198857023097349
805;1402;0.3201206552528609
806;1402.5;0.32036211682218113
807;1403;0.32060648766098576
808;1403.5;0.32085016841656483
809;1404;0.3210895597342083
810;1404.5;0.3213210622582062
811;1405;0.32154107663584885
812;1405.5;0.32174600351142607
813;1406;0.32194087671815164
814;1406.5;0.3221346255536798
815;1407;0.32232472697429615
816;1407.5;0.3225089836575891
817;1408;0.3226851982801469
818;1408.5;0.3228511735195577
819;1409;0.32300471205341014
820;1409.5;0.3231436165572922
821;1410;0.32326568971079217
822;1410.5;0.3233687341884986
823;1411;0.3234562182319494
824;1411.5;0.32354360839465435
825;1412;0.32362939970601706
826;1412.5;0.32371262928908734
827;1413;0.3237923867379148
828;1413.5;0.32386776164454917
829;1414;0.3239378436030401
830;1414.5;0.3240017222074373
831;1415;0.3240584870517904
832;1415.5;0.32410722772714917
833;1416;0.32414814724092267
834;1416.5;0.3241890894694744
835;1417;0.3242314060977897
836;1417.5;0.3242747665096356
837;1418;0.3243188711937793
838;1418.5;0.3243634206369877
839;1419;0.32440811532702796
840;1419.5;0.32445265575166726
841;1420;0.32449674239867254
842;1420.5;0.3245400757548111
843;1421;0.3245823725246221
844;1421.5;0.32462369379030476
845;1422;0.32466449291975524
846;1422.5;0.3247047984161163
847;1423;0.32474443774253037
848;1423.5;0.32478323836713996
849;1424;0.32482102775308774
850;1424.5;0.3248576333665162
851;1425;0.32489288267356786
852;1425.5;0.3249266031383854
853;1426;0.3249586222271111
854;1426.5;0.3249897789040518
855;1427;0.32502097208630143
856;1427.5;0.3250517817204047
857;1428;0.32508170955007476
858;1428.5;0.32511025731902465
859;1429;0.32513692677196715
860;1429.5;0.32516121965261546
861;1430;0.32518263770568234
862;1430.5;0.325200682675881
863;1431;0.32521485630592417
864;1431.5;0.3252230928153185
865;1432;0.3252239471209749
866;1432.5;0.3252207386654604
867;1433;0.32521436929178654
868;1433.5;0.32520572518796464
869;1434;0.3251956925420062
870;1434.5;0.3251851575399228
871;1435;0.3251750063717257
872;1435.5;0.32516612522442645
873;1436;0.3251594002850365
874;1436.5;0.3251550904880157
875;1437;0.3251498615925564
876;1437.5;0.32514312412271124
877;1438;0.3251349615414553
878;1438.5;0.32512543634076396
879;1439;0.32511461101361244
880;1439.5;0.32510254804997596
881;1440;0.32508930994382973
882;1440.5;0.32507495918514906
883;1441;0.3250595582669091
884;1441.5;0.3250431079748441
885;1442;0.3250249854367391
886;1442.5;0.32500463859371037
887;1443;0.3249825468308434
888;1443.5;0.32495944082622363
889;1444;0.3249360512599365
890;1444.5;0.3249131088100675
891;1445;0.3248913441567021
892;1445.5;0.3248714879779258
893;1446;0.32485427095282404
894;1446.5;0.32484040901250727
895;1447;0.32482610532971534
896;1447.5;0.32480974957053654
897;1448;0.3247929049122634
898;1448.5;0.3247766342701886
899;1449;0.3247620005616046
900;1449.5;0.32475006670180384
901;1450;0.3247418956070791
902;1450.5;0.3247385501937228
903;1451;0.3247410933760276
904;1451.5;0.32475058807328594
905;1452;0.3247671664619046
906;1452.5;0.3247895170147692
907;1453;0.3248169195498019
908;1453.5;0.32484803918112953
909;1454;0.32488154101987865
910;1454.5;0.32491609017917594
911;1455;0.3249503517711481
912;1455.5;0.3249829909079216
913;1456;0.3250126727016234
914;1456.5;0.3250380622633797
915;1457;0.32505839923643165
916;1457.5;0.3250749744723922
917;1458;0.32508776148872587
918;1458.5;0.32509768496155605
919;1459;0.3251057054400064
920;1459.5;0.3251127834752004
921;1460;0.3251198796152617
922;1460.5;0.3251279544113138
923;1461;0.3251379684124803
924;1461.5;0.32515088216888477
925;1462;0.3251676463948028
926;1462.5;0.3251889597366953
927;1463;0.3252144971953074
928;1463.5;0.32524376458389215
929;1464;0.3252763117537027
930;1464.5;0.32531168855599224
931;1465;0.3253494448400141
932;1465.5;0.3253891304590212
933;1466;0.32543029526326694
934;1466.5;0.3254724891040043
935;1467;0.3255153778560421
936;1467.5;0.3255670323655914
937;1468;0.3256318561779003
938;1468.5;0.3257086488633513
939;1469;0.3257960704623275
940;1469.5;0.3258927810172115
941;1470;0.32599744057238617
942;1470.5;0.3261087091672342
943;1471;0.3262252468471386
944;1471.5;0.32634571365148207
945;1472;0.32646876962464744
946;1472.5;0.32659951886588995
947;1473;0.32674631274548255
948;1473.5;0.326906712752975
949;1474;0.32707754293986346
950;1474.5;0.32725562735764446
951;1475;0.32743779005981405
952;1475.5;0.3276208550968688
953;1476;0.3278016465213047
954;1476.5;0.32797698838461825
955;1477;0.3281437047403057
956;1477.5;0.328301555213664
957;1478;0.3284586262399562
958;1478.5;0.32861584085455176
959;1479;0.32877220998661133
960;1479.5;0.3289267229442955
961;1480;0.32907836903376503
962;1480.5;0.32922613756318064
963;1481;0.32936901784070305
964;1481.5;0.3295059991724928
965;1482;0.32963607086671065
966;1482.5;0.32975844058133824
967;1483;0.3298744848917335
968;1483.5;0.3299847522780509
969;1484;0.3300904368124796
970;1484.5;0.33019283583020903
971;1485;0.330293246668428
972;1485.5;0.33039296666432605
973;1486;0.3304932931560923
974;1486.5;0.3305955234779158
975;1487;0.330700954968986
976;1487.5;0.3308107581711993
977;1488;0.3309215980232404
978;1488.5;0.3310323540563586
979;1489;0.3311438526276446
980;1489.5;0.33125683888018864
981;1490;0.3313720579580811
982;1490.5;0.3314902550044125
983;1491;0.33161217516327324
984;1491.5;0.3317385635777538
985;1492;0.3318701653919445
986;1492.5;0.3320077257499359
987;1493;0.33215433644889203
988;1493.5;0.33231486801589477
989;1494;0.33248859524576546
990;1494.5;0.332673095989502
991;1495;0.33286594809710174
992;1495.5;0.33306472942056253
993;1496;0.33326701780988177
994;1496.5;0.3334703911160572
995;1497;0.3336724271910865
996;1497.5;0.3338707038839672
997;1498;0.3340646503029466
998;1498.5;0.33426019204819735
999;1499;0.3344606402772309
1000;1499.5;0.3346661308821861
1001;1500;0.33487679291220235
1002;1500.5;0.33509275541941835
1003;1501;0.3353141474569733
1004;1501.5;0.33554109807400617
1005;1502;0.3357737363246561
1006;1502.5;0.33601219125806187
1007;1503;0.33625855286417183
1008;1503.5;0.3365232865617351
1009;1504;0.3368037762945623
1010;1504.5;0.337095573785335
1011;1505;0.3373942606757344
1012;1505.5;0.33769541860544183
1013;1506;0.33799462921413875
1014;1506.5;0.3382874741435066
1015;1507;0.3385695350322265
1016;1507.5;0.3388363935219799
1017;1508;0.3390841753580515
1018;1508.5;0.3393206750159274
1019;1509;0.3395492818644176
1020;1509.5;0.3397705171970599
1021;1510;0.3399850917753925
1022;1510.5;0.3401937163599528
1023;1511;0.34039710171027904
1024;1511.5;0.34059595858790875
1025;1512;0.34079099775338
1026;1512.5;0.3409829299662305
1027;1513;0.34117246518086947
1028;1513.5;0.34135933366051907
1029;1514;0.3415433689968571
1030;1514.5;0.34172509250776184
1031;1515;0.34190502272011186
1032;1515.5;0.34208367816178537
1033;1516;0.34226157735966095
1034;1516.5;0.34243923884161687
1035;1517;0.3426171811345313
1036;1517.5;0.3427959227662831
1037;1518;0.34297598226275033
1038;1518.5;0.3431563213069339
1039;1519;0.3433345713302247
1040;1519.5;0.3435116391470679
1041;1520;0.34368830422880337
1042;1520.5;0.3438653460447707
1043;1521;0.3440435440663099
1044;1521.5;0.34422367776176055
1045;1522;0.34440652660346266
1046;1522.5;0.3445928700607558
1047;1523;0.34478348760297967
1048;1523.5;0.34498050029460714
1049;1524;0.3451895146413414
1050;1524.5;0.3454085811072353
1051;1525;0.3456344386792152
1052;1525.5;0.3458638177312071
1053;1526;0.34609344863813707
1054;1526.5;0.34632006177293134
1055;1527;0.34654038751051613
1056;1527.5;0.3467511562248175
1057;1528;0.3469490982907616
1058;1528.5;0.347131771668684
1059;1529;0.3473069361380003
1060;1529.5;0.34747637272437254
1061;1530;0.3476387912190889
1062;1530.5;0.34779288682743764
1063;1531;0.34793735475170673
1064;1531.5;0.34807089019418436
1065;1532;0.3481921883591589
1066;1532.5;0.3482999444499181
1067;1533;0.3483928536697506
1068;1533.5;0.348469439162107
1069;1534;0.34851244952498084
1070;1534.5;0.3485140672938961
1071;1535;0.34847866599130856
1072;1535.5;0.3484106616976739
1073;1536;0.3483144704934478
1074;1536.5;0.3481945084580863
1075;1537;0.348055191672045
1076;1537.5;0.3479009362147798
1077;1538;0.34773615816774645
1078;1538.5;0.3475652736110006
1079;1539;0.3473636974584572
1080;1539.5;0.347093534136111
1081;1540;0.3467628108492996
1082;1540.5;0.3463798531557199
1083;1541;0.34595298661306845
1084;1541.5;0.345490536779142
1085;1542;0.34500082921143693
1086;1542.5;0.34449218946785026
1087;1543;0.3439729431059785
1088;1543.5;0.3434514156835181
1089;1544;0.34292200449694393
1090;1544.5;0.3423464784854042
1091;1545;0.3417306077409989
1092;1545.5;0.34108425202056303
1093;1546;0.34041727166333163
1094;1546.5;0.33973952700893995
1095;1547;0.3390608783969231
1096;1547.5;0.33839118616651626
1097;1548;0.33774031065725435
1098;1548.5;0.3371181122086727
1099;1549;0.33652664186018183
1100;1549.5;0.33591493305866094
1101;1550;0.33528444840982596
1102;1550.5;0.3346502419095382
1103;1551;0.33402735229895886
1104;1551.5;0.3334308183191492
1105;1552;0.3328756787111705
1106;1552.5;0.3323769722162841
1107;1553;0.3319497375754511
1108;1553.5;0.33160901352993294
1109;1554;0.3313676981122729
1110;1554.5;0.3311707281188908
1111;1555;0.33098890368844147
1112;1555.5;0.3308245780655452
1113;1556;0.33068030231382217
1114;1556.5;0.33055862749679255
1115;1557;0.33046210467797643
1116;1557.5;0.330393284920694
1117;1558;0.33035471928876536
1118;1558.5;0.33034895884541077
1119;1559;0.33037855465425026
1120;1559.5;0.33043539338840583
1121;1560;0.3305103443067826
1122;1560.5;0.33060295971603837
1123;1561;0.33071207599230645
1124;1561.5;0.3308365295117201
1125;1562;0.3309751566505126
1126;1562.5;0.3311267937847173
1127;1563;0.3312902772906675
1128;1563.5;0.33146444354429644
1129;1564;0.3316481289218374
1130;1564.5;0.33184940779243066
1131;1565;0.33208729866391545
1132;1565.5;0.33235642710242025
1133;1566;0.332648588856915
1134;1566.5;0.3329555796761691
1135;1567;0.33326919530915255
1136;1567.5;0.33358123150463487
1137;1568;0.3338834840115858
1138;1568.5;0.3341677485788751
1139;1569;0.33442582095527246
1140;1569.5;0.3346570910416182
1141;1570;0.3348923902834987
1142;1570.5;0.33513023040333356
1143;1571;0.3353645973707141
1144;1571.5;0.3355894915631322
1145;1572;0.3357989133575793
1146;1572.5;0.33598686313134696
1147;1573;0.33614734126152673
1148;1573.5;0.33627434812551027
1149;1574;0.33636188410038914
1150;1574.5;0.3364051339601749
1151;1575;0.3364173564777118
1152;1575.5;0.3364072664678156
1153;1576;0.33637670346464954
1154;1576.5;0.33632730182647663
1155;1577;0.33626069591155994
1156;1577.5;0.33617852007806254
1157;1578;0.3360824086843475
1158;1578.5;0.3359739960885778
1159;1579;0.3358549166489167
1160;1579.5;0.3357267053342789
1161;1580;0.33558095443696717
1162;1580.5;0.3354131479727789
1163;1581;0.33522792365480425
1164;1581.5;0.3350303046750337
1165;1582;0.33482531422535733
1166;1582.5;0.33461797549756556
1167;1583;0.3344133116835487
1168;1583.5;0.3342163459751968
1169;1584;0.3340321015644003
1170;1584.5;0.33386560164304946
1171;1585;0.3337086614281633
1172;1585.5;0.33354725695217546
1173;1586;0.33338620175645606
1174;1586.5;0.3332302371284647
1175;1587;0.33308410435576113
1176;1587.5;0.3329525447258049
1177;1588;0.33284029952605565
1178;1588.5;0.3327521100439731
1179;1589;0.3326927175671168
1180;1589.5;0.3326668633829467
1181;1590;0.3326740151307629
1182;1590.5;0.33270023563626483
1183;1591;0.332743221739067
1184;1591.5;0.3328004699690849
1185;1592;0.332869476856634
1186;1592.5;0.33294773893152974
1187;1593;0.33303275272388755
1188;1593.5;0.3331220147638228
1189;1594;0.33321302158145105
1190;1594.5;0.3333032697067878
1191;1595;0.3333924790951649
1192;1595.5;0.3334930859080398
1193;1596;0.333604374879984
1194;1596.5;0.33372252219631254
1195;1597;0.33384370408393993
1196;1597.5;0.33396409676948136
1197;1598;0.3340798764795515
1198;1598.5;0.3341872194408652
1199;1599;0.3342823018800373
1200;1599.5;0.3343613000237827
1201;1600;0.3344204666503371
1202;1600.5;0.3344593755285777
1203;1601;0.3344816558440023
1204;1601.5;0.33448918114239684
1205;1602;0.33448361922684733
1206;1602.5;0.3344666379003393
1207;1603;0.3344399049657588
1208;1603.5;0.3344050882262918
1209;1604;0.33436385548472386
1210;1604.5;0.33431787454434114
1211;1605;0.33426878956976613
1212;1605.5;0.33420885448826554
1213;1606;0.3341321614566754
1214;1606.5;0.33404055200389837
1215;1607;0.333935875692637
1216;1607.5;0.33381998208609376
1217;1608;0.3336947207470714
1218;1608.5;0.3335619412384725
1219;1609;0.33342349312329944
1220;1609.5;0.333281225964455
1221;1610;0.3331369893248417
1222;1610.5;0.33298534381862693
1223;1611;0.33281250484618574
1224;1611.5;0.33261934083025474
1225;1612;0.3324085632638879
1226;1612.5;0.33218288364013937
1227;1613;0.3319450134519632
1228;1613.5;0.33169766419231334
1229;1614;0.3314435473543439
1230;1614.5;0.3311853744309088
1231;1615;0.3309258569151622
1232;1615.5;0.3306642456597815
1233;1616;0.3303892373178034
1234;1616.5;0.3301001217286822
1235;1617;0.32979880974582504
1236;1617.5;0.329487212222539
1237;1618;0.329167240012031
1238;1618.5;0.32884080396760795
1239;1619;0.328509814942577
1240;1619.5;0.3281761837903453
1241;1620;0.3278418213642195
1242;1620.5;0.32750674900460247
1243;1621;0.327159215882341
1244;1621.5;0.3267998722030133
1245;1622;0.3264321649819598
1246;1622.5;0.32605953435132073
1247;1623;0.3256854204433364
1248;1623.5;0.32531326339014727
1249;1624;0.32494650332399366
1250;1624.5;0.32458858037691585
1251;1625;0.3242429346811542
1252;1625.5;0.32391237148280094
1253;1626;0.32358591651442076
1254;1626.5;0.32326082654201704
1255;1627;0.3229394792775601
1256;1627.5;0.3226241811969205
1257;1628;0.3223172387757685
1258;1628.5;0.3220209584896746
1259;1629;0.32173764681430944
1260;1629.5;0.32146961022554327
1261;1630;0.3212191551988465
1262;1630.5;0.32098856652094854
1263;1631;0.32077062265190887
1264;1631.5;0.3205592243658006
1265;1632;0.3203551321634663
1266;1632.5;0.3201589539732484
1267;1633;0.3199712977237894
1268;1633.5;0.3197927713435318
1269;1634;0.31962398276121806
1270;1634.5;0.3194655399051908
1271;1635;0.3193180507039923
1272;1635.5;0.31918212308626515
1273;1636;0.31905175301331384
1274;1636.5;0.31891842444488033
1275;1637;0.31878513730463737
1276;1637.5;0.31865475459679965
1277;1638;0.31853013932558183
1278;1638.5;0.31841415449539856
1279;1639;0.3183096631102643
1280;1639.5;0.31821952817459404
1281;1640;0.31814661269270206
1282;1640.5;0.3180937796687032
1283;1641;0.318058778662397
1284;1641.5;0.31802647842967063
1285;1642;0.3179961095692453
1286;1642.5;0.31796841082905936
1287;1643;0.317944120957151
1288;1643.5;0.3179239787015586
1289;1644;0.31790872281022037
1290;1644.5;0.31789909203127464
1291;1645;0.3178958251126598
1292;1645.5;0.317899660802414
1293;1646;0.31791108698730847
1294;1646.5;0.3179278443153455
1295;1647;0.317948018818583
1296;1647.5;0.3179716715136938
1297;1648;0.31799888309545077
1298;1648.5;0.31802973425842673
1299;1649;0.3180643056973945
1300;1649.5;0.3181026781071269
1301;1650;0.3181449321821968
1302;1650.5;0.318191148617477
1303;1651;0.31824171470160423
1304;1651.5;0.31830293816967775
1305;1652;0.3183790878208012
1306;1652.5;0.31846778067616943
1307;1653;0.31856635209287704
1308;1653.5;0.31867213742811884
1309;1654;0.3187824720391895
1310;1654.5;0.318894691283084
1311;1655;0.31900613051709675
1312;1655.5;0.3191141250983228
1313;1656;0.3192160470155335
1314;1656.5;0.31931277413920395
1315;1657;0.31940548880638014
1316;1657.5;0.3194952690478437
1317;1658;0.3195833503587765
1318;1658.5;0.31967096823416
1319;1659;0.31975935816927603
1320;1659.5;0.3198497556592061
1321;1660;0.31994339619913204
1322;1660.5;0.3200415152840353
1323;1661;0.3201453484090977
1324;1661.5;0.32025735321121157
1325;1662;0.32037655502465723
1326;1662.5;0.3205014237319265
1327;1663;0.3206313340412198
1328;1663.5;0.3207656606609374
1329;1664;0.32090377829927985
1330;1664.5;0.3210450616645474
1331;1665;0.32118888546504054
1332;1665.5;0.3213346244089597
1333;1666;0.32148165320460526
1334;1666.5;0.32163063842258355
1335;1667;0.3217835961522578
1336;1667.5;0.32194050436954263
1337;1668;0.32210165149087633
1338;1668.5;0.32226732593259716
1339;1669;0.3224378161108433
1340;1669.5;0.32261341044205327
1341;1670;0.32279439734236515
1342;1670.5;0.32298106522821723
1343;1671;0.32317370251574795
1344;1671.5;0.32337400462211285
1345;1672;0.32358848040949295
1346;1672.5;0.32381721830485866
1347;1673;0.32405904110377964
1348;1673.5;0.3243127716020261
1349;1674;0.3245772325949678
1350;1674.5;0.32485124687837486
1351;1675;0.32513363724771727
1352;1675.5;0.32542322649866495
1353;1676;0.32571883742668795
1354;1676.5;0.3260217644220297
1355;1677;0.3263518779248905
1356;1677.5;0.32671233102127123
1357;1678;0.3271005998993704
1358;1678.5;0.3275141434059864
1359;1679;0.3279504203879178
1360;1679.5;0.328406889691763
1361;1680;0.32888101016442056
1362;1680.5;0.3293702406523888
1363;1681;0.32987204000276626
1364;1681.5;0.3303852980165323
1365;1682;0.33093831528352163
1366;1682.5;0.3315387239275225
1367;1683;0.3321827901372745
1368;1683.5;0.33286691214251735
1369;1684;0.33358748816899053
1370;1684.5;0.33434091644643377
1371;1685;0.3351235952015865
1372;1685.5;0.3359319226621886
1373;1686;0.33676229705797933
1374;1686.5;0.33761132304087776
1375;1687;0.3385073896191672
1376;1687.5;0.3394694550923102
1377;1688;0.3404911901160861
1378;1688.5;0.3415660050472744
1379;1689;0.3426873102466545
1380;1689.5;0.3438485160720057
1381;1690;0.34504303288210747
1382;1690.5;0.3462642710369392
1383;1691;0.3475056408945803
1384;1691.5;0.3487605528141101
1385;1692;0.350044824460096
1386;1692.5;0.3513800576738519
1387;1693;0.35275961668136324
1388;1693.5;0.35417714835573877
1389;1694;0.3556262995681876
1390;1694.5;0.3571007171931185
1391;1695;0.35859404810314033
1392;1695.5;0.3600999391698621
1393;1696;0.3616120372678927
1394;1696.5;0.36312398926784106
1395;1697;0.3646444610314801
1396;1697.5;0.366199156087189
1397;1698;0.36778070522701833
1398;1698.5;0.3693810728356698
1399;1699;0.37099222329684467
1400;1699.5;0.37260612099524426
1401;1700;0.37421473031457014
1402;1700.5;0.37581001564052363
1403;1701;0.37738394135680614
1404;1701.5;0.3789284718471191
1405;1702;0.38044580228368685
1406;1702.5;0.3819674981384043
1407;1703;0.38348968047256304
1408;1703.5;0.3850043268238757
1409;1704;0.38650341472995464
1410;1704.5;0.3879789217283123
1411;1705;0.38942282535666106
1412;1705.5;0.3908271031527134
1413;1706;0.39218373265398176
1414;1706.5;0.39348469139807857
1415;1707;0.3947304747349504
1416;1707.5;0.3959699562273594
1417;1708;0.3972021365351235
1418;1708.5;0.3984137939727893
1419;1709;0.3995917032502032
1420;1709.5;0.4007226390772119
1421;1710;0.4017933761636618
1422;1710.5;0.4027906892192993
1423;1711;0.40370135295407117
1424;1711.5;0.4045121420777237
1425;1712;0.40521683223557525
1426;1712.5;0.40589735452231446
1427;1713;0.4065702271583195
1428;1713.5;0.4072202434463449
1429;1714;0.4078321424144461
1430;1714.5;0.40839066309047756
1431;1715;0.40888054450249467
1432;1715.5;0.40928652567835205
1433;1716;0.4095933456462048
1434;1716.5;0.4097857434338078
1435;1717;0.40985002705805823
1436;1717.5;0.40983521056926814
1437;1718;0.4097728514848688
1438;1718.5;0.4096655779360856
1439;1719;0.4095160053726441
1440;1719.5;0.4093267492441698
1441;1720;0.40910042500058835
1442;1720.5;0.4088396480914251
1443;1721;0.4085470339667057
1444;1721.5;0.40822519807595564
1445;1722;0.4078767342639319
1446;1722.5;0.4074935688274211
1447;1723;0.40706840654851817
1448;1723.5;0.406606905402038
1449;1724;0.40611532252469545
1450;1724.5;0.4055999150529053
1451;1725;0.40506694012338285
1452;1725.5;0.40452265487274275
1453;1726;0.4039733164378
1454;1726.5;0.4034251819548695
1455;1727;0.40288450856066615
1456;1727.5;0.4023277901283445
1457;1728;0.4017255832149137
1458;1728.5;0.4010929448216832
1459;1729;0.40044531244410014
1460;1729.5;0.3997981235760124
1461;1730;0.39916681571236723
1462;1730.5;0.39856682634791213
1463;1731;0.3980135929772945
1464;1731.5;0.3975225530953618
1465;1732;0.3971091441966615
1466;1732.5;0.39676132450126883
1467;1733;0.3964302949878073
1468;1733.5;0.3961196819069489
1469;1734;0.39583476202338475
1470;1734.5;0.3955808121020058
1471;1735;0.39536310890730303
1472;1735.5;0.3951869292037676
1473;1736;0.3950575497570902
1474;1736.5;0.39498024733056214
1475;1737;0.3949602986899743
1476;1737.5;0.3949995377034723
1477;1738;0.3950868456443434
1478;1738.5;0.39521684771935883
1479;1739;0.3953853097445924
1480;1739.5;0.3955879975361178
1481;1740;0.3958206769090086
1482;1740.5;0.3960791136803384
1483;1741;0.396359073664181
1484;1741.5;0.3966563226769099
1485;1742;0.396966626534799
1486;1742.5;0.3972964676043225
1487;1743;0.3976934202481278
1488;1743.5;0.3981505351674652
1489;1744;0.39865096049935583
1490;1744.5;0.39917784438052123
1491;1745;0.39971433494798275
1492;1745.5;0.4002435803386616
1493;1746;0.4007487286894792
1494;1746.5;0.40121292813715687
1495;1747;0.40161932681881585
1496;1747.5;0.4019577540207401
1497;1748;0.40226999845784084
1498;1748.5;0.4025631339367982
1499;1749;0.40283370528025353
1500;1749.5;0.4030782606891482
1501;1750;0.4032933483647236
1502;1750.5;0.40347551650802116
1503;1751;0.40362131332018236
1504;1751.5;0.4037272870021485
1505;1752;0.40378998575506103
1506;1752.5;0.4038046735213857
1507;1753;0.4037526807707986
1508;1753.5;0.40363453439805064
1509;1754;0.4034573518691042
1510;1754.5;0.4032282487228219
1511;1755;0.4029543404983662
1512;1755.5;0.40264274273449974
1513;1756;0.402300570970285
1514;1756.5;0.4019349407445844
1515;1757;0.4015529675965607
1516;1757.5;0.40116019346696713
1517;1758;0.4007165992048957
1518;1758.5;0.4002110368006111
1519;1759;0.39965238417667626
1520;1759.5;0.399049318468954
1521;1760;0.3984105168136073
1522;1760.5;0.3977446563463992
1523;1761;0.39706041420329263
1524;1761.5;0.39636646752035065
1525;1762;0.395671493433536
1526;1762.5;0.394983896873873
1527;1763;0.39428287918441013
1528;1763.5;0.393556721494445
1529;1764;0.3928112769124606
1530;1764.5;0.3920521875340399
1531;1765;0.39128509545476586
1532;1765.5;0.3905156427702213
1533;1766;0.38974947157598955
1534;1766.5;0.3889922239677531
1535;1767;0.3882495420411953
1536;1767.5;0.387527067116204
1537;1768;0.3868156671941098
1538;1768.5;0.3861040041894025
1539;1769;0.3853947846097481
1540;1769.5;0.3846908506646121
1541;1770;0.38399504456336075
1542;1770.5;0.38331020851535963
1543;1771;0.3826391847299746
1544;1771.5;0.3819848154165716
1545;1772;0.38134994278441636
1546;1772.5;0.38073740904307474
1547;1773;0.38013717503835154
1548;1773.5;0.3795353074209318
1549;1774;0.37893754972642535
1550;1774.5;0.37835002758639613
1551;1775;0.3777788666326082
1552;1775.5;0.3772301924965259
1553;1776;0.3767101308098132
1554;1776.5;0.3762248072040343
1555;1777;0.37578034731085325
1556;1777.5;0.3753828767619341
1557;1778;0.3750243417813463
1558;1778.5;0.37468089869498045
1559;1779;0.37435222197650964
1560;1779.5;0.37403858808259627
1561;1780;0.3737402734695026
1562;1780.5;0.3734575545939906
1563;1781;0.37319070791262254
1564;1781.5;0.37294000988166065
1565;1782;0.37270573695786713
1566;1782.5;0.37248816559780407
1567;1783;0.3722842132670463
1568;1783.5;0.37208786695350715
1569;1784;0.3718993107232512
1570;1784.5;0.37171805528734614
1571;1785;0.37154361135676
1572;1785.5;0.3713754896427607
1573;1786;0.371213200856216
1574;1786.5;0.3710562557082938
1575;1787;0.37090416490996203
1576;1787.5;0.3707564391722886
1577;1788;0.3706118370226982
1578;1788.5;0.3704690951196298
1579;1789;0.3703285785607797
1580;1789.5;0.37018995130834154
1581;1790;0.3700528773245089
1582;1790.5;0.36991702057137515
1583;1791;0.36978204501113376
1584;1791.5;0.3696476146058784
1585;1792;0.3695133933178026
1586;1792.5;0.3693790451091997
1587;1793;0.3692440004867525
1588;1793.5;0.3691064071510747
1589;1794;0.3689664644446159
1590;1794.5;0.36882524251075466
1591;1795;0.3686838114925688
1592;1795.5;0.36854324153363666
1593;1796;0.3684046027769362
1594;1796.5;0.36826896536594567
1595;1797;0.3681373994439433
1596;1797.5;0.368010975154107
1597;1798;0.3678903667509439
1598;1798.5;0.3677730582194947
1599;1799;0.3676581233472439
1600;1799.5;0.3675459105537819
1601;1800;0.36743676825869925
1602;1800.5;0.3673310448815864
1603;1801;0.3672290888420337
1604;1801.5;0.3671312485597318
1605;1802;0.367037872454171
1606;1802.5;0.36694930894504196
1607;1803;0.3668662904788965
1608;1803.5;0.366793272569628
1609;1804;0.36673066083409517
1610;1804.5;0.36667570269743
1611;1805;0.3666256454893646
1612;1805.5;0.3665777365394308
1613;1806;0.36652922317716075
1614;1806.5;0.36647735273208637
1615;1807;0.3664193725339397
1616;1807.5;0.36635252991215267
1617;1808;0.366274324526235
1618;1808.5;0.366186268180399
1619;1809;0.36609082795368725
1620;1809.5;0.36598896709087114
1621;1810;0.3658816439132226
1622;1810.5;0.3657698167420132
1623;1811;0.3656544438985146
1624;1811.5;0.3655364837040983
1625;1812;0.365416894479936
1626;1812.5;0.36529663454739947
1627;1813;0.36517582162336554
1628;1813.5;0.36504628093596925
1629;1814;0.36490771867234423
1630;1814.5;0.36476282224146855
1631;1815;0.3646142819386201
1632;1815.5;0.364464788059277
1633;1816;0.36431703089881723
1634;1816.5;0.3641737007528188
1635;1817;0.36403748791665963
1636;1817.5;0.3639110826856179
1637;1818;0.36379653459070255
1638;1818.5;0.36368657114890335
1639;1819;0.36357901814378063
1640;1819.5;0.3634739668275969
1641;1820;0.36337149190761464
1642;1820.5;0.36327166809109623
1643;1821;0.36317457008510434
1644;1821.5;0.3630802725971013
1645;1822;0.3629888503340496
1646;1822.5;0.36290037800331176
1647;1823;0.3628148954140594
1648;1823.5;0.3627303246241539
1649;1824;0.3626439490680965
1650;1824.5;0.3625565799221815
1651;1825;0.3624691197398032
1652;1825.5;0.362382471074356
1653;1826;0.36229753647903407
1654;1826.5;0.36221521850723165
1655;1827;0.36213641971234317
1656;1827.5;0.3620620426476628
1657;1828;0.36199311400847034
1658;1828.5;0.36193310170071674
1659;1829;0.3618815920878623
1660;1829.5;0.36183629809535844
1661;1830;0.3617949373790563
1662;1830.5;0.3617552275948072
1663;1831;0.3617148863983625
1664;1831.5;0.36167163144587355
1665;1832;0.3616231803929914
1666;1832.5;0.3615672508955675
1667;1833;0.36150156266149513
1668;1833.5;0.3614259485253532
1669;1834;0.361344434349412
1670;1834.5;0.3612579861870092
1671;1835;0.36116739211268306
1672;1835.5;0.36107344020107135
1673;1836;0.3609769185267119
1674;1836.5;0.3608786151641428
1675;1837;0.360779318188002
1676;1837.5;0.36067981567302737
1677;1838;0.3605808511112268
1678;1838.5;0.3604810957175207
1679;1839;0.360379257514206
1680;1839.5;0.360275334221578
1681;1840;0.3601693504026317
1682;1840.5;0.3600613306205625
1683;1841;0.3599512994381655
1684;1841.5;0.3598392814186359
1685;1842;0.3597253011248691
1686;1842.5;0.35960938311986
1687;1843;0.3594914960894003
1688;1843.5;0.3593711152785775
1689;1844;0.3592522145138686
1690;1844.5;0.3591347926038428
1691;1845;0.3590185126754693
1692;1845.5;0.3589030378562173
1693;1846;0.3587880312731559
1694;1846.5;0.3586731560535544
1695;1847;0.3585580753247816
1696;1847.5;0.3584424522137871
1697;1848;0.3583258843874814
1698;1848.5;0.3582058033004579
1699;1849;0.3580841318673843
1700;1849.5;0.3579615388097982
1701;1850;0.3578384392756078
1702;1850.5;0.357715248412711
1703;1851;0.35759238136900595
1704;1851.5;0.35747025329242044
1705;1852;0.35734927933084265
1706;1852.5;0.35722987463218037
1707;1853;0.3571124244056382
1708;1853.5;0.3569951258563344
1709;1854;0.35687608030646384
1710;1854.5;0.35675611302624244
1711;1855;0.3566361652652363
1712;1855.5;0.3565171782733115
1713;1856;0.356400093300134
1714;1856.5;0.3562858515953701
1715;1857;0.35617539440858564
1716;1857.5;0.3560696629896469
1717;1858;0.35596955668842634
1718;1858.5;0.35587324219962707
1719;1859;0.3557785422226671
1720;1859.5;0.3556857942790922
1721;1860;0.3555954402663482
1722;1860.5;0.3555079220820809
1723;1861;0.355423681623736
1724;1861.5;0.3553431607888594
1725;1862;0.3552668014748971
1726;1862.5;0.35519504557949444
1727;1863;0.3551283510125859
1728;1863.5;0.3550680079816472
1729;1864;0.35501499071841225
1730;1864.5;0.3549691795817149
1731;1865;0.35493041077098925
1732;1865.5;0.35489852048536885
1733;1866;0.35487334492418776
1734;1866.5;0.3548547202866798
1735;1867;0.35484248277187896
1736;1867.5;0.35483646857931916
1737;1868;0.35483692648177934
1738;1868.5;0.3548602313414742
1739;1869;0.35491125205888874
1740;1869.5;0.35498601473541447
1741;1870;0.3550806128673428
1742;1870.5;0.3551911399505655
1743;1871;0.3553136894812736
1744;1871.5;0.355444354955459
1745;1872;0.3555792298692129
1746;1872.5;0.3557144077187269
1747;1873;0.3558467620810418
1748;1873.5;0.3559985409486301
1749;1874;0.35617669578244066
1750;1874.5;0.3563787501051318
1751;1875;0.3566024444529624
1752;1875.5;0.3568455193621908
1753;1876;0.3571057153689755
1754;1876.5;0.35738077300977533
1755;1877;0.3576684328206484
1756;1877.5;0.3579664353380537
1757;1878;0.3582734872088253
1758;1878.5;0.358615342373142
1759;1879;0.35900336968957147
1760;1879.5;0.3594332300142565
1761;1880;0.35990045413874017
1762;1880.5;0.36040057285456556
1763;1881;0.3609291169533756
1764;1881.5;0.3614816172266133
1765;1882;0.36205360446592166
1766;1882.5;0.3626406094628437
1767;1883;0.36323977743418884
1768;1883.5;0.36388083774157465
1769;1884;0.36457120029098167
1770;1884.5;0.3653013253186935
1771;1885;0.3660615676524933
1772;1885.5;0.3668422821196648
1773;1886;0.3676338235480913
1774;1886.5;0.3684265467650563
1775;1887;0.3692108065983432
1776;1887.5;0.3699769578754356
1777;1888;0.37071703741109496
1778;1888.5;0.37145033317804854
1779;1889;0.3721828816443658
1780;1889.5;0.3729141333415631
1781;1890;0.3736436008629565
1782;1890.5;0.37437079680686225
1783;1891;0.3750952337675967
1784;1891.5;0.3758164243404761
1785;1892;0.3765338811218166
1786;1892.5;0.3772471167069344
1787;1893;0.37795582984088083
1788;1893.5;0.37866277394728953
1789;1894;0.37936930976173694
1790;1894.5;0.38007452702338407
1791;1895;0.3807774953253914
1792;1895.5;0.3814772842639199
1793;1896;0.3821729634321302
1794;1896.5;0.38286360242418305
1795;1897;0.3835482708352393
1796;1897.5;0.38422603825945956
1797;1898;0.38489568624671067
1798;1898.5;0.38555369598596567
1799;1899;0.3862006243760227
1800;1899.5;0.3868390250326892
1801;1900;0.38747145641177266
1802;1900.5;0.38810047696808053
1803;1901;0.38872864515642014
1804;1901.5;0.3893585194325992
1805;1902;0.389992658252425
1806;1902.5;0.3906336200707051
1807;1903;0.391283363059038
1808;1903.5;0.39193751706679064
1809;1904;0.39259341810913007
1810;1904.5;0.3932511402069797
1811;1905;0.3939107584922633
1812;1905.5;0.3945723480949047
1813;1906;0.39523598414882744
1814;1906.5;0.39590174178395526
1815;1907;0.3965696961322118
1816;1907.5;0.39723992232552086
1817;1908;0.3979123730577651
1818;1908.5;0.3985872910988473
1819;1909;0.3992650918944093
1820;1909.5;0.3999454263825296
1821;1910;0.40062794550028685
1822;1910.5;0.4013123001847596
1823;1911;0.40199814137502665
1824;1911.5;0.4026851200071665
1825;1912;0.40337288701925755
1826;1912.5;0.4040610933493786
1827;1913;0.4047492836124296
1828;1913.5;0.4054351686248655
1829;1914;0.4061185435282896
1830;1914.5;0.40680073433945535
1831;1915;0.4074830670801159
1832;1915.5;0.40816686777002487
1833;1916;0.4088534624289351
1834;1916.5;0.4095441770756003
1835;1917;0.4102403377297737
1836;1917.5;0.41094327041320844
1837;1918;0.41165542357301926
1838;1918.5;0.41237707841818116
1839;1919;0.4131051972052367
1840;1919.5;0.4138381724414237
1841;1920;0.41457439663197954
1842;1920.5;0.415312262285142
1843;1921;0.41605016190514854
1844;1921.5;0.4167864879992371
1845;1922;0.4175196330726451
1846;1922.5;0.4182479896326104
1847;1923;0.4189730616052659
1848;1923.5;0.41970078825966856
1849;1924;0.4204296829647216
1850;1924.5;0.421157736873941
1851;1925;0.42188294113884234
1852;1925.5;0.42260328691094157
1853;1926;0.4233167653427544
1854;1926.5;0.4240213675857968
1855;1927;0.4247150847935843
1856;1927.5;0.42539590811663286
1857;1928;0.4260642460287782
1858;1928.5;0.42672400359918916
1859;1929;0.42737564525101834
1860;1929.5;0.4280193403179656
1861;1930;0.42865525813473104
1862;1930.5;0.42928356803301415
1863;1931;0.42990443934851513
1864;1931.5;0.43051804141393396
1865;1932;0.43112454356397023
1866;1932.5;0.4317241151313242
1867;1933;0.4323255497408126
1868;1933.5;0.4329349900923747
1869;1934;0.4335464940564865
1870;1934.5;0.4341540665273844
1871;1935;0.43475171240230476
1872;1935.5;0.43533343657648393
1873;1936;0.4358932439481583
1874;1936.5;0.4364251394115642
1875;1937;0.436923127863938
1876;1937.5;0.43738134213292756
1877;1938;0.43781582887881487
1878;1938.5;0.43823769657396294
1879;1939;0.4386439025814141
1880;1939.5;0.43903157157821127
1881;1940;0.43939782824039686
1882;1940.5;0.43973979724601353
1883;1941;0.4400546032721039
1884;1941.5;0.4403393709957105
1885;1942;0.44059122509387605
1886;1942.5;0.4408082158054352
1887;1943;0.441016696107093
1888;1943.5;0.4412249549891599
1889;1944;0.4414280911305263
1890;1944.5;0.4416213247020826
1891;1945;0.44179987587471903
1892;1945.5;0.4419589648193261
1893;1946;0.44209381170679396
1894;1946.5;0.442199636708013
1895;1947;0.4422716599938735
1896;1947.5;0.44230617712007436
1897;1948;0.4423171119127557
1898;1948.5;0.4423139176394802
1899;1949;0.4422967706202199
1900;1949.5;0.4422657144709463
1901;1950;0.4422207928066311
1902;1950.5;0.4421620492432461
1903;1951;0.4420895273977631
1904;1951.5;0.4420032708841535
1905;1952;0.4419033233193891
1906;1952.5;0.4417873265839239
1907;1953;0.44164314991628767
1908;1953.5;0.4414744425624881
1909;1954;0.4412830615505522
1910;1954.5;0.44107084727950696
1911;1955;0.44083964015137933
1912;1955.5;0.44059128056619656
1913;1956;0.44032760892498535
1914;1956.5;0.44005046562877304
1915;1957;0.43976169107658647
1916;1957.5;0.43945875798696693
1917;1958;0.4391262964240129
1918;1958.5;0.4387666424574682
1919;1959;0.43838458046576767
1920;1959.5;0.4379848948263457
1921;1960;0.4375723699156372
1922;1960.5;0.43715179011307653
1923;1961;0.4367279397950986
1924;1961.5;0.43630560333813795
1925;1962;0.4358895651216293
1926;1962.5;0.43547988093924717
1927;1963;0.43506432964629826
1928;1963.5;0.4346422074101069
1929;1964;0.43421534328905026
1930;1964.5;0.43378556633850557
1931;1965;0.4333547056168497
1932;1965.5;0.43292459017845975
1933;1966;0.432497049082713
1934;1966.5;0.43207391138498663
1935;1967;0.4316570061426576
1936;1967.5;0.4312449579617816
1937;1968;0.4308324536197148
1938;1968.5;0.4304195714494994
1939;1969;0.4300070609403588
1940;1969.5;0.429595671581516
1941;1970;0.4291861528611946
1942;1970.5;0.42877925426761776
1943;1971;0.4283757252900086
1944;1971.5;0.42797631541659076
1945;1972;0.4275817569098043
1946;1972.5;0.4271898671721174
1947;1973;0.42679956292984167
1948;1973.5;0.42641146500098814
1949;1974;0.42602611821356773
1950;1974.5;0.4256440673995911
1951;1975;0.4252658573880693
1952;1975.5;0.4248920330090133
1953;1976;0.4245231390914338
1954;1976.5;0.42415972046634176
1955;1977;0.4238021557152744
1956;1977.5;0.42344741489025467
1957;1978;0.42309459020574575
1958;1978.5;0.42274434548265216
1959;1979;0.42239735001487866
1960;1979.5;0.42205427309133015
1961;1980;0.42171578400591103
1962;1980.5;0.42138255204952635
1963;1981;0.42105524651308074
1964;1981.5;0.4207345366884788
1965;1982;0.4204197599107336
1966;1982.5;0.4201012388970561
1967;1983;0.419778978985985
1968;1983.5;0.41945725089392527
1969;1984;0.4191403486182826
1970;1984.5;0.41883256616046227
1971;1985;0.4185381975188697
1972;1985.5;0.4182615366919104
1973;1986;0.4180068776799898
1974;1986.5;0.41777851448251313
1975;1987;0.4175757852336308
1976;1987.5;0.4173840789491228
1977;1988;0.4172037651383967
1978;1988.5;0.4170365447529839
1979;1989;0.41688411874241604
1980;1989.5;0.4167481880592245
1981;1990;0.4166304536549409
1982;1990.5;0.4165326164800966
1983;1991;0.41645637748622333
1984;1991.5;0.4164034376248525
1985;1992;0.4163804600761223
1986;1992.5;0.4163964490960416
1987;1993;0.4164478948532399
1988;1993.5;0.41653034187377014
1989;1994;0.4166393346846851
1990;1994.5;0.4167704178100375
1991;1995;0.41691913577688056
1992;1995.5;0.4170810331112668
1993;1996;0.41725165433724926
1994;1996.5;0.4174265885980587
1995;1997;0.4176336591575433
1996;1997.5;0.41789388203065475
1997;1998;0.4182011768337891
1998;1998.5;0.4185497849283425
1999;1999;0.4189339476727111
2000;1999.5;0.4193479064252908
2001;2000;0.4197859025474779
2002;2000.5;0.4202421773966683
2003;2001;0.42071097233325816
2004;2001.5;0.42118872913460903
2005;2002;0.4217157176012303
2006;2002.5;0.42230172338926186
2007;2003;0.4229328643045842
2008;2003.5;0.42359493265807757
2009;2004;0.4242737207566221
2010;2004.5;0.4249550209100982
2011;2005;0.425624625427386
2012;2005.5;0.4262683266193659
2013;2006;0.42687191679191816
2014;2006.5;0.42742797958009426
2015;2007;0.4279720314403555
2016;2007.5;0.42851105384870747
2017;2008;0.42904118439478844
2018;2008.5;0.42955851198023665
2019;2009;0.4300591255076903
2020;2009.5;0.43053911387778765
2021;2010;0.4309945659911668
2022;2010.5;0.4314215707514662
2023;2011;0.43181621705832385
2024;2011.5;0.4321821746332308
2025;2012;0.43253707668699565
2026;2012.5;0.4328804272943125
2027;2013;0.43321104572805086
2028;2013.5;0.4335277512620803
2029;2014;0.43382936317027043
2030;2014.5;0.4341147007254905
2031;2015;0.43438258320261003
2032;2015.5;0.43463182987549864
2033;2016;0.43486126001602565
2034;2016.5;0.4350717799478822
2035;2017;0.43527130664565644
2036;2017.5;0.4354635071280974
2037;2018;0.4356505868440683
2038;2018.5;0.435834751243432
2039;2019;0.4360182057740515
2040;2019.5;0.43620315588478975
2041;2020;0.4363918070255098
2042;2020.5;0.4365863646460747
2043;2021;0.436788771902652
2044;2021.5;0.4369921316203915
2045;2022;0.4371915702774622
2046;2022.5;0.4373898344565072
2047;2023;0.43759008455916926
2048;2023.5;0.4377954809900916
2049;2024;0.4380091841529172
2050;2024.5;0.4382343544512888
2051;2025;0.4384741522888497
2052;2025.5;0.4387317380682426
2053;2026;0.4390164052112665
2054;2026.5;0.43936682428136997
2055;2027;0.4397792596527828
2056;2027.5;0.44024656211725244
2057;2028;0.4407617129875258
2058;2028.5;0.4413176935763505
2059;2029;0.4419074851954736
2060;2029.5;0.4425240691586424
2061;2030;0.4431604267776043
2062;2030.5;0.4438095393651064
2063;2031;0.44448983826580724
2064;2031.5;0.445259146760651
2065;2032;0.4461132254424637
2066;2032.5;0.4470435766705355
2067;2033;0.44804170280115657
2068;2033.5;0.44909910619361676
2069;2034;0.45020728920420616
2070;2034.5;0.45135775419221486
2071;2035;0.4525420035139329
2072;2035.5;0.4537515602363543
2073;2036;0.4550262115628003
2074;2036.5;0.4563981287233898
2075;2037;0.45785197493621366
2076;2037.5;0.459372033348363
2077;2038;0.46094258711292896
2078;2038.5;0.4625479193790022
2079;2039;0.46417231329767406
2080;2039.5;0.4658000520180354
2081;2040;0.4674154186911773
2082;2040.5;0.4690091883572679
2083;2041;0.4706594528101129
2084;2041.5;0.4723731772071561
2085;2042;0.47412447617079206
2086;2042.5;0.47588749781641565
2087;2043;0.4776363902594215
2088;2043.5;0.47934530161620437
2089;2044;0.48098838000115907
2090;2044.5;0.48253977353068034
2091;2045;0.48397363032016283
2092;2045.5;0.48529089133720815
2093;2046;0.48658100483808153
2094;2046.5;0.48784181422677664
2095;2047;0.489052533722748
2096;2047.5;0.49019232923345024
2097;2048;0.4912403666643382
2098;2048.5;0.4921758119238665
2099;2049;0.4929778309174896
2100;2049.5;0.49362558955266245
2101;2050;0.4940982537368394
2102;2050.5;0.494367636564039
2103;2051;0.49442612738908337
2104;2051.5;0.494290711645189
2105;2052;0.4939778536678781
2106;2052.5;0.4935040177906731
2107;2053;0.4928856683490966
2108;2053.5;0.49213926967667077
2109;2054;0.491281286108918
2110;2054.5;0.4903281819793607
2111;2055;0.48929020245158517
2112;2055.5;0.48803315443841744
2113;2056;0.48652657727126203
2114;2056.5;0.48481111226380313
2115;2057;0.4829276021637249
2116;2057.5;0.480916889718711
2117;2058;0.4788198176764461
2118;2058.5;0.4766772287826139
2119;2059;0.4745299657848986
2120;2059.5;0.4724188714309842
2121;2060;0.4703476702153787
2122;2060.5;0.4681749580330126
2123;2061;0.46590962244824086
2124;2061.5;0.463584559003044
2125;2062;0.4612326742834029
2126;2062.5;0.45888687487629803
2127;2063;0.4565800673697099
2128;2063.5;0.45434515835061945
2129;2064;0.45221505440600707
2130;2064.5;0.45022266212185347
2131;2065;0.44833595140191773
2132;2065.5;0.44648184075661945
2133;2066;0.44467266732992305
2134;2066.5;0.44291999648650915
2135;2067;0.4412353935910587
2136;2067.5;0.43963042400925234
2137;2068;0.43811665310577075
2138;2068.5;0.43670564624429486
2139;2069;0.4354089687905053
2140;2069.5;0.43423419340986397
2141;2070;0.433098130227562
2142;2070.5;0.4319739171062159
2143;2071;0.4308767065068996
2144;2071.5;0.4298217130786869
2145;2072;0.42882415147265174
2146;2072.5;0.42789923633986787
2147;2073;0.42706218233140947
2148;2073.5;0.4263282040973501
2149;2074;0.4257125162897637
2150;2074.5;0.4252052407766894
2151;2075;0.4247145911221885
2152;2075.5;0.4242373223462125
2153;2076;0.42378232903452284
2154;2076.5;0.4233585486168813
2155;2077;0.42297491852304986
2156;2077.5;0.4226403761807898
2157;2078;0.42236385901886325
2158;2078.5;0.4221543044680316
2159;2079;0.4220206499550567
2160;2079.5;0.421924815705076
2161;2080;0.4218219133314441
2162;2080.5;0.4217190528406216
2163;2081;0.4216212764318831
2164;2081.5;0.42153362630150254
2165;2082;0.42146114464675416
2166;2082.5;0.4214088736669123
2167;2083;0.42138185555825114
2168;2083.5;0.4213851325200447
2169;2084;0.42142209916633017
2170;2084.5;0.4214750735152918
2171;2085;0.4215369134693915
2172;2085.5;0.4216063224888071
2173;2086;0.4216820309247164
2174;2086.5;0.42176276912929744
2175;2087;0.4218472674537278
2176;2087.5;0.4219342562491855
2177;2088;0.42202246586784825
2178;2088.5;0.4221106266598939
2179;2089;0.422198991986777
2180;2089.5;0.4222869972704717
2181;2090;0.42237053494626775
2182;2090.5;0.42245203705490064
2183;2091;0.4225339925391064
2184;2091.5;0.42261889034462047
2185;2092;0.42270921941117845
2186;2092.5;0.42280746868451635
2187;2093;0.4229161271063696
2188;2093.5;0.4230378096127708
2189;2094;0.4231854956971163
2190;2094.5;0.4233662721964967
2191;2095;0.4235759682650079
2192;2095.5;0.42380960992874606
2193;2096;0.4240622232128074
2194;2096.5;0.42432883414228784
2195;2097;0.42460446874128355
2196;2097.5;0.4248841530358904
2197;2098;0.4251629130512048
2198;2098.5;0.42543909835419386
2199;2099;0.42572640098237874
2200;2099.5;0.4260269321273277
2201;2100;0.426339655369998
2202;2100.5;0.4266633809573478
2203;2101;0.4269969191363344
2204;2101.5;0.4273390801549157
2205;2102;0.4276886742620493
2206;2102.5;0.4280445117056929
2207;2103;0.42840540273180433
2208;2103.5;0.42877583545352876
2209;2104;0.42915948925671465
2210;2104.5;0.429554126521064
2211;2105;0.4299607275002456
2212;2105.5;0.43038027244992805
2213;2106;0.4308137416247799
2214;2106.5;0.4312621152784697
2215;2107;0.43172637366866606
2216;2107.5;0.43220749704703765
2217;2108;0.43270756012710876
2218;2108.5;0.43323876139605055
2219;2109;0.43380620622389116
2220;2109.5;0.43440427488692174
2221;2110;0.4350259526844332
2222;2110.5;0.4356642249167163
2223;2111;0.43631207688306217
2224;2111.5;0.43696249388276176
2225;2112;0.4376084612151058
2226;2112.5;0.43824296417938546
2227;2113;0.43886379748351445
2228;2113.5;0.439473184106839
2229;2114;0.4400682866716942
2230;2114.5;0.44065331902814264
2231;2115;0.4412325556022475
2232;2115.5;0.4418102708170718
2233;2116;0.44239073909667803
2234;2116.5;0.44297823486412957
2235;2117;0.4435770325434891
2236;2117.5;0.4441919486810402
2237;2118;0.44483694560258036
2238;2118.5;0.4455076689144791
2239;2119;0.44619552851060273
2240;2119.5;0.4468936170938173
2241;2120;0.4475950273639889
2242;2120.5;0.44829285202198355
2243;2121;0.4489801837706674
2244;2121.5;0.44965011530990645
2245;2122;0.450295739341567
2246;2122.5;0.45091905197379
2247;2123;0.451537095811742
2248;2123.5;0.45214431878802663
2249;2124;0.45273780839080136
2250;2124.5;0.4533147899942242
2251;2125;0.4538724889694528
2252;2125.5;0.4544081306916449
2253;2126;0.45491894053195836
2254;2126.5;0.455402143863551
2255;2127;0.4558553693513227
2256;2127.5;0.4562934350937827
2257;2128;0.4567294094831705
2258;2128.5;0.4571625359998368
2259;2129;0.4575896508921325
2260;2129.5;0.4580075904114082
2261;2130;0.45841319080801457
2262;2130.5;0.4588032883323024
2263;2131;0.45917471923262243
2264;2131.5;0.4595243197623254
2265;2132;0.45985202992465934
2266;2132.5;0.46016381070061724
2267;2133;0.4604591365018412
2268;2133.5;0.46073787599688043
2269;2134;0.46099982546928314
2270;2134.5;0.46124478120559836
2271;2135;0.46147253948837497
2272;2135.5;0.4616828966041614
2273;2136;0.4618756488355067
2274;2136.5;0.46205040603608116
2275;2137;0.4621997145534503
2276;2137.5;0.46232671686295107
2277;2138;0.46243845763765534
2278;2138.5;0.4625420087946354
2279;2139;0.46264444225596335
2280;2139.5;0.4627528299407112
2281;2140;0.46287424377095104
2282;2140.5;0.46301575566475517
2283;2141;0.4631844375421955
2284;2141.5;0.4633828283001858
2285;2142;0.463595332382298
2286;2142.5;0.46381433757425095
2287;2143;0.4640384214852504
2288;2143.5;0.4642664976675019
2289;2144;0.4644974796712111
2290;2144.5;0.46473028104558356
2291;2145;0.46496381534182507
2292;2145.5;0.4651969961111411
2293;2146;0.4654285996515184
2294;2146.5;0.4656541316528432
2295;2147;0.4658715190494046
2296;2147.5;0.4660830785298186
2297;2148;0.4662958797037007
2298;2148.5;0.46651699217866655
2299;2149;0.4667534855663318
2300;2149.5;0.4670124294743121
2301;2150;0.46730089351122306
2302;2150.5;0.4676259472866805
2303;2151;0.4680051388712013
2304;2151.5;0.4684675094082606
2305;2152;0.4690050245890564
2306;2152.5;0.46960413975756515
2307;2153;0.4702509358587637
2308;2153.5;0.47093149384062877
2309;2154;0.471631894647137
2310;2154.5;0.472338219226265
2311;2155;0.47303654852298943
2312;2155.5;0.47371434203493684
2313;2156;0.4743966384532502
2314;2156.5;0.4750931992805043
2315;2157;0.4758003546804789
2316;2157.5;0.4765159326649542
2317;2158;0.47723776124571005
2318;2158.5;0.4779636684345264
2319;2159;0.47869148224318325
2320;2159.5;0.47941903068346053
2321;2160;0.48014414176813813
2322;2160.5;0.4808699031652958
2323;2161;0.48160537223381955
2324;2161.5;0.4823457116688963
2325;2162;0.4830892689823442
2326;2162.5;0.48383473065898136
2327;2163;0.48458078318262576
2328;2163.5;0.48532611303709555
2329;2164;0.4860694067062088
2330;2164.5;0.48680935067378367
2331;2165;0.4875461892977479
2332;2165.5;0.4882977573828148
2333;2166;0.48906332536882724
2334;2166.5;0.4898354300847168
2335;2167;0.49060719837941535
2336;2167.5;0.49137175710385445
2337;2168;0.4921222331049657
2338;2168.5;0.49285175323468094
2339;2169;0.49355344433993187
2340;2169.5;0.4942204332726499
2341;2170;0.4948552847994362
2342;2170.5;0.49547155742990956
2343;2171;0.49607454288173936
2344;2171.5;0.4966645941144277
2345;2172;0.4972418157874773
2346;2172.5;0.4978063125573901
2347;2173;0.4983581890846687
2348;2173.5;0.4988975500268154
2349;2174;0.4994245000423324
2350;2174.5;0.4999405481555092
2351;2175;0.5004519354540323
2352;2175.5;0.5009483122229449
2353;2176;0.5014250377154454
2354;2176.5;0.5018804017197327
2355;2177;0.502312694027005
2356;2177.5;0.5027202044254612
2357;2178;0.5031012227063
2358;2178.5;0.5034540386607201
2359;2179;0.5037770344436604
2360;2179.5;0.5040877779624506
2361;2180;0.5043976802121465
2362;2180.5;0.5046995444899333
2363;2181;0.504989717872996
2364;2181.5;0.5052646271085196
2365;2182;0.5055206989236893
2366;2182.5;0.5057543600856903
2367;2183;0.5059620373317073
2368;2183.5;0.5061401573989255
2369;2184;0.5062958177452529
2370;2184.5;0.506455064113915
2371;2185;0.5066084123884977
2372;2185.5;0.5067478605058476
2373;2186;0.506866142802812
2374;2186.5;0.5069559936462373
2375;2187;0.5070101473829709
2376;2187.5;0.5070213383798594
2377;2188;0.5069823009637496
2378;2188.5;0.5068875677555976
2379;2189;0.5067625814720739
2380;2189.5;0.5066220945450324
2381;2190;0.5064684234319421
2382;2190.5;0.5063023004202718
2383;2191;0.5061244577874904
2384;2191.5;0.5059356278210668
2385;2192;0.50573654279847
2386;2192.5;0.505527934997169
2387;2193;0.5053105367046324
2388;2193.5;0.5050776935721576
2389;2194;0.5048200752084253
2390;2194.5;0.5045402073123059
2391;2195;0.5042448928296156
2392;2195.5;0.5039411766761712
2393;2196;0.5036361037677897
2394;2196.5;0.5033367190202875
2395;2197;0.5030500673294811
2396;2197.5;0.5027831936311877
2397;2198;0.5025407071236102
2398;2198.5;0.5023166574505665
2399;2199;0.5021048369823464
2400;2199.5;0.5019016376701916
2401;2200;0.5017062297253438
2402;2200.5;0.5015177833090451
2403;2201;0.5013354686125371
2404;2201.5;0.5011584558270619
2405;2202;0.5009859151338614
2406;2202.5;0.5008178232474763
2407;2203;0.5006739972133213
2408;2203.5;0.5005578578357612
2409;2204;0.5004631421087004
2410;2204.5;0.5003800473760428
2411;2205;0.500298713041693
2412;2205.5;0.500209278529555
2413;2206;0.5001018832635328
2414;2206.5;0.4999666666675309
2415;2207;0.4997937681554534
2416;2207.5;0.4995617858817446
2417;2208;0.4992535107568795
2418;2208.5;0.49886976539214556
2419;2209;0.4984265224811789
2420;2209.5;0.49794226913761663
2421;2210;0.4974354924550952
2422;2210.5;0.49692467956725117
2423;2211;0.4964283175677213
2424;2211.5;0.495964893570142
2425;2212;0.4955464986036615
2426;2212.5;0.4951554417543932
2427;2213;0.49477733621407777
2428;2213.5;0.49440244579935977
2429;2214;0.4940286972868833
2430;2214.5;0.4936540174532927
2431;2215;0.49327633307523244
2432;2215.5;0.49289357092934677
2433;2216;0.4925036578022799
2434;2216.5;0.49210318697684075
2435;2217;0.49166360615767835
2436;2217.5;0.49118307486144364
2437;2218;0.49067563357195293
2438;2218.5;0.4901562046130222
2439;2219;0.4896397123884679
2440;2219.5;0.4891410812821061
2441;2220;0.48867523567775295
2442;2220.5;0.48825709997922484
2443;2221;0.48790159857033777
2444;2221.5;0.48759694175741464
2445;2222;0.48731921496904695
2446;2222.5;0.487082790467238
2447;2223;0.4868838671026546
2448;2223.5;0.4867152745559631
2449;2224;0.4865698425278298
2450;2224.5;0.48644040069892114
2451;2225;0.4863197787699039
2452;2225.5;0.48620080642144436
2453;2226;0.4860750459106583
2454;2226.5;0.4859314220844639
2455;2227;0.48576486494659255
2456;2227.5;0.4855800733618373
2457;2228;0.48538402512499135
2458;2228.5;0.48518369802084765
2459;2229;0.4849860698541996
2460;2229.5;0.48479811843983994
2461;2230;0.4846268215525621
2462;2230.5;0.48447793040904485
2463;2231;0.4843477101687216
2464;2231.5;0.4842372146182636
2465;2232;0.4841404572715454
2466;2232.5;0.48405833837244183
2467;2233;0.48399191406482744
2468;2233.5;0.4839422405225771
2469;2234;0.48391037388956554
2470;2234.5;0.4838973703396672
2471;2235;0.4839041272255498
2472;2235.5;0.4839191872013925
2473;2236;0.4839360437456328
2474;2236.5;0.4839645721639602
2475;2237;0.48400538187206427
2476;2237.5;0.4840576608156343
2477;2238;0.4841205969803597
2478;2238.5;0.48419337832193
2479;2239;0.4842751928160345
2480;2239.5;0.4843652284383627
2481;2240;0.48448603500327875
2482;2240.5;0.4846639959421054
2483;2241;0.48485500955714683
2484;2241.5;0.4850468328101849
2485;2242;0.485241578843001
2486;2242.5;0.4854413608273768
2487;2243;0.4856482919150942
2488;2243.5;0.4858644852579344
2489;2244;0.4860920540076794
2490;2244.5;0.4863485824739528
2491;2245;0.4866930408122029
2492;2245.5;0.487133965527231
2493;2246;0.48765786741909983
2494;2246.5;0.4882463076778715
2495;2247;0.4888808474636089
2496;2247.5;0.489543047926374
2497;2248;0.49021447024622944
2498;2248.5;0.4908766755732377
2499;2249;0.4915149254540839
2500;2249.5;0.4921429274892987
2501;2250;0.492767662752823

