Sample name;3-DWS3836S320R-02
Subsample name;子样品1
Subsample status;Finished
Operating procedure;OP:PA6采谱
Determination start;2026-04-30 07:41:07Z

MEAS SPEC;记录光谱 1;Met：PA6采谱  1
MP list
#;Wavelength / nm;Absorbance / AU
1;1000;0.41777385272944956
2;1000.5;0.41774315407184553
3;1001;0.41768799432434045
4;1001.5;0.41761764566998744
5;1002;0.4175386422887392
6;1002.5;0.417457518160549
7;1003;0.4173808074653695
8;1003.5;0.41731504438315375
9;1004;0.41726676289385456
10;1004.5;0.417242497077425
11;1005;0.4172487812138178
12;1005.5;0.4172890755963796
13;1006;0.4173546961187208
14;1006.5;0.4174395723862222
15;1007;0.41753852153264165
16;1007.5;0.4176463609917369
17;1008;0.4177579080972655
18;1008.5;0.4178679799829851
19;1009;0.4179713941826536
20;1009.5;0.4180629680300285
21;1010;0.4181375195128611
22;1010.5;0.41819867006907285
23;1011;0.4182611915142479
24;1011.5;0.418324661354597
25;1012;0.4183874242963313
26;1012.5;0.41844782504566147
27;1013;0.41850420820879836
28;1013.5;0.418554918391953
29;1014;0.41859830030133593
30;1014.5;0.41863269864315844
31;1015;0.4186566861866652
32;1015.5;0.4186746883469278
33;1016;0.4186828611971228
34;1016.5;0.4186826098248284
35;1017;0.4186757826176232
36;1017.5;0.41866422786308516
37;1018;0.41864979394879265
38;1018.5;0.4186343291623241
39;1019;0.41861968189125764
40;1019.5;0.41860770042317164
41;1020;0.4186003719310902
42;1020.5;0.41859920974541637
43;1021;0.41860139870545465
44;1021.5;0.41860694056603176
45;1022;0.41861589198197385
46;1022.5;0.4186283095081077
47;1023;0.41864424989925986
48;1023.5;0.4186637699102568
49;1024;0.41868692599592483
50;1024.5;0.41871377501109086
51;1025;0.4187431527631003
52;1025.5;0.41877356576882485
53;1026;0.4188096256340346
54;1026.5;0.418849856205743
55;1027;0.41889278163096355
56;1027.5;0.41893692565670976
57;1028;0.41898081232999546
58;1028.5;0.4190229654978338
59;1029;0.4190619092072385
60;1029.5;0.41909616730522314
61;1030;0.41912573388605046
62;1030.5;0.4191536644774681
63;1031;0.4191796344373084
64;1031.5;0.41920416639553004
65;1032;0.4192277832820917
66;1032.5;0.4192510079269523
67;1033;0.41927436316007044
68;1033.5;0.4192983719114052
69;1034;0.41932355681091504
70;1034.5;0.41935044078855865
71;1035;0.41938330165578896
72;1035.5;0.4194257873681642
73;1036;0.41947313295373734
74;1036.5;0.41952282468630225
75;1037;0.41957234843965335
76;1037.5;0.4196191904875846
77;1038;0.4196608368038902
78;1038.5;0.4196947736623643
79;1039;0.41971848703680104
80;1039.5;0.4197294632009946
81;1040;0.4197231151721682
82;1040.5;0.41969882575626355
83;1041;0.41966057533468104
84;1041.5;0.4196115523759058
85;1042;0.41955494514842273
86;1042.5;0.4194939421207173
87;1043;0.41943173136127426
88;1043.5;0.41937150143857893
89;1044;0.4193164406211163
90;1044.5;0.4192697372773714
91;1045;0.4192221649972918
92;1045.5;0.4191719855643307
93;1046;0.4191242858544106
94;1046.5;0.4190812843071958
95;1047;0.4190451991623507
96;1047.5;0.41901824875953986
97;1048;0.4190026513384275
98;1048.5;0.4190006252386782
99;1049;0.4190143888999563
100;1049.5;0.41904612650742357
101;1050;0.41908606112269126
102;1050.5;0.4191341707839942
103;1051;0.41918980823950047
104;1051.5;0.41925001313737853
105;1052;0.4193118253257967
106;1052.5;0.4193722844529232
107;1053;0.4194284304669262
108;1053.5;0.4194773029159743
109;1054;0.41951594154823535
110;1054.5;0.41954145923995734
111;1055;0.41955599423340456
112;1055.5;0.4195647568791365
113;1056;0.41956911895658966
114;1056.5;0.41957005924519963
115;1057;0.4195685566244025
116;1057.5;0.41956558987363424
117;1058;0.41956213777233103
118;1058.5;0.4195591790999288
119;1059;0.41955769283586325
120;1059.5;0.41955875816360655
121;1060;0.41956601073915367
122;1060.5;0.41958073565876425
123;1061;0.4196009909592965
124;1061.5;0.41962471617760794
125;1062;0.4196498507505567
126;1062.5;0.4196743343150008
127;1063;0.41969610640779803
128;1063.5;0.4197131064658063
129;1064;0.4197232740258836
130;1064.5;0.41972441049212267
131;1065;0.41971292185923775
132;1065.5;0.4196891769754587
133;1066;0.41965576971878643
134;1066.5;0.41961532806722185
135;1067;0.4195704797987658
136;1067.5;0.41952385299141925
137;1068;0.4194780754231827
138;1068.5;0.41943577527205733
139;1069;0.41939958021604384
140;1069.5;0.41937274591177076
141;1070;0.4193606757251797
142;1070.5;0.41935825085728434
143;1071;0.41936312224239247
144;1071.5;0.4193731788148119
145;1072;0.41938630960885037
146;1072.5;0.41940040385881583
147;1073;0.4194133505990159
148;1073.5;0.4194230388637584
149;1074;0.4194273577873512
150;1074.5;0.4194256239605691
151;1075;0.4194250412281672
152;1075.5;0.41942411198103463
153;1076;0.41942277067776895
154;1076.5;0.4194210603769674
155;1077;0.41941902433722744
156;1077.5;0.41941670571714623
157;1078;0.4194141475753213
158;1078.5;0.4194113931703498
159;1079;0.4194084855608294
160;1079.5;0.41940478903570455
161;1080;0.419395968566168
162;1080.5;0.4193805950433841
163;1081;0.419360518003076
164;1081.5;0.41933764818096647
165;1082;0.4193138966127787
166;1082.5;0.4192911740342355
167;1083;0.4192713911810599
168;1083.5;0.41925645898897484
169;1084;0.4192482882937033
170;1084.5;0.41924695209309437
171;1085;0.41924591487400154
172;1085.5;0.41924569154476543
173;1086;0.4192465942846072
174;1086.5;0.4192489181727478
175;1087;0.41925295838840826
176;1087.5;0.41925900991080967
177;1088;0.4192673678191731
178;1088.5;0.4192783272927196
179;1089;0.4192921834106702
180;1089.5;0.4193106872064737
181;1090;0.4193379609024996
182;1090.5;0.4193715436719153
183;1091;0.4194094808977441
184;1091.5;0.4194498260630092
185;1092;0.4194906327507339
186;1092.5;0.41952995474394167
187;1093;0.41956584542565584
188;1093.5;0.41959635867889944
189;1094;0.4196195479866959
190;1094.5;0.4196354461720375
191;1095;0.4196497190192881
192;1095.5;0.41966258025733555
193;1096;0.41967402562472184
194;1096.5;0.4196840531599886
195;1097;0.4196926608016778
196;1097.5;0.41969984688833095
197;1098;0.41970560915849003
198;1098.5;0.4197099459506968
199;1099;0.419712855103493
200;1099.5;0.41971398332115434
201;1100;0.4197128896553616
202;1100.5;0.41971046023260633
203;1101;0.4197070108717532
204;1101.5;0.41970285549166675
205;1102;0.4196983077112112
206;1102.5;0.41969368134925117
207;1103;0.41968929022465107
208;1103.5;0.4196854479562754
209;1104;0.4196824683629887
210;1104.5;0.41967987639683135
211;1105;0.4196761282705771
212;1105.5;0.41967181502206496
213;1106;0.419667153408999
214;1106.5;0.4196623591890827
215;1107;0.41965764812001993
216;1107.5;0.4196532359595146
217;1108;0.41964933856527054
218;1108.5;0.4196461716949916
219;1109;0.4196439510063815
220;1109.5;0.4196425157970845
221;1110;0.41964141412583517
222;1110.5;0.41964102731521125
223;1111;0.4196411965138305
224;1111.5;0.4196417620703102
225;1112;0.4196425643332682
226;1112.5;0.4196434433513219
227;1113;0.41964423967308895
228;1113.5;0.4196447933471868
229;1114;0.4196449447222331
230;1114.5;0.41964653365424154
231;1115;0.41965281163016155
232;1115.5;0.41966205841767373
233;1116;0.41967409861873317
234;1116.5;0.41968875983529497
235;1117;0.4197058698693142
236;1117.5;0.419725256322746
237;1118;0.41974674689754543
238;1118.5;0.4197701691956676
239;1119;0.4197953509190677
240;1119.5;0.41982693759566514
241;1120;0.41987398894915245
242;1120.5;0.41993221310680784
243;1121;0.41999859950666957
244;1121.5;0.420070142486776
245;1122;0.42014383628516533
246;1122.5;0.4202166752398758
247;1123;0.420285653588946
248;1123.5;0.4203477656704139
249;1124;0.4204000059223178
250;1124.5;0.4204433041964468
251;1125;0.42048349043570876
252;1125.5;0.42051834812676203
253;1126;0.4205490036118914
254;1126.5;0.4205765968333817
255;1127;0.42060226773351805
256;1127.5;0.42062715625458535
257;1128;0.4206524023388683
258;1128.5;0.4206791458286519
259;1129;0.42070852676622117
260;1129.5;0.4207431682697077
261;1130;0.4207850955960068
262;1130.5;0.42083029951715556
263;1131;0.420877654828341
264;1131.5;0.4209260578247506
265;1132;0.42097440460157165
266;1132.5;0.42102159115399135
267;1133;0.42106651377719706
268;1133.5;0.42110806866637596
269;1134;0.4211451518167156
270;1134.5;0.421176851864678
271;1135;0.42120386637792195
272;1135.5;0.42122770437716894
273;1136;0.42124941341762057
274;1136.5;0.4212700352544786
275;1137;0.42129061224294445
276;1137.5;0.42131218633821976
277;1138;0.4213357995955064
278;1138.5;0.4213624940700055
279;1139;0.421393311916919
280;1139.5;0.4214289026356116
281;1140;0.4214711201074156
282;1140.5;0.4215229710776619
283;1141;0.4215827005206016
284;1141.5;0.42164848321048637
285;1142;0.4217184943215675
286;1142.5;0.42179090892809645
287;1143;0.42186390200432483
288;1143.5;0.42193564872450384
289;1144;0.4220043238628851
290;1144.5;0.4220726953202103
291;1145;0.42215370426286986
292;1145.5;0.4222480650102871
293;1146;0.4223537480508967
294;1146.5;0.4224686717731337
295;1147;0.4225907544654325
296;1147.5;0.42271791461622826
297;1148;0.4228480704139555
298;1148.5;0.42297914044704904
299;1149;0.4231090429039438
300;1149.5;0.42323954932801805
301;1150;0.4233809063263935
302;1150.5;0.42352957893273774
303;1151;0.4236837068542364
304;1151.5;0.42384152969807565
305;1152;0.4240012872714414
306;1152.5;0.4241612192815195
307;1153;0.42431956543549587
308;1153.5;0.4244745653405567
309;1154;0.4246244588038877
310;1154.5;0.4247697974767208
311;1155;0.42491763343599087
312;1155.5;0.42506553614027104
313;1156;0.42521284342136073
314;1156.5;0.42535903781105916
315;1157;0.42550360184116587
316;1157.5;0.42564601814347985
317;1158;0.4257857692498009
318;1158.5;0.42592233779192823
319;1159;0.42605520630166105
320;1159.5;0.42618442196271705
321;1160;0.426313221638578
322;1160.5;0.4264438320519582
323;1161;0.4265761798694171
324;1161.5;0.4267100686575141
325;1162;0.4268453021828081
326;1162.5;0.4269816841118589
327;1163;0.42711901821122533
328;1163.5;0.42725710794746713
329;1164;0.4273957571871433
330;1164.5;0.4275334674193455
331;1165;0.4276655191903679
332;1165.5;0.4277994987273959
333;1166;0.4279361985162943
334;1166.5;0.428075643142927
335;1167;0.42821785769315845
336;1167.5;0.4283628668528528
337;1168;0.42851069530787445
338;1168.5;0.4286613680440877
339;1169;0.42881490974735675
340;1169.5;0.4289720156587119
341;1170;0.42913794670040684
342;1170.5;0.4293195215438906
343;1171;0.4295157839964771
344;1171.5;0.42972474086548074
345;1172;0.42994439885821534
346;1172.5;0.43017276468199517
347;1173;0.43040784514413455
348;1173.5;0.4306476468519473
349;1174;0.43089017661274787
350;1174.5;0.431134881322631
351;1175;0.4313926896099707
352;1175.5;0.43166480695643106
353;1176;0.4319489250140173
354;1176.5;0.4322426225347343
355;1177;0.43254347807058735
356;1177.5;0.4328490704735814
357;1178;0.4331569781957215
358;1178.5;0.43346478008901307
359;1179;0.43377005480546077
360;1179.5;0.43407146046327905
361;1180;0.4343803284456021
362;1180.5;0.43469798292590484
363;1181;0.435021534149241
364;1181.5;0.4353481548606643
365;1182;0.4356750177052283
366;1182.5;0.43599929532798676
367;1183;0.4363181603739933
368;1183.5;0.4366287853883016
369;1184;0.4369283431159653
370;1184.5;0.43721430891345464
371;1185;0.43749085477225264
372;1185.5;0.4377629267668904
373;1186;0.43803135465972226
374;1186.5;0.43829619801310304
375;1187;0.4385575164893874
376;1187.5;0.43881536985092984
377;1188;0.43906981776008525
378;1188.5;0.4393209197792082
379;1189;0.43956873577065336
380;1189.5;0.43981330350534653
381;1190;0.4400539119869385
382;1190.5;0.4402925280846791
383;1191;0.4405296479703954
384;1191.5;0.44076468791591417
385;1192;0.44099706409306194
386;1192.5;0.4412261926736658
387;1193;0.4414514900295522
388;1193.5;0.44167237243254825
389;1194;0.4418882558544805
390;1194.5;0.4420985931536075
391;1195;0.44230570685754034
392;1195.5;0.4425048723841868
393;1196;0.4426929441758677
394;1196.5;0.4428697081749041
395;1197;0.44303495032361706
396;1197.5;0.4431884562643275
397;1198;0.4433300120393566
398;1198.5;0.4434594034910253
399;1199;0.44357641656165436
400;1199.5;0.4436808417815186
401;1200;0.44377877058182397
402;1200.5;0.4438684307501613
403;1201;0.44394490433436695
404;1201.5;0.4440083230822771
405;1202;0.44405881894172794
406;1202.5;0.4440965237605557
407;1203;0.4441215692865965
408;1203.5;0.44413408756768646
409;1204;0.444134210351662
410;1204.5;0.4441220695863592
411;1205;0.4440931425338782
412;1205.5;0.44403917040517066
413;1206;0.4439589655829156
414;1206.5;0.44385623451997824
415;1207;0.4437346834692236
416;1207.5;0.4435980188835166
417;1208;0.44344994691572237
418;1208.5;0.4432941741187061
419;1209;0.4431344066453325
420;1209.5;0.4429743509484669
421;1210;0.44280251290024253
422;1210.5;0.4425940139550019
423;1211;0.44234996636285284
424;1211.5;0.44207625408884094
425;1212;0.4417787930980114
426;1212.5;0.44146349955540953
427;1213;0.4411362895260809
428;1213.5;0.44080307907507066
429;1214;0.44046978436742423
430;1214.5;0.440142321568187
431;1215;0.4398155964267483
432;1215.5;0.4394680624054839
433;1216;0.43910305021091817
434;1216.5;0.4387254173697266
435;1217;0.4383400421085855
436;1217.5;0.43795180255417077
437;1218;0.43756557713315836
438;1218.5;0.4371862440722241
439;1219;0.43681868159804427
440;1219.5;0.4364677679372946
441;1220;0.4361312036161368
442;1220.5;0.4357889666155005
443;1221;0.4354464529444824
444;1221.5;0.43510727543035566
445;1222;0.4347747575003935
446;1222.5;0.43445222238186876
447;1223;0.43414299360205477
448;1223.5;0.43385039428822436
449;1224;0.43357774786765085
450;1224.5;0.43332837756760706
451;1225;0.4331016793498906
452;1225.5;0.43287966365128894
453;1226;0.4326618410464908
454;1226.5;0.432450072191043
455;1227;0.43224611324049206
456;1227.5;0.43205172015038495
457;1228;0.43186864887626825
458;1228.5;0.4316986556736886
459;1229;0.43154349639819267
460;1229.5;0.43140492710532746
461;1230;0.4312837915572588
462;1230.5;0.43117257150761246
463;1231;0.4310657133511234
464;1231.5;0.4309615317202173
465;1232;0.4308588148473199
466;1232.5;0.43075635066485685
467;1233;0.4306529273052536
468;1233.5;0.43054733270093604
469;1234;0.4304383549843294
470;1234.5;0.43032478218785963
471;1235;0.4302058647063311
472;1235.5;0.4300875500911651
473;1236;0.42996785340404314
474;1236.5;0.42984574901865524
475;1237;0.42972154020869147
476;1237.5;0.42959553074784174
477;1238;0.42946802410979645
478;1238.5;0.4293393237682454
479;1239;0.42920973319687883
480;1239.5;0.4290795560693871
481;1240;0.4289489520025267
482;1240.5;0.42881336679410786
483;1241;0.42867231782842374
484;1241.5;0.42852744467954906
485;1242;0.4283803245215584
486;1242.5;0.4282325347285266
487;1243;0.42808565257452846
488;1243.5;0.4279412553336385
489;1244;0.4278009202799316
490;1244.5;0.42766622468748244
491;1245;0.42753871364793855
492;1245.5;0.42740917897211406
493;1246;0.4272746956844852
494;1246.5;0.42714019602554226
495;1247;0.42700808913577576
496;1247.5;0.4268807838556758
497;1248;0.426760689325733
498;1248.5;0.4266502144864376
499;1249;0.42655176857827987
500;1249.5;0.4264677604417503
501;1250;0.4264005992173391
502;1250.5;0.42634454427656643
503;1251;0.4262896459499753
504;1251.5;0.42623663695955327
505;1252;0.42618709135169164
506;1252.5;0.4261425837727816
507;1253;0.42610468866921447
508;1253.5;0.4260749806873815
509;1254;0.42605503437367387
510;1254.5;0.42604642437448303
511;1255;0.4260507251362
512;1255.5;0.4260677725655843
513;1256;0.42609255875746604
514;1256.5;0.42612130616705335
515;1257;0.42615335266846427
516;1257.5;0.4261881015358167
517;1258;0.42622495644322855
518;1258.5;0.42626332086481755
519;1259;0.4263025983747017
520;1259.5;0.42634219244699895
521;1260;0.4263815065558271
522;1260.5;0.4264226958367174
523;1261;0.42647248201370613
524;1261.5;0.42652581107117016
525;1262;0.42658102765022293
526;1262.5;0.42663676469197825
527;1263;0.42669165453755
528;1263.5;0.42674433002805146
529;1264;0.4267934237045967
530;1264.5;0.42683756820829916
531;1265;0.42687539608027264
532;1265.5;0.42690720071062954
533;1266;0.42694033711416396
534;1266.5;0.42697101407162297
535;1267;0.42699779837613266
536;1267.5;0.42701985522081964
537;1268;0.42703634989880995
538;1268.5;0.42704644750322995
539;1269;0.42704931332720586
540;1269.5;0.4270441126638641
541;1270;0.42703001060633083
542;1270.5;0.42700611890217843
543;1271;0.4269721968987022
544;1271.5;0.42692960981886074
545;1272;0.42687985090123864
546;1272.5;0.4268245317844208
547;1273;0.426765264106992
548;1273.5;0.42670365940753674
549;1274;0.42664132942464006
550;1274.5;0.4265798857968865
551;1275;0.4265209399628608
552;1275.5;0.42646563304833407
553;1276;0.42640328396775723
554;1276.5;0.42633593953113724
555;1277;0.42626750478193803
556;1277.5;0.4261995507636239
557;1278;0.42613364851965924
558;1278.5;0.4260713692935082
559;1279;0.42601428412863473
560;1279.5;0.4259639640685034
561;1280;0.42592198015657823
562;1280.5;0.42588986439492904
563;1281;0.42586001511963245
564;1281.5;0.4258288052847353
565;1282;0.42579899079622197
566;1282.5;0.4257714661600766
567;1283;0.42574712578228346
568;1283.5;0.42572686406882687
569;1284;0.42571157552569083
570;1284.5;0.4257021544588596
571;1285;0.42569949537431756
572;1285.5;0.42570449277804867
573;1286;0.42571626025919806
574;1286.5;0.42573090294028637
575;1287;0.42574672508073547
576;1287.5;0.42576384524932287
577;1288;0.4257823855148259
578;1288.5;0.4258024674460219
579;1289;0.42582421311168817
580;1289.5;0.42584774438060213
581;1290;0.42587318302154104
582;1290.5;0.4259006509032822
583;1291;0.4259347939442186
584;1291.5;0.42598306015999166
585;1292;0.4260386691433614
586;1292.5;0.42609854314577833
587;1293;0.42615974641869325
588;1293.5;0.4262193431135567
589;1294;0.4262743976818194
590;1294.5;0.4263219741749321
591;1295;0.42635913684434545
592;1295.5;0.42638295004151
593;1296;0.42639236798449576
594;1296.5;0.42639409117880556
595;1297;0.4263890691111218
596;1297.5;0.4263782721844711
597;1298;0.4263627780018805
598;1298.5;0.4263436642663764
599;1299;0.42632200878098575
600;1299.5;0.42629888904873525
601;1300;0.4262753829726516
602;1300.5;0.4262525681557615
603;1301;0.42623067508581924
604;1301.5;0.42620460004421223
605;1302;0.4261778656573353
606;1302.5;0.4261515836319057
607;1303;0.426126043074641
608;1303.5;0.42610153299225884
609;1304;0.4260783426914763
610;1304.5;0.4260567612790112
611;1305;0.4260370777615809
612;1305.5;0.4260195813459028
613;1306;0.426004493269965
614;1306.5;0.42599021655472297
615;1307;0.42597550541550844
616;1307.5;0.4259606804513427
617;1308;0.4259461593612469
618;1308.5;0.42593235954424247
619;1309;0.4259196986993503
620;1309.5;0.42590859432559175
621;1310;0.4258994640219882
622;1310.5;0.4258927254875607
623;1311;0.4258888335318405
624;1311.5;0.425893310723015
625;1312;0.42590749333444683
626;1312.5;0.4259291163197497
627;1313;0.425957112532537
628;1313.5;0.42599041502642204
629;1314;0.4260279564550185
630;1314.5;0.42606866987193975
631;1315;0.4261114881307993
632;1315.5;0.4261553440852106
633;1316;0.4261991706887871
634;1316.5;0.4262473520553833
635;1317;0.42630192863640837
636;1317.5;0.4263576854082315
637;1318;0.42641404521659443
638;1318.5;0.4264704362072392
639;1319;0.4265262865259077
640;1319.5;0.42658102441834156
641;1320;0.426634078230283
642;1320.5;0.4266848760074738
643;1321;0.42673284609565554
644;1321.5;0.42678080080052344
645;1322;0.4268345648738797
646;1322.5;0.4268886481689898
647;1323;0.4269424259239355
648;1323.5;0.42699546647679887
649;1324;0.4270473377656615
650;1324.5;0.42709760822860565
651;1325;0.42714584580371306
652;1325.5;0.4271916186290655
653;1326;0.4272344950427451
654;1326.5;0.42727589968205615
655;1327;0.42732267993552603
656;1327.5;0.42737022141576875
657;1328;0.42741658378359826
658;1328.5;0.4274602650998281
659;1329;0.42749976352527197
660;1329.5;0.42753357722074375
661;1330;0.4275602040470571
662;1330.5;0.42757814226502566
663;1331;0.4275858899354631
664;1331.5;0.42758279289737616
665;1332;0.4275766234226467
666;1332.5;0.4275681496055248
667;1333;0.4275573673051726
668;1333.5;0.42754473288075223
669;1334;0.4275307029914256
670;1334.5;0.42751573409635474
671;1335;0.42750028275470175
672;1335.5;0.4274848053256287
673;1336;0.42746975836829754
674;1336.5;0.42745550454373327
675;1337;0.42743942697721804
676;1337.5;0.4274222474523327
677;1338;0.4274051445960284
678;1338.5;0.4273886223352565
679;1339;0.4273731849969682
680;1339.5;0.4273593366081146
681;1340;0.4273475813956472
682;1340.5;0.427338423486517
683;1341;0.42733236700767546
684;1341.5;0.42732991601117376
685;1342;0.42733002199262116
686;1342.5;0.4273333147823893
687;1343;0.4273410758172281
688;1343.5;0.42735276103388725
689;1344;0.42736782606911683
690;1344.5;0.4273857267596669
691;1345;0.42740591864228705
692;1345.5;0.42742785755372736
693;1346;0.4274509993307376
694;1346.5;0.4274747995100679
695;1347;0.4275038745863829
696;1347.5;0.4275473582218055
697;1348;0.42760431714997493
698;1348.5;0.42767228151713016
699;1349;0.42774876576951015
700;1349.5;0.4278312841533537
701;1350;0.4279173510148997
702;1350.5;0.4280044808003871
703;1351;0.42809018765605494
704;1351.5;0.42817198622814184
705;1352;0.42825209607321024
706;1352.5;0.42834554653370793
707;1353;0.428451794772041
708;1353.5;0.42856950756545925
709;1354;0.4286973911912123
710;1354.5;0.4288341516265497
711;1355;0.42897849504872115
712;1355.5;0.4291291276349761
713;1356;0.4292847555625645
714;1356.5;0.4294440849087356
715;1357;0.42960742325468526
716;1357.5;0.42978574065591263
717;1358;0.42997736723288715
718;1358.5;0.43017995230464495
719;1359;0.4303915981902218
720;1359.5;0.4306104070086537
721;1360;0.4308344810789766
722;1360.5;0.4310619227202263
723;1361;0.4312908341514389
724;1361.5;0.4315193176916502
725;1362;0.4317456929680371
726;1362.5;0.43197387270742704
727;1363;0.43220561391906287
728;1363.5;0.432440633518668
729;1364;0.43267875992196514
730;1364.5;0.4329198212446773
731;1365;0.43316364590252726
732;1365.5;0.4334100619112384
733;1366;0.43365889768653326
734;1366.5;0.43390998144413506
735;1367;0.4341631415506823
736;1367.5;0.43441834718197586
737;1368;0.43467639326628565
738;1368.5;0.4349376949500804
739;1369;0.43520216027982866
740;1369.5;0.4354696974019988
741;1370;0.43574021426305964
742;1370.5;0.4360136191094798
743;1371;0.4362898199877276
744;1371.5;0.43656872484427184
745;1372;0.436850241925581
746;1372.5;0.43713511310204944
747;1373;0.4374241119735148
748;1373.5;0.4377163761160655
749;1374;0.43801136220549547
750;1374.5;0.4383085288175992
751;1375;0.4386073340281705
752;1375.5;0.4389072361130035
753;1376;0.4392076936478924
754;1376.5;0.4395081647086313
755;1377;0.43980810767101425
756;1377.5;0.4401087960652257
757;1378;0.44041568057226443
758;1378.5;0.4407273173237639
759;1379;0.44104145394838445
760;1379.5;0.441355835674787
761;1380;0.44166820783163185
762;1380.5;0.4419763155475801
763;1381;0.44227790425129215
764;1381.5;0.4425707191714287
765;1382;0.44285250553665056
766;1382.5;0.4431219338477491
767;1383;0.44338389389828253
768;1383.5;0.44363617721877946
769;1384;0.44387832426430884
770;1384.5;0.4441103772899401
771;1385;0.44433237855074187
772;1385.5;0.44454437020178367
773;1386;0.4447463942981342
774;1386.5;0.4449384931948629
775;1387;0.44512070894703876
776;1387.5;0.445293070570514
777;1388;0.4454557274637798
778;1388.5;0.44560786638025573
779;1389;0.4457505889849943
780;1389.5;0.44588584894304795
781;1390;0.4460156002194693
782;1390.5;0.4461417965793107
783;1391;0.4462663918876249
784;1391.5;0.44639133980946416
785;1392;0.44651859420988116
786;1392.5;0.44665010729814086
787;1393;0.44678425924979337
788;1393.5;0.44691570906966255
789;1394;0.4470435843627885
790;1394.5;0.4471690622342118
791;1395;0.4472933195889725
792;1395.5;0.447417533532111
793;1396;0.4475428810686675
794;1396.5;0.44767053930368234
795;1397;0.44780168534219567
796;1397.5;0.4479374959892478
797;1398;0.44808141924001044
798;1398.5;0.44823486644451566
799;1399;0.44839265194930655
800;1399.5;0.44855351235335483
801;1400;0.44871620745563223
802;1400.5;0.44887949705511077
803;1401;0.44904214095076184
804;1401.5;0.44920289894155746
805;1402;0.4493605308264693
806;1402.5;0.4495137964044691
807;1403;0.44966440283329934
808;1403.5;0.4498201665749712
809;1404;0.4499738032567467
810;1404.5;0.4501239521477457
811;1405;0.4502696774170887
812;1405.5;0.4504100434338957
813;1406;0.45054411436728703
814;1406.5;0.4506709544863828
815;1407;0.45078962816030305
816;1407.5;0.4508991995581682
817;1408;0.4510004748537053
818;1408.5;0.4511077527352459
819;1409;0.4512150609176624
820;1409.5;0.4513194021332477
821;1410;0.45141923331429445
822;1410.5;0.45151301119309484
823;1411;0.4515991927019415
824;1411.5;0.4516762346731268
825;1412;0.4517425938389434
826;1412.5;0.4517967271316838
827;1413;0.45183732548685873
828;1413.5;0.4518723087871419
829;1414;0.4519059546324821
830;1414.5;0.4519384115992193
831;1415;0.45196997196369326
832;1415.5;0.45200092820224336
833;1416;0.4520315725912097
834;1416.5;0.45206219740693215
835;1417;0.45209309522575014
836;1417.5;0.4521245582240036
837;1418;0.4521568787780324
838;1418.5;0.4521906019916006
839;1419;0.45222720415167184
840;1419.5;0.4522670141150499
841;1420;0.45230940094304917
842;1420.5;0.4523537333969833
843;1421;0.4523993803381664
844;1421.5;0.4524457105279124
845;1422;0.45249209292753534
846;1422.5;0.45253789639834896
847;1423;0.45258248980166743
848;1423.5;0.45262534692483813
849;1424;0.45266674527667916
850;1424.5;0.45270733067578545
851;1425;0.45274689080519454
852;1425.5;0.45278520374794384
853;1426;0.4528220470870711
854;1426.5;0.45285719870561386
855;1427;0.4528904364866094
856;1427.5;0.4529215383130957
857;1428;0.45295028186810987
858;1428.5;0.45297496971740125
859;1429;0.45299007694359317
860;1429.5;0.45299987403180797
861;1430;0.4530051607869189
862;1430.5;0.45300641711379913
863;1431;0.45300412321732153
864;1431.5;0.45299875910235937
865;1432;0.4529908048737858
866;1432.5;0.4529807406364738
867;1433;0.45296904639529656
868;1433.5;0.4529558435089201
869;1434;0.45293667739620974
870;1434.5;0.4529132502125073
871;1435;0.452886653512108
872;1435.5;0.45285732034930637
873;1436;0.4528256834783974
874;1436.5;0.452792175653676
875;1437;0.452757229929437
876;1437.5;0.45272127905997533
877;1438;0.45268475589958557
878;1438.5;0.45264808052972716
879;1439;0.4526105365705061
880;1439.5;0.45257111229947344
881;1440;0.4525299314589838
882;1440.5;0.4524875034913919
883;1441;0.45244433813905205
884;1441.5;0.45240094494431926
885;1442;0.4523578335495479
886;1442.5;0.4523155134970927
887;1443;0.4522744943293084
888;1443.5;0.4522352856885493
889;1444;0.45219594136884433
890;1444.5;0.4521539760945343
891;1445;0.4521107761205557
892;1445.5;0.4520674468701601
893;1446;0.45202509396659857
894;1446.5;0.4519848232331226
895;1447;0.4519477399929837
896;1447.5;0.45191495016943295
897;1448;0.4518875591857219
898;1448.5;0.45186667266510183
899;1449;0.45185189970145795
900;1449.5;0.4518391308940801
901;1450;0.4518281188599772
902;1450.5;0.4518189595410507
903;1451;0.45181174907920185
904;1451.5;0.4518065838163318
905;1452;0.4518035596943424
906;1452.5;0.4518027730551347
907;1453;0.4518043200406101
908;1453.5;0.45180829679266993
909;1454;0.4518147063990038
910;1454.5;0.4518234856760472
911;1455;0.45183611272301666
912;1455.5;0.4518520958599443
913;1456;0.4518707478068625
914;1456.5;0.45189138108380345
915;1457;0.45191330851079947
916;1457.5;0.4519358426078828
917;1458;0.4519582961950855
918;1458.5;0.4519799816924401
919;1459;0.45200044257091837
920;1459.5;0.45202397762670976
921;1460;0.4520503277257236
922;1460.5;0.45207898285950465
923;1461;0.45210984011959754
924;1461.5;0.4521427968975469
925;1462;0.45217775008489747
926;1462.5;0.4522145969731938
927;1463;0.45225323465398076
928;1463.5;0.4522935604188031
929;1464;0.45233547236069443
930;1464.5;0.4523823197406999
931;1465;0.4524341330720903
932;1465.5;0.4524893735716403
933;1466;0.4525483214561249
934;1466.5;0.4526112571423192
935;1467;0.4526784608469977
936;1467.5;0.4527502127869355
937;1468;0.45282679327890757
938;1468.5;0.4529084824396888
939;1469;0.4529955607860538
940;1469.5;0.453091552868573
941;1470;0.45320241830706304
942;1470.5;0.4533264192695453
943;1471;0.45346121889795404
944;1471.5;0.45360448033422357
945;1472;0.4537538668202883
946;1472.5;0.45390704149808225
947;1473;0.4540616674095399
948;1473.5;0.4542154076965955
949;1474;0.4543659256011834
950;1474.5;0.45451354959048046
951;1475;0.45466655860936955
952;1475.5;0.4548221507623854
953;1476;0.45497872983384813
954;1476.5;0.4551347902080785
955;1477;0.45528882636939655
956;1477.5;0.4554393326021227
957;1478;0.45558480349057734
958;1478.5;0.45572373331908106
959;1479;0.45585461657195375
960;1479.5;0.455976539591392
961;1480;0.4560948153698964
962;1480.5;0.45620872223349274
963;1481;0.45631836997701514
964;1481.5;0.45642429119529737
965;1482;0.4565270183831732
966;1482.5;0.45662708413547637
967;1483;0.45672502074704086
968;1483.5;0.45682136081270047
969;1484;0.4569166368272891
970;1484.5;0.4570113191318132
971;1485;0.45710237736430204
972;1485.5;0.457189391059169
973;1486;0.45727366724668383
974;1486.5;0.4573562894571159
975;1487;0.45743834112073484
976;1487.5;0.4575209055678098
977;1488;0.45760506652861066
978;1488.5;0.4576919072334066
979;1489;0.4577825113124673
980;1489.5;0.45787796219606214
981;1490;0.45797891861166845
982;1490.5;0.4580812970093975
983;1491;0.45818317488173943
984;1491.5;0.4582851540261449
985;1492;0.45838783624006496
986;1492.5;0.45849182322095033
987;1493;0.4585977169662521
988;1493.5;0.4587061190734209
989;1494;0.4588176314399077
990;1494.5;0.4589328558631635
991;1495;0.45905429616821536
992;1495.5;0.45918539048526635
993;1496;0.4593233684377817
994;1496.5;0.4594682676304284
995;1497;0.45962014286787395
996;1497.5;0.45977904885478554
997;1498;0.45994504009583037
998;1498.5;0.4601181712956757
999;1499;0.4602984971589888
1000;1499.5;0.4604860722904368
1001;1500;0.4606827059359414
1002;1500.5;0.46089784830003067
1003;1501;0.46112868983565275
1004;1501.5;0.4613716361380291
1005;1502;0.4616231870023812
1006;1502.5;0.46187984202393045
1007;1503;0.4621381009978986
1008;1503.5;0.46239446351950697
1009;1504;0.4626454293839771
1010;1504.5;0.46288749818653036
1011;1505;0.4631179667833013
1012;1505.5;0.46334842011634925
1013;1506;0.46358051912593085
1014;1506.5;0.4638117788859427
1015;1507;0.46403997337028124
1016;1507.5;0.4642628763528432
1017;1508;0.4644782619075249
1018;1508.5;0.464683903908223
1019;1509;0.46487757622883397
1020;1509.5;0.4650570528432544
1021;1510;0.4652201272211228
1022;1510.5;0.46537303151128195
1023;1511;0.46552466388985075
1024;1511.5;0.4656756209349281
1025;1512;0.4658255365246132
1026;1512.5;0.465974044837005
1027;1513;0.4661207797502026
1028;1513.5;0.4662653753423049
1029;1514;0.4664074656914109
1030;1514.5;0.46654668467561977
1031;1515;0.46668266647303047
1032;1515.5;0.4668124539127426
1033;1516;0.4669341605456544
1034;1516.5;0.46705113685373656
1035;1517;0.46716521444648224
1036;1517.5;0.46727822463338387
1037;1518;0.46739199912393437
1038;1518.5;0.46750836922762656
1039;1519;0.46762916655395304
1040;1519.5;0.46775622251240667
1041;1520;0.4678913687124802
1042;1520.5;0.4680358216937929
1043;1521;0.46818819047323573
1044;1521.5;0.468347841410554
1045;1522;0.46851368389022763
1046;1522.5;0.4686846188967369
1047;1523;0.4688595474145617
1048;1523.5;0.4690373703281825
1049;1524;0.4692169887220793
1050;1524.5;0.4693973033807321
1051;1525;0.4695772153886212
1052;1525.5;0.4697566330180941
1053;1526;0.46994315038940726
1054;1526.5;0.4701369056555036
1055;1527;0.47033532109323184
1056;1527.5;0.47053577477944064
1057;1528;0.47073564449097843
1058;1528.5;0.470932308504694
1059;1529;0.47112314459743576
1060;1529.5;0.47130553084605253
1061;1530;0.47147684522739286
1062;1530.5;0.471634642793183
1063;1531;0.4717831937878178
1064;1531.5;0.4719254466195812
1065;1532;0.472060423532415
1066;1532.5;0.4721869409702612
1067;1533;0.47230381527706167
1068;1533.5;0.47240986309675825
1069;1534;0.4725039006732931
1070;1534.5;0.47258474445060783
1071;1535;0.47265121077264444
1072;1535.5;0.4727021162833448
1073;1536;0.4727238188228915
1074;1536.5;0.4727055737464272
1075;1537;0.47265130177366055
1076;1537.5;0.4725644580384962
1077;1538;0.4724484972748385
1078;1538.5;0.472306874316592
1079;1539;0.47214304419766107
1080;1539.5;0.4719604616519503
1081;1540;0.47176258151336403
1082;1540.5;0.4715528588158069
1083;1541;0.4713179249641426
1084;1541.5;0.4710246341764188
1085;1542;0.4706802582869938
1086;1542.5;0.47029438727970074
1087;1543;0.4698766105383731
1088;1543.5;0.46943651774684414
1089;1544;0.4689836986889467
1090;1544.5;0.4685277428485143
1091;1545;0.46807823990938
1092;1545.5;0.4676447795553772
1093;1546;0.46722739344649683
1094;1546.5;0.46678504196013293
1095;1547;0.4663139581678302
1096;1547.5;0.4658241544434675
1097;1548;0.4653258095609235
1098;1548.5;0.4648291018940772
1099;1549;0.46434421011680715
1100;1549.5;0.46388131280299233
1101;1550;0.46345058852651133
1102;1550.5;0.4630622158612431
1103;1551;0.46272327836843435
1104;1551.5;0.4624030661920425
1105;1552;0.4620895500395843
1106;1552.5;0.46178700549439855
1107;1553;0.46150030463982467
1108;1553.5;0.46123431965920164
1109;1554;0.4609939226358687
1110;1554.5;0.4607839857531652
1111;1555;0.46060938119443007
1112;1555.5;0.46047498104300255
1113;1556;0.4603854897032602
1114;1556.5;0.46033252184490053
1115;1557;0.4603033522896043
1116;1557.5;0.4602955129881464
1117;1558;0.4603076993913019
1118;1558.5;0.4603386069498452
1119;1559;0.46038693131455144
1120;1559.5;0.4604513678361952
1121;1560;0.46053061216555147
1122;1560.5;0.46062335965339507
1123;1561;0.4607283058505008
1124;1561.5;0.46085591941255427
1125;1562;0.4610139733779737
1126;1562.5;0.46119528489665595
1127;1563;0.4613944588487562
1128;1563.5;0.46160609991442936
1129;1564;0.4618248128738305
1130;1564.5;0.46204520260711474
1131;1565;0.4622618736944369
1132;1565.5;0.4624694310159523
1133;1566;0.4626624792518156
1134;1566.5;0.46284469039583076
1135;1567;0.4630326850283194
1136;1567.5;0.4632217422471904
1137;1568;0.46340889600249746
1138;1568.5;0.4635911798442942
1139;1569;0.4637656278226345
1140;1569.5;0.4639292735875717
1141;1570;0.4640791509891596
1142;1570.5;0.46421229387745183
1143;1571;0.4643257360025023
1144;1571.5;0.4644189545845899
1145;1572;0.464500948406264
1146;1572.5;0.4645680008190512
1147;1573;0.4646189064733889
1148;1573.5;0.46465257421971434
1149;1574;0.46466791250846473
1150;1574.5;0.46466382999007766
1151;1575;0.4646392353149901
1152;1575.5;0.4645930370336395
1153;1576;0.46452414389646324
1154;1576.5;0.46443114437618316
1155;1577;0.464310190289449
1156;1577.5;0.46416403904074677
1157;1578;0.4639971490273199
1158;1578.5;0.46381397734641167
1159;1579;0.46361898159526466
1160;1579.5;0.4634166189711223
1161;1580;0.4632113467712278
1162;1580.5;0.46300762239282395
1163;1581;0.46280990303315406
1164;1581.5;0.46262237435697956
1165;1582;0.46242648224431065
1166;1582.5;0.46221772595520755
1167;1583;0.46200256946642015
1168;1583.5;0.46178625945469837
1169;1584;0.4615740424967921
1170;1584.5;0.4613711652694515
1171;1585;0.4611828745494263
1172;1585.5;0.46101441701346657
1173;1586;0.46087103923832223
1174;1586.5;0.4607579879007432
1175;1587;0.46066259093209255
1176;1587.5;0.4605677871387435
1177;1588;0.4604781879168698
1178;1588.5;0.4603968776781455
1179;1589;0.46032694113424555
1180;1589.5;0.46027146249684414
1181;1590;0.46023352637761583
1182;1590.5;0.4602162172882351
1183;1591;0.4602226195403766
1184;1591.5;0.46025581774571445
1185;1592;0.46031305867962785
1186;1592.5;0.46037921708563817
1187;1593;0.46045170843141053
1188;1593.5;0.46052884156470597
1189;1594;0.4606089252332854
1190;1594.5;0.4606902682849098
1191;1595;0.46077117926733974
1192;1595.5;0.4608499671283364
1193;1596;0.46092494051566063
1194;1596.5;0.46099440837707323
1195;1597;0.46105805535266364
1196;1597.5;0.4611217350174341
1197;1598;0.4611853017117021
1198;1598.5;0.46124803299493555
1199;1599;0.4613092152266024
1200;1599.5;0.4613681349661706
1201;1600;0.4614240784731079
1202;1600.5;0.4614763322068821
1203;1601;0.4615241826269612
1204;1601.5;0.4615669160928132
1205;1602;0.4616030189648216
1206;1602.5;0.4616223377550398
1207;1603;0.46162380888536275
1208;1603.5;0.4616097015239319
1209;1604;0.46158228033888804
1210;1604.5;0.4615438102983724
1211;1605;0.46149655607052625
1212;1605.5;0.46144278262349053
1213;1606;0.46138475452540656
1214;1606.5;0.46132473674441543
1215;1607;0.4612647485762558
1216;1607.5;0.46119257047758105
1217;1608;0.4611033048324315
1218;1608.5;0.46099929447452814
1219;1609;0.4608826034375916
1220;1609.5;0.460755295855343
1221;1610;0.4606194359615034
1222;1610.5;0.4604770878897935
1223;1611;0.46033031567393445
1224;1611.5;0.4601811835476471
1225;1612;0.4600317556446524
1226;1612.5;0.45987868206722576
1227;1613;0.45971617823118827
1228;1613.5;0.4595447436361491
1229;1614;0.45936501783504546
1230;1614.5;0.459177640380814
1231;1615;0.4589832508263923
1232;1615.5;0.45878248902471697
1233;1616;0.4585759943287252
1234;1616.5;0.4583644063913542
1235;1617;0.4581483648655407
1236;1617.5;0.45792598877398427
1237;1618;0.45769189822824946
1238;1618.5;0.45744715867701347
1239;1619;0.45719379798783244
1240;1619.5;0.4569338440282628
1241;1620;0.45666932466586074
1242;1620.5;0.45640226786818283
1243;1621;0.45613470160278524
1244;1621.5;0.4558686536372244
1245;1622;0.45560615183905656
1246;1622.5;0.4553457027114766
1247;1623;0.45507580487944843
1248;1623.5;0.45479936387628844
1249;1624;0.4545198055687372
1250;1624.5;0.4542405518235354
1251;1625;0.45396502430742347
1252;1625.5;0.45369664488714206
1253;1626;0.45343883552943165
1254;1626.5;0.45319501800103296
1255;1627;0.4529686141686865
1256;1627.5;0.4527609301656953
1257;1628;0.4525549929859632
1258;1628.5;0.45234683506883167
1259;1629;0.45213998053871424
1260;1629.5;0.4519380706200242
1261;1630;0.45174474653717517
1262;1630.5;0.4515636495145805
1263;1631;0.4513984208766534
1264;1631.5;0.45125270194780753
1265;1632;0.45113013385245637
1266;1632.5;0.4510336270326851
1267;1633;0.4509459693507242
1268;1633.5;0.45085439348132816
1269;1634;0.4507603567758548
1270;1634.5;0.4506660887856621
1271;1635;0.4505738190621077
1272;1635.5;0.45048577735654954
1273;1636;0.4504041931203452
1274;1636.5;0.4503312960048527
1275;1637;0.4502693156614296
1276;1637.5;0.4502204736804396
1277;1638;0.45018300752474677
1278;1638.5;0.4501496251779127
1279;1639;0.45011916986781897
1280;1639.5;0.450091685622347
1281;1640;0.45006721616937834
1282;1640.5;0.45004580533679467
1283;1641;0.4500274967524772
1284;1641.5;0.4500123344443077
1285;1642;0.45000036214016764
1286;1642.5;0.4499916234679384
1287;1643;0.4499902242828047
1288;1643.5;0.4499996711758576
1289;1644;0.4500178873354354
1290;1644.5;0.45004368571112485
1291;1645;0.45007587935251203
1292;1645.5;0.45011328130918393
1293;1646;0.45015470433072713
1294;1646.5;0.4501989615667279
1295;1647;0.45024486596677304
1296;1647.5;0.45029123038044894
1297;1648;0.4503396164939531
1298;1648.5;0.45039309781682296
1299;1649;0.4504492030426072
1300;1649.5;0.45050778132786223
1301;1650;0.4505686819291442
1302;1650.5;0.45063175420300927
1303;1651;0.45069684730601367
1304;1651.5;0.4507638105947137
1305;1652;0.4508324933256656
1306;1652.5;0.45090274465542546
1307;1653;0.45097539830961547
1308;1653.5;0.4510523486285679
1309;1654;0.4511302736774542
1310;1654.5;0.45120961391142284
1311;1655;0.4512908358856228
1312;1655.5;0.4513744057552024
1313;1656;0.45146078987531046
1314;1656.5;0.45155045450109543
1315;1657;0.45164386608770624
1316;1657.5;0.4517414907902914
1317;1658;0.4518438608239054
1318;1658.5;0.45194923946811516
1319;1659;0.45205200993502503
1320;1659.5;0.45215331596197944
1321;1660;0.4522545958863236
1322;1660.5;0.45235728834540223
1323;1661;0.4524628319765605
1324;1661.5;0.452572665117143
1325;1662;0.4526882265044949
1326;1662.5;0.452810954575961
1327;1663;0.4529421654863115
1328;1663.5;0.4530789465833993
1329;1664;0.45321571918344983
1330;1664.5;0.4533524727947813
1331;1665;0.4534897655257117
1332;1665.5;0.45362815558455916
1333;1666;0.4537682011796417
1334;1666.5;0.45391046051927725
1335;1667;0.4540554918117842
1336;1667.5;0.4542038532654801
1337;1668;0.4543561004590123
1338;1668.5;0.45451209511789037
1339;1669;0.45467315787094115
1340;1669.5;0.45483938084526193
1341;1670;0.4550103675679497
1342;1670.5;0.45518572166610183
1343;1671;0.45536504696681523
1344;1671.5;0.4555479468971873
1345;1672;0.4557340252843149
1346;1672.5;0.45592288555529537
1347;1673;0.4561141315372259
1348;1673.5;0.45631020830514285
1349;1674;0.45651444205091407
1350;1674.5;0.45672664841713306
1351;1675;0.4569468031363565
1352;1675.5;0.4571748816411402
1353;1676;0.45741085936404025
1354;1676.5;0.4576547119376129
1355;1677;0.45790641489441447
1356;1677.5;0.4581659435670007
1357;1678;0.458433273587928
1358;1678.5;0.45871592335344646
1359;1679;0.459032235346466
1360;1679.5;0.45938072488971937
1361;1680;0.45975758736172806
1362;1680.5;0.4601590183410137
1363;1681;0.4605812134060974
1364;1681.5;0.4610203680355009
1365;1682;0.46147267790774543
1366;1682.5;0.4619343383013524
1367;1683;0.4624015449948432
1368;1683.5;0.4628798073875462
1369;1684;0.4634037946017906
1370;1684.5;0.46397549749650624
1371;1685;0.46459041295095604
1372;1685.5;0.46524403794440305
1373;1686;0.4659318693561099
1374;1686.5;0.46664940406533956
1375;1687;0.467392139151355
1376;1687.5;0.46815557139341923
1377;1688;0.4689351978707947
1378;1688.5;0.46973251942334554
1379;1689;0.4705825744482256
1380;1689.5;0.4714872786183978
1381;1690;0.4724412335702393
1382;1690.5;0.4734390423401281
1383;1691;0.4744753076644413
1384;1691.5;0.4755446326795564
1385;1692;0.4766416202218508
1386;1692.5;0.4777608731277021
1387;1693;0.47889699453348766
1388;1693.5;0.4800472537790057
1389;1694;0.4812398705274041
1390;1694.5;0.482478178956116
1391;1695;0.48375473785509415
1392;1695.5;0.48506209451429116
1393;1696;0.48639279592365997
1394;1696.5;0.4877393891731533
1395;1697;0.48909442155272387
1396;1697.5;0.4904504399523245
1397;1698;0.49179999176190786
1398;1698.5;0.4931365180346032
1399;1699;0.4944800935523738
1400;1699.5;0.49583118569229984
1401;1700;0.497185338103422
1402;1700.5;0.49853913403478123
1403;1701;0.49988915683541785
1404;1701.5;0.5012319896543731
1405;1702;0.5025642155406872
1406;1702.5;0.5038824179434012
1407;1703;0.5051831800115557
1408;1703.5;0.5064632126496869
1409;1704;0.5077468309267473
1410;1704.5;0.5090433524190159
1411;1705;0.5103414115366889
1412;1705.5;0.5116304720899623
1413;1706;0.5128999980890324
1414;1706.5;0.5141394534440957
1415;1707;0.5153383021653483
1416;1707.5;0.5164860080629864
1417;1708;0.5175720353472062
1418;1708.5;0.5185858477282039
1419;1709;0.519556378019473
1420;1709.5;0.5205218275880715
1421;1710;0.5214697510721991
1422;1710.5;0.5223871023929582
1423;1711;0.5232608353714513
1424;1711.5;0.5240779040287807
1425;1712;0.5248252621860489
1426;1712.5;0.5254898639643579
1427;1713;0.5260586630848103
1428;1713.5;0.5265186136685087
1429;1714;0.5269013305455915
1430;1714.5;0.5272822278296646
1431;1715;0.5276531904291596
1432;1715.5;0.5280033415561087
1433;1716;0.5283218046225452
1434;1716.5;0.5285977030405012
1435;1717;0.5288201599220095
1436;1717.5;0.5289782987791025
1437;1718;0.5290612429238128
1438;1718.5;0.5290581155681735
1439;1719;0.5289719534727956
1440;1719.5;0.5288340105295696
1441;1720;0.5286480644615084
1442;1720.5;0.5284195456505448
1443;1721;0.5281538841786123
1444;1721.5;0.5278565105276434
1445;1722;0.5275328547795718
1446;1722.5;0.5271883472163301
1447;1723;0.5268284181198515
1448;1723.5;0.5264584977720689
1449;1724;0.5260773695633143
1450;1724.5;0.5256589693747343
1451;1725;0.5252036945586185
1452;1725.5;0.5247203856307231
1453;1726;0.5242178856068044
1454;1726.5;0.5237050378026189
1455;1727;0.5231906852339228
1456;1727.5;0.5226836709164726
1457;1728;0.5221928381660245
1458;1728.5;0.5217270299983349
1459;1729;0.5212886701199828
1460;1729.5;0.5208429778775526
1461;1730;0.5203887043432942
1462;1730.5;0.5199341331466305
1463;1731;0.5194875739169846
1464;1731.5;0.5190573364837794
1465;1732;0.5186517304764379
1466;1732.5;0.5182790655243832
1467;1733;0.5179476514570385
1468;1733.5;0.5176657979038264
1469;1734;0.5174390649405746
1470;1734.5;0.517244714994994
1471;1735;0.5170773144129559
1472;1735.5;0.5169394777470506
1473;1736;0.5168338540498683
1474;1736.5;0.5167630924739993
1475;1737;0.5167298419720339
1476;1737.5;0.5167367516965627
1477;1738;0.5167864708001757
1478;1738.5;0.5168816483354632
1479;1739;0.5170248431191725
1480;1739.5;0.5172147051969235
1481;1740;0.517445733788727
1482;1740.5;0.5177115628483842
1483;1741;0.5180057541296953
1484;1741.5;0.518321868886461
1485;1742;0.518653468472482
1486;1742.5;0.5189941146415588
1487;1743;0.5193373684474919
1488;1743.5;0.519676791644082
1489;1744;0.5200067700882212
1490;1744.5;0.5203552283339934
1491;1745;0.5207324803512827
1492;1745.5;0.5211287589658058
1493;1746;0.5215341237032799
1494;1746.5;0.5219386337894221
1495;1747;0.5223323484499489
1496;1747.5;0.522705327010578
1497;1748;0.5230476286970258
1498;1748.5;0.5233493127350096
1499;1749;0.5236005056307744
1500;1749.5;0.5238048502438059
1501;1750;0.5239721069510518
1502;1750.5;0.5241035244526847
1503;1751;0.5241998996488771
1504;1751.5;0.5242620295398016
1505;1752;0.5242907110256309
1506;1752.5;0.5242867411065376
1507;1753;0.5242509167826939
1508;1753.5;0.5241840350542728
1509;1754;0.5240868928214468
1510;1754.5;0.5239437483542912
1511;1755;0.5237433421520299
1512;1755.5;0.5234923635262516
1513;1756;0.5231971847089546
1514;1756.5;0.5228641784321366
1515;1757;0.5224997168277962
1516;1757.5;0.5221101725279315
1517;1758;0.5217019177645407
1518;1758.5;0.5212813251696219
1519;1759;0.5208547670751733
1520;1759.5;0.5204093822183422
1521;1760;0.5199241310867608
1522;1760.5;0.5194046016649772
1523;1761;0.5188567794314978
1524;1761.5;0.5182866496648286
1525;1762;0.5177001978434765
1526;1762.5;0.5171034092459473
1527;1763;0.5165022693507477
1528;1763.5;0.515902763536384
1529;1764;0.5153108770813621
1530;1764.5;0.5147200418614133
1531;1765;0.5141133279311412
1532;1765.5;0.5134950154889012
1533;1766;0.5128695262451209
1534;1766.5;0.5122412818102278
1535;1767;0.5116147037946488
1536;1767.5;0.5109942140088115
1537;1768;0.5103842339631433
1538;1768.5;0.5097891853680714
1539;1769;0.5092134898340233
1540;1769.5;0.5086530246822416
1541;1770;0.5080907538649158
1542;1770.5;0.5075290163344147
1543;1771;0.5069717987393865
1544;1771.5;0.5064230880284784
1545;1772;0.5058868709503382
1546;1772.5;0.5053671342536136
1547;1773;0.504867864786952
1548;1773.5;0.5043930493990009
1549;1774;0.503946674938408
1550;1774.5;0.5035257011668871
1551;1775;0.5031092490215844
1552;1775.5;0.5026965310119504
1553;1776;0.502291411183797
1554;1776.5;0.5018977538829364
1555;1777;0.5015194232551811
1556;1777.5;0.501160283546343
1557;1778;0.5008241990022344
1558;1778.5;0.5005150338686677
1559;1779;0.5002366522914548
1560;1779.5;0.49998776461578276
1561;1780;0.49975063536556713
1562;1780.5;0.4995223078366339
1563;1781;0.49930334883748617
1564;1781.5;0.49909432487662714
1565;1782;0.4988958028625601
1566;1782.5;0.49870834920378826
1567;1783;0.4985325307088148
1568;1783.5;0.4983689140861431
1569;1784;0.4982180659442763
1570;1784.5;0.4980790258648186
1571;1785;0.497945496841267
1572;1785.5;0.49781654429350597
1573;1786;0.4976912212766349
1574;1786.5;0.49756857764575235
1575;1787;0.49744766345595776
1576;1787.5;0.49732752846234973
1577;1788;0.4972072226200278
1578;1788.5;0.4970857959840907
1579;1789;0.49696229830963734
1580;1789.5;0.4968361697185997
1581;1790;0.49670909218612025
1582;1790.5;0.4965816418502433
1583;1791;0.4964541708436057
1584;1791.5;0.4963270322988442
1585;1792;0.49620057974859566
1586;1792.5;0.49607516652549694
1587;1793;0.4959511457621847
1588;1793.5;0.4958288710912961
1589;1794;0.4957086956454675
1590;1794.5;0.49559062781289304
1591;1795;0.49547263794664265
1592;1795.5;0.49535453176857713
1593;1796;0.4952368197724738
1594;1796.5;0.49512001685211027
1595;1797;0.4950046381012639
1596;1797.5;0.4948911985137121
1597;1798;0.4947802130832323
1598;1798.5;0.49467219680360214
1599;1799;0.4945676646685989
1600;1799.5;0.4944670646434912
1601;1800;0.4943694796815924
1602;1800.5;0.4942733244283703
1603;1801;0.49417885345067863
1604;1801.5;0.4940863820153716
1605;1802;0.493996224989303
1606;1802.5;0.4939086975393268
1607;1803;0.4938241146322969
1608;1803.5;0.49374279123506765
1609;1804;0.4936650424144925
1610;1804.5;0.4935915773781779
1611;1805;0.4935260173227528
1612;1805.5;0.4934682994118342
1613;1806;0.49341620662012814
1614;1806.5;0.49336747812234105
1615;1807;0.493319852893179
1616;1807.5;0.49327107010734805
1617;1808;0.49321886873955467
1618;1808.5;0.4931609879645048
1619;1809;0.4930951667569051
1620;1809.5;0.49301909909090325
1621;1810;0.4929319650900018
1622;1810.5;0.49283734848245714
1623;1811;0.4927367354057594
1624;1811.5;0.4926314443973988
1625;1812;0.492522793894865
1626;1812.5;0.4924121022356485
1627;1813;0.4923006879572392
1628;1813.5;0.49218986949712695
1629;1814;0.49208096519280203
1630;1814.5;0.4919746948529166
1631;1815;0.4918661036588817
1632;1815.5;0.4917553611940929
1633;1816;0.4916436739185527
1634;1816.5;0.491532200392264
1635;1817;0.4914220993752291
1636;1817.5;0.4913145296274511
1637;1818;0.4912106497089323
1638;1818.5;0.49111161837967565
1639;1819;0.4910185943996835
1640;1819.5;0.4909322320663385
1641;1820;0.4908456573177095
1642;1820.5;0.4907527135282811
1643;1821;0.4906552778948985
1644;1821.5;0.4905557184144075
1645;1822;0.49045640288365355
1646;1822.5;0.4903596992994822
1647;1823;0.4902679756587391
1648;1823.5;0.4901835996582696
1649;1824;0.4901089393949194
1650;1824.5;0.49004615874044155
1651;1825;0.4899932068644229
1652;1825.5;0.48994439837959314
1653;1826;0.48989871979840405
1654;1826.5;0.48985559463330713
1655;1827;0.48981444669675406
1656;1827.5;0.4897746996011961
1657;1828;0.4897357771590851
1658;1828.5;0.4896971027828726
1659;1829;0.4896581003850102
1660;1829.5;0.48961839281518904
1661;1830;0.4895804173021361
1662;1830.5;0.4895458598190932
1663;1831;0.4895137639391544
1664;1831.5;0.48948299853541427
1665;1832;0.4894524323809665
1666;1832.5;0.4894209345489057
1667;1833;0.4893873736123256
1668;1833.5;0.48935061854432094
1669;1834;0.48930953821798545
1670;1834.5;0.4892629836807192
1671;1835;0.4892079712928278
1672;1835.5;0.48913834279590934
1673;1836;0.4890564725083961
1674;1836.5;0.4889655183487208
1675;1837;0.4888686384353158
1676;1837.5;0.48876899098661364
1677;1838;0.48866973402104696
1678;1838.5;0.48857402555704804
1679;1839;0.4884850238130497
1680;1839.5;0.488405902057524
1681;1840;0.48833751261762137
1682;1840.5;0.4882726905585401
1683;1841;0.48820981769935373
1684;1841.5;0.48814797705913604
1685;1842;0.4880862515569608
1686;1842.5;0.4880237240119015
1687;1843;0.487959477543032
1688;1843.5;0.4878925948694258
1689;1844;0.48782215911015675
1690;1844.5;0.48774706050053823
1691;1845;0.48766483140272143
1692;1845.5;0.4875759470923108
1693;1846;0.4874817513626951
1694;1846.5;0.487383588907263
1695;1847;0.4872828042194034
1696;1847.5;0.4871807421925049
1697;1848;0.48707874741995616
1698;1848.5;0.48697816449514597
1699;1849;0.48688033831146316
1700;1849.5;0.48678615196006136
1701;1850;0.4866930147337897
1702;1850.5;0.48660291241353704
1703;1851;0.4865156925540183
1704;1851.5;0.4864309245099484
1705;1852;0.48634817743604175
1706;1852.5;0.48626702048701337
1707;1853;0.48618702311757805
1708;1853.5;0.48610775438245035
1709;1854;0.4860287836363451
1710;1854.5;0.48594946373265324
1711;1855;0.4858662666244099
1712;1855.5;0.4857759188159908
1713;1856;0.4856802259341908
1714;1856.5;0.48558131520580483
1715;1857;0.4854813140576277
1716;1857.5;0.4853823497164541
1717;1858;0.4852865495090792
1718;1858.5;0.4851960409622976
1719;1859;0.48511295120290415
1720;1859.5;0.48503918372773186
1721;1860;0.48497295228755544
1722;1860.5;0.4849079027830506
1723;1861;0.48484410803211314
1724;1861.5;0.48478214845263823
1725;1862;0.4847226040625216
1726;1862.5;0.4846660550796586
1727;1863;0.48461308172194506
1728;1863.5;0.48456426420727616
1729;1864;0.4845201827535474
1730;1864.5;0.4844822570303446
1731;1865;0.48445578311360205
1732;1865.5;0.4844410012806465
1733;1866;0.48443648928971206
1734;1866.5;0.48444078319903305
1735;1867;0.48445241916684356
1736;1867.5;0.48446993295137786
1737;1868;0.48449186071087025
1738;1868.5;0.4845167384035551
1739;1869;0.4845431020876664
1740;1869.5;0.484573658725785
1741;1870;0.4846266051569593
1742;1870.5;0.4846996630295434
1743;1871;0.48479006844427114
1744;1871.5;0.4848951715018764
1745;1872;0.4850123221030927
1746;1872.5;0.48513887034865366
1747;1873;0.48527216633929343
1748;1873.5;0.4854095601757454
1749;1874;0.4855484017587436
1750;1874.5;0.485692069036577
1751;1875;0.48586260591124175
1752;1875.5;0.48605881548673074
1753;1876;0.4862776423386488
1754;1876.5;0.4865160671426011
1755;1877;0.48677107057419244
1756;1877.5;0.487039633409028
1757;1878;0.4873187363227127
1758;1878.5;0.4876053600908515
1759;1879;0.48789648538904934
1760;1879.5;0.4881953337513087
1761;1880;0.4885196604386011
1762;1880.5;0.48886840540550336
1763;1881;0.4892395243354777
1764;1881.5;0.489630983911986
1765;1882;0.4900407511184904
1766;1882.5;0.49046679273845284
1767;1883;0.4909070756553353
1768;1883.5;0.49135956665260017
1769;1884;0.49182223271370906
1770;1884.5;0.4922998753388358
1771;1885;0.4928070213514322
1772;1885.5;0.49333972985452157
1773;1886;0.49389327631825186
1774;1886.5;0.4944629385127716
1775;1887;0.49504399420822925
1776;1887.5;0.4956317211747729
1777;1888;0.49622139728255094
1778;1888.5;0.49680830020171163
1779;1889;0.4973877080024035
1780;1889.5;0.497962384912565
1781;1890;0.4985438217966805
1782;1890.5;0.4991301710707921
1783;1891;0.499719463249483
1784;1891.5;0.5003097296473367
1785;1892;0.5008990010789367
1786;1892.5;0.5014853085588661
1787;1893;0.5020666833017084
1788;1893.5;0.5026411562220473
1789;1894;0.5032067584344658
1790;1894.5;0.5037641479195799
1791;1895;0.5043172121954395
1792;1895.5;0.5048665769945414
1793;1896;0.5054124334428055
1794;1896.5;0.5059549723661516
1795;1897;0.5064943847904992
1796;1897.5;0.507030861741768
1797;1898;0.507564594145878
1798;1898.5;0.5080957729287483
1799;1899;0.5086245892162992
1800;1899.5;0.5091483807943594
1801;1900;0.5096641102375259
1802;1900.5;0.510173103029236
1803;1901;0.5106774311171273
1804;1901.5;0.5111791663488361
1805;1902;0.5116803804719998
1806;1902.5;0.5121831453342555
1807;1903;0.51268953288324
1808;1903.5;0.5132016148665903
1809;1904;0.5137214510915091
1810;1904.5;0.5142488551426823
1811;1905;0.5147835806117536
1812;1905.5;0.5153249021135612
1813;1906;0.5158714445629433
1814;1906.5;0.5164218329747381
1815;1907;0.5169746923637837
1816;1907.5;0.517528647644918
1817;1908;0.5180823239329794
1818;1908.5;0.5186343461428058
1819;1909;0.51918335813602
1820;1909.5;0.5197286065038317
1821;1910;0.5202683974186917
1822;1910.5;0.5208036278673018
1823;1911;0.5213360370363638
1824;1911.5;0.5218673639125794
1825;1912;0.5223993476826503
1826;1912.5;0.5229337273332783
1827;1913;0.523472242251165
1828;1913.5;0.5240166312230121
1829;1914;0.5245685745327894
1830;1914.5;0.525128445534069
1831;1915;0.5256913912060682
1832;1915.5;0.5262564862614021
1833;1916;0.5268243169126856
1834;1916.5;0.527395469272534
1835;1917;0.5279705294535624
1836;1917.5;0.5285500835683856
1837;1918;0.5291347177296192
1838;1918.5;0.5297250180498778
1839;1919;0.5303219830929103
1840;1919.5;0.5309285544533103
1841;1920;0.5315426021835805
1842;1920.5;0.5321619384730104
1843;1921;0.5327845647108886
1844;1921.5;0.5334084826865046
1845;1922;0.5340316936891473
1846;1922.5;0.5346521993081055
1847;1923;0.5352680012326687
1848;1923.5;0.5358771007521257
1849;1924;0.5364790216403246
1850;1924.5;0.5370794910105798
1851;1925;0.5376788573839604
1852;1925.5;0.5382760963797175
1853;1926;0.538870125917103
1854;1926.5;0.5394598636153687
1855;1927;0.5400442272937658
1856;1927.5;0.5406221346715465
1857;1928;0.5411925035679621
1858;1928.5;0.5417542517022642
1859;1929;0.5423083878694703
1860;1929.5;0.5428592956527295
1861;1930;0.5434049124848966
1862;1930.5;0.5439439032935339
1863;1931;0.5444749947062031
1864;1931.5;0.5449969135504665
1865;1932;0.545508386353886
1866;1932.5;0.5460081400440234
1867;1933;0.5464949010484412
1868;1933.5;0.5469673961947011
1869;1934;0.5474294251336673
1870;1934.5;0.5478870533692832
1871;1935;0.5483366209792185
1872;1935.5;0.5487764499486625
1873;1936;0.5492049014628041
1874;1936.5;0.5496203362068324
1875;1937;0.5500211152659361
1876;1937.5;0.5504055994253045
1877;1938;0.5507721496701267
1878;1938.5;0.5511191269905689
1879;1939;0.5514586981666242
1880;1939.5;0.5518006412395499
1881;1940;0.5521393682608199
1882;1940.5;0.5524696686819089
1883;1941;0.5527863323542908
1884;1941.5;0.5530841490294399
1885;1942;0.5533579083588304
1886;1942.5;0.5536024000939366
1887;1943;0.5538124141862324
1888;1943.5;0.5539833276103096
1889;1944;0.554138049113406
1890;1944.5;0.5542877289982129
1891;1945;0.5544288753415693
1892;1945.5;0.554558097720315
1893;1946;0.5546720055112893
1894;1946.5;0.554767207991332
1895;1947;0.5548403147372822
1896;1947.5;0.5548879349259798
1897;1948;0.5549066781342643
1898;1948.5;0.554894027170582
1899;1949;0.5548593641805635
1900;1949.5;0.5548059284674794
1901;1950;0.554735040273276
1902;1950.5;0.5546487199398993
1903;1951;0.5545489875092952
1904;1951.5;0.55443786342341
1905;1952;0.5543173678241897
1906;1952.5;0.5541895210535802
1907;1953;0.554056343253528
1908;1953.5;0.553917420675678
1909;1954;0.5537613029294409
1910;1954.5;0.5535881325113644
1911;1955;0.5533998754144305
1912;1955.5;0.5531984948316209
1913;1956;0.5529859533559179
1914;1956.5;0.5527642141803035
1915;1957;0.5525352400977595
1916;1957.5;0.5523009940012676
1917;1958;0.5520634388838104
1918;1958.5;0.5518202325179364
1919;1959;0.5515611842412824
1920;1959.5;0.551288305892551
1921;1960;0.5510042492114786
1922;1960.5;0.5507116299378019
1923;1961;0.5504130634112572
1924;1961.5;0.5501111649715811
1925;1962;0.54980855015851
1926;1962.5;0.5495078344117805
1927;1963;0.5492116330711291
1928;1963.5;0.5489186577337024
1929;1964;0.5486211901509331
1930;1964.5;0.5483133224881132
1931;1965;0.5479969714119741
1932;1965.5;0.5476743403892477
1933;1966;0.5473476333866653
1934;1966.5;0.5470190540709585
1935;1967;0.546690806108859
1936;1967.5;0.5463650933670983
1937;1968;0.5460441144016321
1938;1968.5;0.5457295712489856
1939;1969;0.5454188795634256
1940;1969.5;0.5451079931765215
1941;1970;0.5447977579198431
1942;1970.5;0.5444890297249596
1943;1971;0.5441826641234406
1944;1971.5;0.5438795170468557
1945;1972;0.5435804440267741
1946;1972.5;0.5432863008947655
1947;1973;0.542997715538265
1948;1973.5;0.5427126259243831
1949;1974;0.5424311803276523
1950;1974.5;0.54215360404152
1951;1975;0.5418800166594332
1952;1975.5;0.541610537874839
1953;1976;0.5413452873811847
1954;1976.5;0.5410843847719173
1955;1977;0.540827949740484
1956;1977.5;0.5405761018803321
1957;1978;0.5403274987229276
1958;1978.5;0.5400751980292113
1959;1979;0.5398201642697096
1960;1979.5;0.5395652050490455
1961;1980;0.5393130862718415
1962;1980.5;0.5390665734427207
1963;1981;0.5388284322663057
1964;1981.5;0.5386014284472191
1965;1982;0.5383883274900844
1966;1982.5;0.5381918951995235
1967;1983;0.53801039045967
1968;1983.5;0.537836504521303
1969;1984;0.5376715460918127
1970;1984.5;0.537516537825524
1971;1985;0.5373725042767614
1972;1985.5;0.5372404700998498
1973;1986;0.5371214597491137
1974;1986.5;0.537016497778878
1975;1987;0.5369266089434673
1976;1987.5;0.5368528185955312
1977;1988;0.5367986391972446
1978;1988.5;0.5367648061543803
1979;1989;0.5367497704867255
1980;1989.5;0.5367518739140664
1981;1990;0.5367694344561904
1982;1990.5;0.5368007701328836
1983;1991;0.5368441988639331
1984;1991.5;0.5368980388691255
1985;1992;0.5369606079682474
1986;1992.5;0.5370318092649683
1987;1993;0.5371400403543445
1988;1993.5;0.5372926683706769
1989;1994;0.5374841324558842
1990;1994.5;0.5377091830518855
1991;1995;0.5379625707005995
1992;1995.5;0.5382390458439451
1993;1996;0.538533359123841
1994;1996.5;0.5388402609822066
1995;1997;0.53915450206096
1996;1997.5;0.5394780356096097
1997;1998;0.5398436747399432
1998;1998.5;0.5402506628845429
1999;1999;0.540693206374719
2000;1999.5;0.5411656143417808
2001;2000;0.5416621962170383
2002;2000.5;0.5421772614318012
2003;2001;0.5427051190173792
2004;2001.5;0.5432400786050819
2005;2002;0.5437764493262192
2006;2002.5;0.5443247675438145
2007;2003;0.5449114497073706
2008;2003.5;0.5455272897501736
2009;2004;0.5461626031170681
2010;2004.5;0.5468079405528993
2011;2005;0.5474538527025119
2012;2005.5;0.5480908904107509
2013;2006;0.5487096042224608
2014;2006.5;0.5493005450824873
2015;2007;0.5498543900894699
2016;2007.5;0.5503881005280847
2017;2008;0.5509161175481642
2018;2008.5;0.5514351953020311
2019;2009;0.5519415809420083
2020;2009.5;0.5524314847204189
2021;2010;0.5529011164895856
2022;2010.5;0.5533466866018315
2023;2011;0.5537644050094794
2024;2011.5;0.5541504819648523
2025;2012;0.5545026130185324
2026;2012.5;0.5548349308957924
2027;2013;0.5551508003757679
2028;2013.5;0.5554494997533399
2029;2014;0.5557325639233894
2030;2014.5;0.5560015294807976
2031;2015;0.5562579332204454
2032;2015.5;0.5565033118372137
2033;2016;0.5567392019259834
2034;2016.5;0.5569671403816358
2035;2017;0.5571866528147684
2036;2017.5;0.5573935266512459
2037;2018;0.5575887457314653
2038;2018.5;0.557774913000427
2039;2019;0.5579555124031306
2040;2019.5;0.5581340280845759
2041;2020;0.5583139440897625
2042;2020.5;0.5584987443636907
2043;2021;0.5586919131513601
2044;2021.5;0.5588969342977708
2045;2022;0.5591140701908855
2046;2022.5;0.5593409769670465
2047;2023;0.5595760197036983
2048;2023.5;0.5598200222497478
2049;2024;0.5600742421541025
2050;2024.5;0.5603399367656692
2051;2025;0.5606183632333556
2052;2025.5;0.5609107790060683
2053;2026;0.5612184415327149
2054;2026.5;0.5615445999174714
2055;2027;0.5619234426644842
2056;2027.5;0.562362533607369
2057;2028;0.5628548421948807
2058;2028.5;0.5633946481757753
2059;2029;0.5639762814988085
2060;2029.5;0.5645940724127357
2061;2030;0.5652423509663131
2062;2030.5;0.5659154471082959
2063;2031;0.5666076910874398
2064;2031.5;0.5673288082291699
2065;2032;0.5681325181223692
2066;2032.5;0.5690178095124223
2067;2033;0.5699768787356915
2068;2033.5;0.5710008810285395
2069;2034;0.5720809715273293
2070;2034.5;0.5732083054684234
2071;2035;0.5743740377881845
2072;2035.5;0.5755693239229756
2073;2036;0.576785318809159
2074;2036.5;0.5780484254462528
2075;2037;0.5793886413963605
2076;2037.5;0.5807866432251035
2077;2038;0.5822291232419234
2078;2038.5;0.5837043962562612
2079;2039;0.5852007771775588
2080;2039.5;0.586706580815257
2081;2040;0.5882101220787971
2082;2040.5;0.5896997157776209
2083;2041;0.5911690353361945
2084;2041.5;0.5926906043204648
2085;2042;0.5942735863809723
2086;2042.5;0.5958930070133237
2087;2043;0.5975219875131261
2088;2043.5;0.5991336134759866
2089;2044;0.6007009707975122
2090;2044.5;0.6021971450733097
2091;2045;0.6035952220989863
2092;2045.5;0.604868287470149
2093;2046;0.6060184907667521
2094;2046.5;0.6071214569922673
2095;2047;0.6081683913892295
2096;2047.5;0.6091448109008185
2097;2048;0.6100347844702139
2098;2048.5;0.6108223809405948
2099;2049;0.6114916695551414
2100;2049.5;0.612026718957033
2101;2050;0.6124115983894493
2102;2050.5;0.6126303677498234
2103;2051;0.6126480992670981
2104;2051.5;0.61245634735252
2105;2052;0.6120730986661718
2106;2052.5;0.6115168236681361
2107;2053;0.6108065841184956
2108;2053.5;0.6099614414773327
2109;2054;0.6090004574047301
2110;2054.5;0.6079426935607707
2111;2055;0.6068072115055368
2112;2055.5;0.6055952683986341
2113;2056;0.6041655171945826
2114;2056.5;0.6025167665691854
2115;2057;0.6006919381747282
2116;2057.5;0.598732799163496
2117;2058;0.5966810228877739
2118;2058.5;0.5945782828998468
2119;2059;0.5924662526520003
2120;2059.5;0.5903866056965192
2121;2060;0.5883810154856887
2122;2060.5;0.5864261247933859
2123;2061;0.5844123203380449
2124;2061.5;0.5823574276448954
2125;2062;0.580284165201238
2126;2062.5;0.5782157833943741
2127;2063;0.576175532611604
2128;2063.5;0.5741866635402291
2129;2064;0.5722724265675503
2130;2064.5;0.5704560722808683
2131;2065;0.5687586770287794
2132;2065.5;0.5671167120646924
2133;2066;0.5655019571415993
2134;2066.5;0.5639279686809615
2135;2067;0.5624091255042399
2136;2067.5;0.5609600465328957
2137;2068;0.55959535078839
2138;2068.5;0.5583296568921838
2139;2069;0.5571775838657385
2140;2069.5;0.5561537506305149
2141;2070;0.555247259202725
2142;2070.5;0.5543631597112084
2143;2071;0.5534999502317122
2144;2071.5;0.5526674774313213
2145;2072;0.5518777292771215
2146;2072.5;0.5511427667361981
2147;2073;0.5504746502756364
2148;2073.5;0.5498854406625217
2149;2074;0.5493871985639394
2150;2074.5;0.5489919772522281
2151;2075;0.5486458306322024
2152;2075.5;0.5482965598283422
2153;2076;0.5479544397682957
2154;2076.5;0.5476287279797107
2155;2077;0.5473284699902355
2156;2077.5;0.547062711327518
2157;2078;0.5468404973192064
2158;2078.5;0.5466708735929486
2159;2079;0.5465628854763929
2160;2079.5;0.5465184448081049
2161;2080;0.5464884602857152
2162;2080.5;0.5464605299392769
2163;2081;0.5464315766550747
2164;2081.5;0.5464034587193937
2165;2082;0.5463786243185187
2166;2082.5;0.5463595215387349
2167;2083;0.546348598566327
2168;2083.5;0.5463483033875798
2169;2084;0.5463610842887785
2170;2084.5;0.5463880128909295
2171;2085;0.5464295710071545
2172;2085.5;0.5464830056025866
2173;2086;0.5465429424081596
2174;2086.5;0.5466096266548078
2175;2087;0.5466833157734652
2176;2087.5;0.5467642670950659
2177;2088;0.5468527377505439
2178;2088.5;0.5469489850708331
2179;2089;0.5470540466913791
2180;2089.5;0.5471773867619337
2181;2090;0.5473196059082122
2182;2090.5;0.5474782409198321
2183;2091;0.5476502581864104
2184;2091.5;0.5478324774975649
2185;2092;0.5480217183429128
2186;2092.5;0.5482148007120713
2187;2093;0.5484085442946578
2188;2093.5;0.5485997686802897
2189;2094;0.5487888767797491
2190;2094.5;0.5489819975353203
2191;2095;0.5491799292687655
2192;2095.5;0.5493841094421243
2193;2096;0.5495956521174366
2194;2096.5;0.5498156521567412
2195;2097;0.5500452044220783
2196;2097.5;0.5502854037754872
2197;2098;0.5505373451790072
2198;2098.5;0.550802902292012
2199;2099;0.5510966036873876
2200;2099.5;0.5514206741882756
2201;2100;0.5517721868278793
2202;2100.5;0.5521468126394016
2203;2101;0.5525395385560457
2204;2101.5;0.5529453519110147
2205;2102;0.5533592397375118
2206;2102.5;0.55377618926874
2207;2103;0.5541911877379023
2208;2103.5;0.5546047335744835
2209;2104;0.5550268244715936
2210;2104.5;0.5554544180655113
2211;2105;0.5558804335282733
2212;2105.5;0.5563061395319163
2213;2106;0.556733454448477
2214;2106.5;0.5571642968499924
2215;2107;0.5576005852084988
2216;2107.5;0.5580442378960331
2217;2108;0.5584974575529601
2218;2108.5;0.5589681583176556
2219;2109;0.5594602833920792
2220;2109.5;0.5599700729939604
2221;2110;0.560493435941029
2222;2110.5;0.5610290095510148
2223;2111;0.5615754309416472
2224;2111.5;0.5621313374306562
2225;2112;0.5626953660357714
2226;2112.5;0.5632661540747226
2227;2113;0.563845672342045
2228;2113.5;0.5644398319816574
2229;2114;0.5650467838903898
2230;2114.5;0.5656653535780343
2231;2115;0.5662932211543836
2232;2115.5;0.5669279046292295
2233;2116;0.5675669223123647
2234;2116.5;0.5682077922135812
2235;2117;0.5688480326426711
2236;2117.5;0.5694862280535721
2237;2118;0.5701377952658391
2238;2118.5;0.5708035172571059
2239;2119;0.5714757937032378
2240;2119.5;0.5721479919801002
2241;2120;0.572814700063559
2242;2120.5;0.5734705056294793
2243;2121;0.5741099966537266
2244;2121.5;0.5747277610121669
2245;2122;0.5753183865806653
2246;2122.5;0.5758874106383327
2247;2123;0.5764526832371766
2248;2123.5;0.5770119241943756
2249;2124;0.5775605377178161
2250;2124.5;0.5780944676153847
2251;2125;0.5786098361949676
2252;2125.5;0.5791027657644513
2253;2126;0.5795693784317221
2254;2126.5;0.5800057964046665
2255;2127;0.5804096187815078
2256;2127.5;0.5807950746469819
2257;2128;0.5811660848757063
2258;2128.5;0.5815227091574406
2259;2129;0.5818652008819442
2260;2129.5;0.5821931674389761
2261;2130;0.5825062160182954
2262;2130.5;0.5828039542096621
2263;2131;0.583085989102835
2264;2131.5;0.5833519281875738
2265;2132;0.5836060989088866
2266;2132.5;0.5838545047996627
2267;2133;0.584096416502051
2268;2133.5;0.5843312869508009
2269;2134;0.584558223580663
2270;2134.5;0.5847762796263872
2271;2135;0.5849845082227234
2272;2135.5;0.5851819627044218
2273;2136;0.5853676963062323
2274;2136.5;0.5855400651634066
2275;2137;0.585695194166205
2276;2137.5;0.585835768787564
2277;2138;0.585964654190795
2278;2138.5;0.5860854295392092
2279;2139;0.5862026901961179
2280;2139.5;0.5863210314248329
2281;2140;0.5864450483886652
2282;2140.5;0.5865793362509264
2283;2141;0.5867284753957944
2284;2141.5;0.5868905944391761
2285;2142;0.5870628188303012
2286;2142.5;0.5872464598845168
2287;2143;0.5874418199171698
2288;2143.5;0.5876491039436074
2289;2144;0.5878685622791762
2290;2144.5;0.5881004450392233
2291;2145;0.5883450023390958
2292;2145.5;0.588602484294141
2293;2146;0.5888786169854412
2294;2146.5;0.5891907569375254
2295;2147;0.5895360401014026
2296;2147.5;0.5899116994797099
2297;2148;0.5903142203750853
2298;2148.5;0.5907387670901659
2299;2149;0.5911805037275896
2300;2149.5;0.5916345942899939
2301;2150;0.5920962028800163
2302;2150.5;0.5925614464310731
2303;2151;0.5930474080889159
2304;2151.5;0.5935590288944199
2305;2152;0.5940902109258751
2306;2152.5;0.5946316332615698
2307;2153;0.595182460079793
2308;2153.5;0.595742506158834
2309;2154;0.5963115859769814
2310;2154.5;0.5968895143125245
2311;2155;0.5974761056437521
2312;2155.5;0.598079911953086
2313;2156;0.5987152942916543
2314;2156.5;0.5993819983408487
2315;2157;0.6000759770573575
2316;2157.5;0.6007908948978696
2317;2158;0.6015209134190741
2318;2158.5;0.6022601943776593
2319;2159;0.6030028994303143
2320;2159.5;0.6037431901337281
2321;2160;0.604478271383807
2322;2160.5;0.6052211924703776
2323;2161;0.6059684573578158
2324;2161.5;0.6067138876273775
2325;2162;0.6074544258603187
2326;2162.5;0.6081873817378953
2327;2163;0.6089100416413633
2328;2163.5;0.6096196923519785
2329;2164;0.6103136202509972
2330;2164.5;0.6109892367103772
2331;2165;0.6116544647592949
2332;2165.5;0.6123166572814893
2333;2166;0.612977702457996
2334;2166.5;0.6136383794698507
2335;2167;0.6142968640980888
2336;2167.5;0.6149510257237465
2337;2168;0.615598733527859
2338;2168.5;0.616237856891462
2339;2169;0.6168662649955913
2340;2169.5;0.6174834975051059
2341;2170;0.6180905355109678
2342;2170.5;0.6186842273612783
2343;2171;0.6192634077621475
2344;2171.5;0.6198287386196857
2345;2172;0.6203793063400027
2346;2172.5;0.6209141952292089
2347;2173;0.6214324897934145
2348;2173.5;0.6219332743387294
2349;2174;0.6224170583799585
2350;2174.5;0.6228933076950235
2351;2175;0.6233618575891885
2352;2175.5;0.6238189791910537
2353;2176;0.6242573822292179
2354;2176.5;0.6246753291322813
2355;2177;0.6250717814288436
2356;2177.5;0.625445700947504
2357;2178;0.6257960492168623
2358;2178.5;0.6261220676081469
2359;2179;0.6264458902794205
2360;2179.5;0.6267770452618133
2361;2180;0.6271084403867534
2362;2180.5;0.6274287671856696
2363;2181;0.6277274769899903
2364;2181.5;0.6279957583311442
2365;2182;0.6282247998405592
2366;2182.5;0.6284057899496646
2367;2183;0.6285299173898883
2368;2183.5;0.6286101870386005
2369;2184;0.6286843964529604
2370;2184.5;0.6287498702471018
2371;2185;0.6288026218787767
2372;2185.5;0.6288386265057367
2373;2186;0.628854070785734
2374;2186.5;0.6288451460765202
2375;2187;0.6288080438358474
2376;2187.5;0.6287389555214676
2377;2188;0.6286388194570163
2378;2188.5;0.6285320440772717
2379;2189;0.6284211572150677
2380;2189.5;0.6283042329281605
2381;2190;0.6281786782743068
2382;2190.5;0.6280427192112632
2383;2191;0.6278947567967863
2384;2191.5;0.6277331922886327
2385;2192;0.6275564266445589
2386;2192.5;0.6273627899190706
2387;2193;0.6271502635842374
2388;2193.5;0.6269217460243042
2389;2194;0.6266815998352213
2390;2194.5;0.6264354250129394
2391;2195;0.6261873331534091
2392;2195.5;0.625940257352581
2393;2196;0.6256971306064056
2394;2196.5;0.6254608860108333
2395;2197;0.6252344565618148
2396;2197.5;0.6250151366827849
2397;2198;0.6247959556666821
2398;2198.5;0.6245749157739617
2399;2199;0.6243489770719546
2400;2199.5;0.6241157726279918
2401;2200;0.6238768086094044
2402;2200.5;0.6236336978835233
2403;2201;0.6233880539176796
2404;2201.5;0.6231414896792042
2405;2202;0.6228981290493313
2406;2202.5;0.6226663179640228
2407;2203;0.6224467117527331
2408;2203.5;0.6222382335317356
2409;2204;0.6220318594173031
2410;2204.5;0.6218243794257092
2411;2205;0.6216141408732272
2412;2205.5;0.6213994910761305
2413;2206;0.6211787774506922
2414;2206.5;0.6209483047388903
2415;2207;0.6206935922171091
2416;2207.5;0.6204163591132633
2417;2208;0.6201217846048946
2418;2208.5;0.6198150768695442
2419;2209;0.6194993658847536
2420;2209.5;0.6191770868280647
2421;2210;0.6188506749770185
2422;2210.5;0.618522565409157
2423;2211;0.6181944075599667
2424;2211.5;0.617846111861517
2425;2212;0.617470075960143
2426;2212.5;0.6170691416921135
2427;2213;0.6166464313936969
2428;2213.5;0.6162078236011619
2429;2214;0.6157606103507768
2430;2214.5;0.6153120913788103
2431;2215;0.6148695663215307
2432;2215.5;0.6144403349152067
2433;2216;0.6140118948310631
2434;2216.5;0.6135732018341501
2435;2217;0.6131341610449358
2436;2217.5;0.612704820524693
2437;2218;0.6122935463346948
2438;2218.5;0.6119051574362138
2439;2219;0.6115442276905233
2440;2219.5;0.6112153314588956
2441;2220;0.6109230427026039
2442;2220.5;0.6106619192142005
2443;2221;0.610411240439262
2444;2221.5;0.6101674698110178
2445;2222;0.6099273974221491
2446;2222.5;0.6096853298653373
2447;2223;0.6094440837332638
2448;2223.5;0.6092089128186096
2449;2224;0.6089850709140557
2450;2224.5;0.6087778117122837
2451;2225;0.6085898307756044
2452;2225.5;0.6084162994989277
2453;2226;0.6082624111797861
2454;2226.5;0.6081345369949819
2455;2227;0.608037566721318
2456;2227.5;0.6079686864355975
2457;2228;0.6079228217146229
2458;2228.5;0.6078948980351974
2459;2229;0.6078798406741235
2460;2229.5;0.6078716253932145
2461;2230;0.6078574668746788
2462;2230.5;0.607831272004095
2463;2231;0.6077887990840602
2464;2231.5;0.6077331749171716
2465;2232;0.6076799794060261
2466;2232.5;0.6076331444532211
2467;2233;0.6075961406613538
2468;2233.5;0.607572438733021
2469;2234;0.6075661600036734
2470;2234.5;0.6075925807671523
2471;2235;0.607654010604288
2472;2235.5;0.6077465680840137
2473;2236;0.6078652341752625
2474;2236.5;0.6080004283469677
2475;2237;0.608147073368062
2476;2237.5;0.6083008034074787
2477;2238;0.6084572528341511
2478;2238.5;0.6086123271783557
2479;2239;0.608791543391789
2480;2239.5;0.6090126685051773
2481;2240;0.6092740365813472
2482;2240.5;0.6095745960831243
2483;2241;0.6099193140733348
2484;2241.5;0.6103047988148047
2485;2242;0.6107248762703603
2486;2242.5;0.6111733719028276
2487;2243;0.6116441116750329
2488;2243.5;0.6121729761484083
2489;2244;0.6127913844962286
2490;2244.5;0.6134775404526052
2491;2245;0.6142097071441114
2492;2245.5;0.6149751354973209
2493;2246;0.6157596597388068
2494;2246.5;0.6165440796951428
2495;2247;0.6173091948929024
2496;2247.5;0.6180358052586589
2497;2248;0.6187287286632298
2498;2248.5;0.6194209430153201
2499;2249;0.6201110642870923
2500;2249.5;0.6207969649805911
2501;2250;0.6214732619978613

