Sample name;84-DWF4836H310R
Subsample name;子样品1
Subsample status;Finished
Operating procedure;OP:PA6采谱
Determination start;2026-05-11 06:20:30Z

MEAS SPEC;记录光谱 1;Met：PA6采谱  1
MP list
#;Wavelength / nm;Absorbance / AU
1;1000;0.2964459885726181
2;1000.5;0.29645596138226094
3;1001;0.29644510938675794
4;1001.5;0.2964210651546172
5;1002;0.29638908445262935
6;1002.5;0.29635442284758506
7;1003;0.296322336106275
8;1003.5;0.2962980799954897
9;1004;0.2962869100820198
10;1004.5;0.29629408203265595
11;1005;0.29632485171418865
12;1005.5;0.29638241892856965
13;1006;0.29645999557702735
14;1006.5;0.29655269182074473
15;1007;0.29665648135775685
16;1007.5;0.2967673381860986
17;1008;0.296881236203805
18;1008.5;0.2969941491089111
19;1009;0.2971020509994518
20;1009.5;0.2972009157734622
21;1010;0.2972867183257882
22;1010.5;0.2973659747536299
23;1011;0.29745458432694083
24;1011.5;0.29755078996573614
25;1012;0.2976516017900312
26;1012.5;0.29775402991984123
27;1013;0.29785508437518127
28;1013.5;0.29795177517606686
29;1014;0.29804111244251297
30;1014.5;0.298120106294535
31;1015;0.29818609271776525
32;1015.5;0.29824659499431794
33;1016;0.29829926287659303
34;1016.5;0.2983447623262913
35;1017;0.2983842026051137
36;1017.5;0.29841869287476097
37;1018;0.2984493423969338
38;1018.5;0.2984772603333332
39;1019;0.29850355594565997
40;1019.5;0.29852933839561474
41;1020;0.29855595807993235
42;1020.5;0.298586010050541
43;1021;0.2986176488685987
44;1021.5;0.2986514918709924
45;1022;0.2986882112946086
46;1022.5;0.2987284792763343
47;1023;0.29877296815305615
48;1023.5;0.29882235026166104
49;1024;0.2988772976390356
50;1024.5;0.29893848272206675
51;1025;0.29900509280815657
52;1025.5;0.29907396786073154
53;1026;0.29914881485794326
54;1026.5;0.29922754991981365
55;1027;0.2993080894663648
56;1027.5;0.29938834951761856
57;1028;0.29946624639359715
58;1028.5;0.29953969621432225
59;1029;0.2996066152998161
60;1029.5;0.29966491977010057
61;1030;0.29971365530885424
62;1030.5;0.29975469778654074
63;1031;0.2997888944736288
64;1031.5;0.2998181494066123
65;1032;0.2998443669219856
66;1032.5;0.2998694512562426
67;1033;0.29989530664587755
68;1033.5;0.2999238374273846
69;1034;0.2999569476372577
70;1034.5;0.2999965416119911
71;1035;0.3000491958911025
72;1035.5;0.300120589746862
73;1036;0.3002038619988374
74;1036.5;0.3002942208096641
75;1037;0.3003868739419774
76;1037.5;0.30047702955841243
77;1038;0.3005598955216048
78;1038.5;0.3006306799941896
79;1039;0.30068459083880217
80;1039.5;0.3007168362180779
81;1040;0.3007256036766538
82;1040.5;0.3007181117557336
83;1041;0.30069810604234687
84;1041.5;0.3006683672245586
85;1042;0.3006316757904333
86;1042.5;0.3005908124280358
87;1043;0.30054855742543085
88;1043.5;0.30050769157068313
89;1044;0.30047099535185734
90;1044.5;0.3004412493570183
91;1045;0.30041157439362803
92;1045.5;0.30038263271046584
93;1046;0.30035829513451373
94;1046.5;0.3003395565243019
95;1047;0.30032741153836084
96;1047.5;0.30032285493522115
97;1048;0.300326881373413
98;1048.5;0.300340485611467
99;1049;0.3003646625079134
100;1049.5;0.3004003861007033
101;1050;0.30044188559392027
102;1050.5;0.30049281782926107
103;1051;0.30055225118158607
104;1051.5;0.30061694092575614
105;1052;0.3006836425366316
106;1052.5;0.3007491112890733
107;1053;0.30081010275794157
108;1053.5;0.30086337211809716
109;1054;0.30090567474440044
110;1054.5;0.30093382754971065
111;1055;0.3009492315667374
112;1055.5;0.3009572306115652
113;1056;0.3009598147302796
114;1056.5;0.3009585809689661
115;1057;0.30095512647371003
116;1057.5;0.300951048290597
117;1058;0.3009479434657124
118;1058.5;0.3009474090451417
119;1059;0.30095104227497044
120;1059.5;0.3009604920857805
121;1060;0.30097860032926504
122;1060.5;0.3010059291391397
123;1061;0.3010402256255435
124;1061.5;0.3010791183986153
125;1062;0.3011202359684941
126;1062.5;0.30116120704531874
127;1063;0.30119966023922834
128;1063.5;0.3012332240603618
129;1064;0.301259527118858
130;1064.5;0.30127621810466976
131;1065;0.30128161269752257
132;1065.5;0.30127640824788693
133;1066;0.3012627885583603
134;1066.5;0.30124297153154
135;1067;0.30121917487002364
136;1067.5;0.3011936165764085
137;1068;0.30116851435329195
138;1068.5;0.30114608630327167
139;1069;0.3011285500289448
140;1069.5;0.30111841337958134
141;1070;0.3011178560092497
142;1070.5;0.3011218463422748
143;1071;0.3011290313571466
144;1071.5;0.301138296032355
145;1072;0.30114852544639004
146;1072.5;0.3011586048777417
147;1073;0.3011674194049
148;1073.5;0.3011738541063549
149;1074;0.3011767941605964
150;1074.5;0.3011758232312412
151;1075;0.30117393452891433
152;1075.5;0.30116966341017376
153;1076;0.3011640137480753
154;1076.5;0.30115809801567506
155;1077;0.301153028886029
156;1077.5;0.3011499189321933
157;1078;0.3011498806272238
158;1078.5;0.3011540266441765
159;1079;0.3011634694561075
160;1079.5;0.3011794215661132
161;1080;0.3012015577949126
162;1080.5;0.3012265505088353
163;1081;0.3012535130614305
164;1081.5;0.3012816200062474
165;1082;0.3013100461968351
166;1082.5;0.3013379661867427
167;1083;0.3013645545295193
168;1083.5;0.3013889859787141
169;1084;0.30141043518787625
170;1084.5;0.30142716223586163
171;1085;0.3014358270662629
172;1085.5;0.3014386565210568
173;1086;0.3014372630223927
174;1086.5;0.30143324189242043
175;1087;0.3014281885532893
176;1087.5;0.3014236982271489
177;1088;0.30142136623614874
178;1088.5;0.3014227880024384
179;1089;0.30142955884816736
180;1089.5;0.30144294070042
181;1090;0.30146140748390915
182;1090.5;0.30148329784112293
183;1091;0.301508181268925
184;1091.5;0.30153563536417904
185;1092;0.3015652378237484
186;1092.5;0.30159656654449674
187;1093;0.3016291990232876
188;1093.5;0.30166271325698457
189;1094;0.3016966868424513
190;1094.5;0.3017330668467504
191;1095;0.30177863233776364
192;1095.5;0.3018314477110329
193;1096;0.3018891674312255
194;1096.5;0.30194944826300885
195;1097;0.30200994687105004
196;1097.5;0.30206832032001624
197;1098;0.3021222250745749
198;1098.5;0.3021693181993933
199;1099;0.30220725625913847
200;1099.5;0.3022357248126366
201;1100;0.3022602845681974
202;1100.5;0.30228206603050006
203;1101;0.3023011443650513
204;1101.5;0.30231759283735776
205;1102;0.30233148441292623
206;1102.5;0.3023428922572634
207;1103;0.302351889535876
208;1103.5;0.30235854921427063
209;1104;0.30236294445795414
210;1104.5;0.3023646416154288
211;1105;0.3023629802532826
212;1105.5;0.3023590163236629
213;1106;0.3023533921760656
214;1106.5;0.302346749159986
215;1107;0.30233972862492003
216;1107.5;0.30233297192036324
217;1108;0.30232712049581123
218;1108.5;0.3023228157007595
219;1109;0.3023206987847039
220;1109.5;0.30232152565808573
221;1110;0.3023261663051301
222;1110.5;0.30233467265656444
223;1111;0.30234647451732444
224;1111.5;0.30236100089234547
225;1112;0.3023776807865629
226;1112.5;0.30239594290491245
227;1113;0.3024152164523293
228;1113.5;0.302434930133749
229;1114;0.3024545129541072
230;1114.5;0.3024771163792298
231;1115;0.302509726472585
232;1115.5;0.302549889984884
233;1116;0.3025964695432287
234;1116.5;0.30264833077472153
235;1117;0.30270433950646436
236;1117.5;0.30276336136555937
237;1118;0.30282426207910873
238;1118.5;0.30288590727421455
239;1119;0.3029471626779789
240;1119.5;0.30301024809689003
241;1120;0.30308092542160703
242;1120.5;0.30315641530407555
243;1121;0.3032354289182462
244;1121.5;0.30331668233806935
245;1122;0.30339889153749555
246;1122.5;0.30348077259047523
247;1123;0.3035610414709588
248;1123.5;0.30363841425289684
249;1124;0.3037116071102396
250;1124.5;0.3037810669068882
251;1125;0.30384804592684417
252;1125.5;0.30391036795727044
253;1126;0.30396945652860335
254;1126.5;0.3040267487712791
255;1127;0.3040836818157341
256;1127.5;0.30414169279240477
257;1128;0.30420221883172727
258;1128.5;0.304266696964138
259;1129;0.3043365644200734
260;1129.5;0.30441287786811
261;1130;0.3044936327547583
262;1130.5;0.30457587376622575
263;1131;0.30465979053404046
264;1131.5;0.30474559418973085
265;1132;0.30483349566482526
266;1132.5;0.30492370579085204
267;1133;0.30501643569933945
268;1133.5;0.30511189642181585
269;1134;0.30521029878980965
270;1134.5;0.3053112135121138
271;1135;0.3054133468848065
272;1135.5;0.3055173033223927
273;1136;0.30562332509514584
274;1136.5;0.30573164867333963
275;1137;0.3058425111272476
276;1137.5;0.305956149127143
277;1138;0.30607279944329957
278;1138.5;0.30619269884599065
279;1139;0.3063160842054899
280;1139.5;0.30644379124645166
281;1140;0.3065801557172226
282;1140.5;0.3067283989723749
283;1141;0.3068868104306845
284;1141.5;0.3070536093109272
285;1142;0.30722701523187856
286;1142.5;0.30740524771231453
287;1143;0.3075865261710109
288;1143.5;0.3077690702267434
289;1144;0.3079510990982878
290;1144.5;0.3081332418244124
291;1145;0.3083221418885723
292;1145.5;0.3085192530791205
293;1146;0.30872381727832077
294;1146.5;0.30893502426843733
295;1147;0.30915206373173404
296;1147.5;0.3093741255504752
297;1148;0.30960039930692473
298;1148.5;0.3098300749833467
299;1149;0.3100623421620051
300;1149.5;0.31030004693647995
301;1150;0.31055298759916955
302;1150.5;0.31081661028100366
303;1151;0.3110880481099901
304;1151.5;0.31136453411413667
305;1152;0.3116433015214512
306;1152.5;0.3119215834599417
307;1153;0.3121966130576158
308;1153.5;0.3124656233424815
309;1154;0.3127258475425466
310;1154.5;0.3129773019411698
311;1155;0.31322852967840387
312;1155.5;0.3134776548963688
313;1156;0.3137244068977099
314;1156.5;0.31396865968507237
315;1157;0.31421028726110145
316;1157.5;0.3144491637284425
317;1158;0.3146851630897408
318;1158.5;0.3149181594476415
319;1159;0.31514802680479004
320;1159.5;0.3153745743376037
321;1160;0.3155985990888371
322;1160.5;0.3158226490340975
323;1161;0.31604736088946545
324;1161.5;0.3162732482710215
325;1162;0.3165008249948461
326;1162.5;0.31673060477701986
327;1163;0.31696310143362305
328;1163.5;0.31719882848073644
329;1164;0.3174382998344403
330;1164.5;0.3176804977342521
331;1165;0.31791985760168806
332;1165.5;0.31816382316334135
333;1166;0.3184132213822529
334;1166.5;0.318668111321464
335;1167;0.3189285525440154
336;1167.5;0.31919460421294826
337;1168;0.3194663254913037
338;1168.5;0.31974377584212255
339;1169;0.32002701442844605
340;1169.5;0.320317164397121
341;1170;0.3206218786377446
342;1170.5;0.32094744669325587
343;1171;0.32129179025752624
344;1171.5;0.32165179402442784
345;1172;0.32202434258783225
346;1172.5;0.3224063205416112
347;1173;0.3227946125796365
348;1173.5;0.32318610319577984
349;1174;0.323577677083913
350;1174.5;0.3239676015796239
351;1175;0.32436590462133286
352;1175.5;0.32477468879954824
353;1176;0.32519280596950556
354;1176.5;0.32561899508644043
355;1177;0.326051994905588
356;1177.5;0.32649054448218384
357;1178;0.3269333824714635
358;1178.5;0.3273792479286622
359;1179;0.32782687970901553
360;1179.5;0.3282760064137415
361;1180;0.32873743196816435
362;1180.5;0.3292115911665845
363;1181;0.3296949158897776
364;1181.5;0.33018390051851915
365;1182;0.33067503933358483
366;1182.5;0.3311648266157502
367;1183;0.33164975664579094
368;1183.5;0.3321263236044826
369;1184;0.33259102187260076
370;1184.5;0.33304087300300406
371;1185;0.3334835229595775
372;1185.5;0.33392422299342794
373;1186;0.33436236292461186
374;1186.5;0.334796562373186
375;1187;0.33522544105920693
376;1187.5;0.33564761880273114
377;1188;0.33606171532381535
378;1188.5;0.3364663502425161
379;1189;0.33686014347889
380;1189.5;0.33724180744405247
381;1190;0.33761358174431033
382;1190.5;0.33797934474084557
383;1191;0.3383396672452803
384;1191.5;0.33869404016923726
385;1192;0.3390419543243387
386;1192.5;0.3393829005222071
387;1193;0.33971636977446484
388;1193.5;0.34004185299273426
389;1194;0.3403588407886379
390;1194.5;0.3406669017118982
391;1195;0.3409719113454853
392;1195.5;0.3412701949368377
393;1196;0.34155690599914196
394;1196.5;0.3418301295455851
395;1197;0.34208795058935415
396;1197.5;0.34232845384363586
397;1198;0.3425497244216172
398;1198.5;0.3427498472364851
399;1199;0.34292690730142655
400;1199.5;0.3430789985957904
401;1200;0.34321644229417003
402;1200.5;0.34334188641742064
403;1201;0.34344990298576966
404;1201.5;0.3435401137194444
405;1202;0.3436121405386724
406;1202.5;0.3436656052636809
407;1203;0.3437001296146973
408;1203.5;0.34371533561194906
409;1204;0.34371084497566357
410;1204.5;0.3436862796260681
411;1205;0.3436352804638566
412;1205.5;0.34354857616493206
413;1206;0.34342633891052643
414;1206.5;0.3432736417722348
415;1207;0.34309555762165234
416;1207.5;0.34289715953037403
417;1208;0.342683520269995
418;1208.5;0.34245971301211026
419;1209;0.34223081052831494
420;1209.5;0.3420018858902042
421;1210;0.3417581464843239
422;1210.5;0.34146773477394576
423;1211;0.34113282913596954
424;1211.5;0.34076053772895093
425;1212;0.3403580007114459
426;1212.5;0.33993235844201
427;1213;0.3394907511791992
428;1213.5;0.3390403191815691
429;1214;0.33858820280767576
430;1214.5;0.3381415424160747
431;1215;0.3376945830858169
432;1215.5;0.3372220882511184
433;1216;0.3367279427468933
434;1216.5;0.33621777371990325
435;1217;0.33569722901690935
436;1217.5;0.33517195638467284
437;1218;0.3346476038699552
438;1218.5;0.3341298193195174
439;1219;0.333624250580121
440;1219.5;0.33313654549852706
441;1220;0.33266417805201937
442;1220.5;0.3321843476903874
443;1221;0.3317028793389099
444;1221.5;0.33122412532219236
445;1222;0.3307521485648405
446;1222.5;0.33029101179145987
447;1223;0.3298447780266562
448;1223.5;0.32941750989503504
449;1224;0.3290132703212021
450;1224.5;0.3286361220297629
451;1225;0.3282857969041631
452;1225.5;0.327942767997562
453;1226;0.32760660472743713
454;1226.5;0.3272795218263552
455;1227;0.3269636295268832
456;1227.5;0.32666103786158773
457;1228;0.3263738568630356
458;1228.5;0.3261041968637936
459;1229;0.3258541677964285
460;1229.5;0.3256258797935071
461;1230;0.32542036565122123
462;1230.5;0.32522877943636497
463;1231;0.3250447829866233
464;1231.5;0.32486617065692264
465;1232;0.32469121040218957
466;1232.5;0.3245181698773503
467;1233;0.3243453169373313
468;1233.5;0.32417091923705915
469;1234;0.3239932446314602
470;1234.5;0.3238105608754607
471;1235;0.3236217193549982
472;1235.5;0.3234341186527249
473;1236;0.3232462149990038
474;1236.5;0.32305681454532975
475;1237;0.3228660523431972
476;1237.5;0.32267406394410114
477;1238;0.32248098459953606
478;1238.5;0.32228694956099674
479;1239;0.32209209407997796
480;1239.5;0.3218965536079744
481;1240;0.321700303156801
482;1240.5;0.32149818416138587
483;1241;0.3212899904891139
484;1241.5;0.32107806418543927
485;1242;0.3208646848958165
486;1242.5;0.3206521324657
487;1243;0.32044268664054404
488;1243.5;0.3202386271658032
489;1244;0.3200422337869317
490;1244.5;0.319855786249384
491;1245;0.3196815281667676
492;1245.5;0.31950945614386583
493;1246;0.3193355579448364
494;1246.5;0.3191646315937671
495;1247;0.3189989520147454
496;1247.5;0.3188407938318588
497;1248;0.318692431969195
498;1248.5;0.31855614115084147
499;1249;0.31843419640088594
500;1249.5;0.3183288723434159
501;1250;0.3182424439025189
502;1250.5;0.31816626680781923
503;1251;0.3180875196525695
504;1251.5;0.31800825543483036
505;1252;0.3179313865799144
506;1252.5;0.3178598261131339
507;1253;0.31779648685980144
508;1253.5;0.3177442818452295
509;1254;0.31770612399473047
510;1254.5;0.31768492633361695
511;1255;0.3176836016872013
512;1255.5;0.31770127690726724
513;1256;0.3177290605224803
514;1256.5;0.31776267949708276
515;1257;0.3178011014142821
516;1257.5;0.31784335925728574
517;1258;0.3178884864093012
518;1258.5;0.31793551605353604
519;1259;0.3179834814731975
520;1259.5;0.3180314158514933
521;1260;0.3180783523716308
522;1260.5;0.3181262023678079
523;1261;0.31818196203265553
524;1261.5;0.31824071235569085
525;1262;0.31830090795021143
526;1262.5;0.31836129172951527
527;1263;0.3184206060069
528;1263.5;0.3184775935956634
529;1264;0.31853099700910326
530;1264.5;0.3185795588605173
531;1265;0.31862202166320336
532;1265.5;0.31865874813095163
533;1266;0.31869693186926223
534;1266.5;0.3187327492013844
535;1267;0.3187647658700178
536;1267.5;0.31879214601786227
537;1268;0.3188140538876175
538;1268.5;0.31882965352198345
539;1269;0.3188381091636596
540;1269.5;0.318838585055346
541;1270;0.3188302452397423
542;1270.5;0.3188121200577892
543;1271;0.31878311534378506
544;1271.5;0.3187443717704393
545;1272;0.31869738877107967
546;1272.5;0.3186437841790339
547;1273;0.3185851758276296
548;1273.5;0.3185231814501945
549;1274;0.31845941898005614
550;1274.5;0.3183955062505425
551;1275;0.31833306089498115
552;1275.5;0.3182731479991976
553;1276;0.31820308716966206
554;1276.5;0.31812472927913904
555;1277;0.3180428704312747
556;1277.5;0.31795997272971493
557;1278;0.31787849827810566
558;1278.5;0.31780090938009287
559;1279;0.3177296681393226
560;1279.5;0.31766723665944063
561;1280;0.3176160770440931
562;1280.5;0.3175786015067021
563;1281;0.3175454730118109
564;1281.5;0.31751120135202165
565;1282;0.3174783735869276
566;1282.5;0.3174477153761226
567;1283;0.31741995227920006
568;1283.5;0.3173958098557537
569;1284;0.31737601376537683
570;1284.5;0.31736128946766307
571;1285;0.3173523626222062
572;1285.5;0.31734995888859946
573;1286;0.31735338555007664
574;1286.5;0.31735935495952355
575;1287;0.31736645840565825
576;1287.5;0.3173750989656049
577;1288;0.31738568321648797
578;1288.5;0.31739861723543183
579;1289;0.31741430759956085
580;1289.5;0.3174331606859992
581;1290;0.3174555827718712
582;1290.5;0.31748198023430146
583;1291;0.3175186337481234
584;1291.5;0.3175755109830457
585;1292;0.31764436055434786
586;1292.5;0.3177204762952747
587;1293;0.3177992940390715
588;1293.5;0.31787624951898297
589;1294;0.3179467787682543
590;1294.5;0.3180063174201305
591;1295;0.31805030130785655
592;1295.5;0.3180741663646775
593;1296;0.31807803652921907
594;1296.5;0.31807903962839285
595;1297;0.3180786184795981
596;1297.5;0.3180769685978016
597;1298;0.31807439269796967
598;1298.5;0.3180711935950692
599;1299;0.31806767420406634
600;1299.5;0.3180641371399281
601;1300;0.31806088541762084
602;1300.5;0.3180582217521112
603;1301;0.3180561074170423
604;1301.5;0.3180526911552393
605;1302;0.3180514949268612
606;1302.5;0.3180527380812509
607;1303;0.3180558173677515
608;1303.5;0.3180601294357057
609;1304;0.3180650712344565
610;1304.5;0.3180700395133468
611;1305;0.3180744309217193
612;1305.5;0.31807764230891705
613;1306;0.31807929349207503
614;1306.5;0.318082806364708
615;1307;0.3180885092624476
616;1307.5;0.3180960138208916
617;1308;0.31810502877563723
618;1308.5;0.31811526256228234
619;1309;0.3181264239164242
620;1309.5;0.3181382213736605
621;1310;0.31815036356958876
622;1310.5;0.3181625592398065
623;1311;0.31817457409669503
624;1311.5;0.31819411644632567
625;1312;0.3182242862024281
626;1312.5;0.31826269475370084
627;1313;0.3183081513888425
628;1313.5;0.3183594655965515
629;1314;0.31841544646552655
630;1314.5;0.3184749034844663
631;1315;0.3185366459420691
632;1315.5;0.3185994831270337
633;1316;0.3186622244280587
634;1316.5;0.3187295468567382
635;1317;0.3188038888154172
636;1317.5;0.31887983618841353
637;1318;0.3189566092594437
638;1318.5;0.31903343361222414
639;1319;0.31910953483047155
640;1319.5;0.3191841385979023
641;1320;0.31925647069823304
642;1320.5;0.3193257566151802
643;1321;0.31939122213246024
644;1321.5;0.31945535302878275
645;1322;0.31952378109910207
646;1322.5;0.3195914298372471
647;1323;0.31965811048952375
648;1323.5;0.319723827402238
649;1324;0.3197885845216958
650;1324.5;0.3198523862942031
651;1325;0.3199152366660658
652;1325.5;0.31997713978358994
653;1326;0.3200380999930813
654;1326.5;0.3200997909899674
655;1327;0.32016834805890687
656;1327.5;0.3202388541643771
657;1328;0.3203091599538113
658;1328.5;0.3203775544746427
659;1329;0.32044232687430485
660;1329.5;0.32050176630023086
661;1330;0.3205541615998541
662;1330.5;0.32059780202060784
663;1331;0.3206309766099255
664;1331.5;0.32065324775767967
665;1332;0.3206763472966504
666;1332.5;0.32070142373524824
667;1333;0.3207276735958329
668;1333.5;0.32075475390076424
669;1334;0.32078232197240214
670;1334.5;0.3208100349331063
671;1335;0.3208375500052364
672;1335.5;0.3208645242111524
673;1336;0.32089061477321407
674;1336.5;0.3209154481574616
675;1337;0.32093796259879664
676;1337.5;0.3209597704698649
677;1338;0.32098193114146106
678;1338.5;0.32100482928438
679;1339;0.3210288499694166
680;1339.5;0.3210543779673655
681;1340;0.3210817982490218
682;1340.5;0.32111149568518005
683;1341;0.3211438551466351
684;1341.5;0.3211792617657715
685;1342;0.32122245830018775
686;1342.5;0.32127855079398476
687;1343;0.32134699931487437
688;1343.5;0.32142543843056837
689;1344;0.3215115024087786
690;1344.5;0.3216028257172171
691;1345;0.32169704252359554
692;1345.5;0.32179178729562585
693;1346;0.3218846945010199
694;1346.5;0.3219733983074896
695;1347;0.32206213444750764
696;1347.5;0.32216243853827764
697;1348;0.32227420795584194
698;1348.5;0.32239574651929204
699;1349;0.32252534234771935
700;1349.5;0.32266128336021527
701;1350;0.3228018575758715
702;1350.5;0.3229453531137793
703;1351;0.3230900577930303
704;1351.5;0.3232342599327159
705;1352;0.3233809121308534
706;1352.5;0.3235450650120945
707;1353;0.32372560481456364
708;1353.5;0.3239206101633202
709;1354;0.3241281991834234
710;1354.5;0.32434648969993285
711;1355;0.3245735997379079
712;1355.5;0.32480764732240786
713;1356;0.3250467504784923
714;1356.5;0.32528902713122043
715;1357;0.3255342906287197
716;1357.5;0.3257940396220473
717;1358;0.326067196792094
718;1358.5;0.32635190016064075
719;1359;0.3266467407494685
720;1359.5;0.3269503093803581
721;1360;0.3272611970750904
722;1360.5;0.32757799485544636
723;1361;0.32789929364320697
724;1361.5;0.32822368446015304
725;1362;0.3285499902058717
726;1362.5;0.3288827518909946
727;1363;0.32922360654769245
728;1363.5;0.3295719176960474
729;1364;0.32992716035614184
730;1364.5;0.3302888092480577
731;1365;0.33065633939187755
732;1365.5;0.33102922540768337
733;1366;0.33140694231555734
734;1366.5;0.3317889649355819
735;1367;0.3321747708349105
736;1367.5;0.3325658144576864
737;1368;0.3329640372985615
738;1368.5;0.33336938349828454
739;1369;0.33378129009760416
740;1369.5;0.33419919423726896
741;1370;0.33462253285802757
742;1370.5;0.3350507432006287
743;1371;0.335483262305821
744;1371.5;0.33591952711435313
745;1372;0.3363589748669738
746;1372.5;0.33680349073722643
747;1373;0.3372560158701028
748;1373.5;0.3377147903894898
749;1374;0.33817831189665254
750;1374.5;0.3386450798928564
751;1375;0.33911359337936664
752;1375.5;0.33958235155744854
753;1376;0.3400498539283673
754;1376.5;0.34051459949338825
755;1377;0.34097508755377665
756;1377.5;0.34143237520422487
757;1378;0.3418940171777894
758;1378.5;0.342358703531927
759;1379;0.3428240944079146
760;1379.5;0.3432878475470293
761;1380;0.3437476207905479
762;1380.5;0.34420107177974746
763;1381;0.344645858455905
764;1381.5;0.3450796385602975
765;1382;0.3455000698342018
766;1382.5;0.34590621495732454
767;1383;0.3463061965101383
768;1383.5;0.346697214447886
769;1384;0.3470773271665265
770;1384.5;0.3474450948620186
771;1385;0.34779907773032104
772;1385.5;0.34813783586739266
773;1386;0.3484599292691922
774;1386.5;0.34876391823167846
775;1387;0.34904836275081025
776;1387.5;0.34931198629806415
777;1388;0.34955854630752425
778;1388.5;0.3497896649403799
779;1389;0.3500070891652581
780;1389.5;0.3502134179507862
781;1390;0.3504112505655915
782;1390.5;0.3506031860783013
783;1391;0.3507918236575426
784;1391.5;0.3509797622719428
785;1392;0.35116960109012907
786;1392.5;0.35136393612942846
787;1393;0.3515587966979827
788;1393.5;0.35174710298525724
789;1394;0.351929153788989
790;1394.5;0.3521072974069149
791;1395;0.35228388193677185
792;1395.5;0.35246125567629677
793;1396;0.35264176682322657
794;1396.5;0.3528277636752982
795;1397;0.35302159453024873
796;1397.5;0.35322560738581493
797;1398;0.3534438703808635
798;1398.5;0.35367688040980033
799;1399;0.3539187751390874
800;1399.5;0.3541676325706059
801;1400;0.35442155390623664
802;1400.5;0.3546786403478605
803;1401;0.3549369930973587
804;1401.5;0.3551947133566119
805;1402;0.35544990232750145
806;1402.5;0.355700661211908
807;1403;0.3559484737548659
808;1403.5;0.3562025148725205
809;1404;0.3564556188876157
810;1404.5;0.35670637434609154
811;1405;0.35695379469388844
812;1405.5;0.3571968935769465
813;1406;0.35743468444120624
814;1406.5;0.35766618083260787
815;1407;0.35789039639709164
816;1407.5;0.3581063445805978
817;1408;0.35831445356761255
818;1408.5;0.35852599664996976
819;1409;0.3587345613186705
820;1409.5;0.3589375052761224
821;1410;0.35913364042473317
822;1410.5;0.3593217784669103
823;1411;0.35950073130506155
824;1411.5;0.35966931074159436
825;1412;0.3598263284789166
826;1412.5;0.35997059641943563
827;1413;0.36010109302732757
828;1413.5;0.36022349153648425
829;1414;0.3603411516323375
830;1414.5;0.3604546612201424
831;1415;0.3605647519051539
832;1415.5;0.3606721554926269
833;1416;0.3607776035878163
834;1416.5;0.3608818277959771
835;1417;0.36098556002236426
836;1417.5;0.3610895317722326
837;1418;0.3611944747508373
838;1418.5;0.3613008329680979
839;1419;0.3614095984110548
840;1419.5;0.3615210507926605
841;1420;0.3616345104766832
842;1420.5;0.36174929752689067
843;1421;0.3618647321070509
844;1421.5;0.36198013428093184
845;1422;0.3620948243123014
846;1422.5;0.3622081223649275
847;1423;0.36231934860257814
848;1423.5;0.36243082575768304
849;1424;0.36254833513248047
850;1424.5;0.36267010320961246
851;1425;0.36279316980816134
852;1425.5;0.36291456514720966
853;1426;0.3630313189458399
854;1426.5;0.36314046122313465
855;1427;0.3632390219981762
856;1427.5;0.36332403129004726
857;1428;0.36339251891783014
858;1428.5;0.36344439728393463
859;1429;0.3634939989670847
860;1429.5;0.3635468093339519
861;1430;0.3636017421992103
862;1430.5;0.3636573914775343
863;1431;0.3637123513835977
864;1431.5;0.36376521593207467
865;1432;0.36381457923763966
866;1432.5;0.36385903541496656
867;1433;0.3638971784787294
868;1433.5;0.3639276466485538
869;1434;0.3639501516972534
870;1434.5;0.3639680795409854
871;1435;0.36398262823258226
872;1435.5;0.36399433732487635
873;1436;0.36400374607069996
874;1436.5;0.3640113937228857
875;1437;0.3640178198342658
876;1437.5;0.3640235636576729
877;1438;0.3640291645459392
878;1438.5;0.3640351384708378
879;1439;0.3640398163235103
880;1439.5;0.36404159933089125
881;1440;0.36404073139254106
882;1440.5;0.36403784210802065
883;1441;0.36403356137689025
884;1441.5;0.36402851889871063
885;1442;0.3640233444730424
886;1442.5;0.364018667799446
887;1443;0.36401511857748214
888;1443.5;0.36401332660671126
889;1444;0.3640117673116685
890;1444.5;0.36400820998106426
891;1445;0.36400363503938593
892;1445.5;0.36399873665217714
893;1446;0.36399420918498154
894;1446.5;0.3639907472033429
895;1447;0.36398904477280486
896;1447.5;0.36398979655891117
897;1448;0.36399369672720544
898;1448.5;0.36400143964323134
899;1449;0.36401362236744794
900;1449.5;0.3640300533467046
901;1450;0.36405020086893064
902;1450.5;0.36407354761422883
903;1451;0.36409957646270197
904;1451.5;0.36412777049445255
905;1452;0.3641576123895832
906;1452.5;0.36418858522819664
907;1453;0.36422017189039557
908;1453.5;0.3642518552562827
909;1454;0.3642835830057917
910;1454.5;0.36431873133865017
911;1455;0.36435908840128345
912;1455.5;0.36440368955803654
913;1456;0.36445137457325455
914;1456.5;0.36450098301128236
915;1457;0.36455135473646516
916;1457.5;0.36460132931314776
917;1458;0.36464974660567545
918;1458.5;0.3646954460783931
919;1459;0.36473749414665335
920;1459.5;0.36477989406745237
921;1460;0.3648228470416369
922;1460.5;0.3648664497384728
923;1461;0.36491120592722626
924;1461.5;0.36495761967716317
925;1462;0.36500619455754946
926;1462.5;0.3650574345376511
927;1463;0.3651118433867342
928;1463.5;0.3651699250740647
929;1464;0.36523218473774877
930;1464.5;0.3653033465730084
931;1465;0.36538385027674336
932;1465.5;0.3654714260668381
933;1466;0.36556562316117674
934;1466.5;0.36566599097764374
935;1467;0.36577207873412343
936;1467.5;0.36588343564849996
937;1468;0.36599961103865775
938;1468.5;0.3661201540224811
939;1469;0.36624461411785425
940;1469.5;0.36637557112831465
941;1470;0.36651858711162355
942;1470.5;0.36667260158219567
943;1471;0.36683597776059773
944;1471.5;0.36700707886739625
945;1472;0.367184268223158
946;1472.5;0.36736590904844924
947;1473;0.3675503644638368
948;1473.5;0.3677359976898874
949;1474;0.36792117204716746
950;1474.5;0.3681068074719559
951;1475;0.3683009266428044
952;1475.5;0.3685002560452844
953;1476;0.3687027505167911
954;1476.5;0.3689064554947194
955;1477;0.3691094165164645
956;1477.5;0.36930967891942146
957;1478;0.36950528834098534
958;1478.5;0.3696942901185512
959;1479;0.3698747297895141
960;1479.5;0.37004549057721564
961;1480;0.3702140201934635
962;1480.5;0.3703794556577328
963;1481;0.37054097317557255
964;1481.5;0.3706981717525325
965;1482;0.3708506502941617
966;1482.5;0.3709980078060095
967;1483;0.37113984299362535
968;1483.5;0.3712757548625586
969;1484;0.3714053423183586
970;1484.5;0.37152814772784604
971;1485;0.37164099764776015
972;1485.5;0.3717445557730401
973;1486;0.371841267004524
974;1486.5;0.37193335274305
975;1487;0.3720230342894563
976;1487.5;0.372112532844581
977;1488;0.37220407000926226
978;1488.5;0.37229986688433836
979;1489;0.37240214497064733
980;1489.5;0.3725131255690273
981;1490;0.3726322067136403
982;1490.5;0.37275265935797536
983;1491;0.37287272868768884
984;1491.5;0.37299319911117346
985;1492;0.3731148550368218
986;1492.5;0.3732384807730264
987;1493;0.3733648609281799
988;1493.5;0.3734947797106751
989;1494;0.3736290216289044
990;1494.5;0.37376837109126054
991;1495;0.37391584473843065
992;1495.5;0.3740757165665326
993;1496;0.374244880927249
994;1496.5;0.37442297470914376
995;1497;0.37460965200078056
996;1497.5;0.37480456679072327
997;1498;0.37500737286753577
998;1498.5;0.3752177242197817
999;1499;0.375435274836025
1000;1499.5;0.3756596786048295
1001;1500;0.3758924170453243
1002;1500.5;0.37614320450181016
1003;1501;0.3764094434601414
1004;1501.5;0.37668769562676935
1005;1502;0.37697461690814527
1006;1502.5;0.37726686301072065
1007;1503;0.3775610898409466
1008;1503.5;0.37785395310527464
1009;1504;0.3781421087101561
1010;1504.5;0.37842221236204204
1011;1505;0.37869164741439726
1012;1505.5;0.37896088620731533
1013;1506;0.37923143863503317
1014;1506.5;0.37950119489088685
1015;1507;0.3797683040682126
1016;1507.5;0.3800309150603468
1017;1508;0.3802871770606254
1018;1508.5;0.3805352390623847
1019;1509;0.3807732500589608
1020;1509.5;0.3809993591436898
1021;1510;0.3812117309120041
1022;1510.5;0.381415312586607
1023;1511;0.3816176259539061
1024;1511.5;0.38181907206619253
1025;1512;0.38201908927575723
1026;1512.5;0.38221711623489074
1027;1513;0.3824125912958844
1028;1513.5;0.38260495301102865
1029;1514;0.38279363993261456
1030;1514.5;0.3829780904129332
1031;1515;0.3831577431042751
1032;1515.5;0.38332916546709744
1033;1516;0.3834901663024216
1034;1516.5;0.3836445982926858
1035;1517;0.3837948090998221
1036;1517.5;0.38394314608576185
1037;1518;0.384091957012437
1038;1518.5;0.3842435892417793
1039;1519;0.3844003904357203
1040;1519.5;0.38456470805619175
1041;1520;0.3847388897651257
1042;1520.5;0.38492433470882564
1043;1521;0.38511867653009846
1044;1521.5;0.38532118685949396
1045;1522;0.3855307930043518
1046;1522.5;0.38574641387201153
1047;1523;0.3859669683698127
1048;1523.5;0.386191375305095
1049;1524;0.3864185536851978
1050;1524.5;0.38664742221746096
1051;1525;0.38687689990922397
1052;1525.5;0.3871073193649389
1053;1526;0.3873494902874824
1054;1526.5;0.38760311056919095
1055;1527;0.3878642051810951
1056;1527.5;0.38812875489422527
1057;1528;0.38839274017961184
1058;1528.5;0.3886521420082852
1059;1529;0.38890294085127564
1060;1529.5;0.3891411174796137
1061;1530;0.3893626525643298
1062;1530.5;0.3895637412769043
1063;1531;0.38974896504086304
1064;1531.5;0.3899219323017249
1065;1532;0.3900818256557792
1066;1532.5;0.39022762189931537
1067;1533;0.3903582977286229
1068;1533.5;0.3904728301399912
1069;1534;0.39057019572970975
1070;1534.5;0.3906493712940677
1071;1535;0.3907093335293549
1072;1535.5;0.39074905943186045
1073;1536;0.3907500821588975
1074;1536.5;0.3906970832777585
1075;1537;0.39059522001328334
1076;1537.5;0.39044918663056666
1077;1538;0.3902636769947026
1078;1538.5;0.3900433850707854
1079;1539;0.3897930050239096
1080;1539.5;0.38951723071916955
1081;1540;0.3892207561216594
1082;1540.5;0.38890827539647355
1083;1541;0.38856427114486963
1084;1541.5;0.38814950278543836
1085;1542;0.38767315170283406
1086;1542.5;0.38714704376495246
1087;1543;0.3865830042396891
1088;1543.5;0.38599285869494
1089;1544;0.3853884327986007
1090;1544.5;0.38478155191856706
1091;1545;0.38418404162273484
1092;1545.5;0.38360772747899985
1093;1546;0.3830523227380306
1094;1546.5;0.38246679886593354
1095;1547;0.3818484133821971
1096;1547.5;0.38120986521519695
1097;1548;0.3805640196933087
1098;1548.5;0.37992374174490784
1099;1549;0.3793018965983702
1100;1549.5;0.3787113493820712
1101;1550;0.3781649652243864
1102;1550.5;0.37767560925369165
1103;1551;0.3772521021782557
1104;1551.5;0.37685430202770415
1105;1552;0.3764678258167387
1106;1552.5;0.3760979002465853
1107;1553;0.37575034851846983
1108;1553.5;0.3754309939336184
1109;1554;0.37514565969325686
1110;1554.5;0.37490016909861107
1111;1555;0.3747003454509071
1112;1555.5;0.37455201195137067
1113;1556;0.3744607420777334
1114;1556.5;0.3744134226441519
1115;1557;0.3743940883519069
1116;1557.5;0.37440020083250175
1117;1558;0.3744303852174399
1118;1558.5;0.3744832666382246
1119;1559;0.37455747042635934
1120;1559.5;0.37465162161334753
1121;1560;0.3747643455306925
1122;1560.5;0.3748942672098975
1123;1561;0.3750400118824663
1124;1561.5;0.3752135135933651
1125;1562;0.3754237366053973
1126;1562.5;0.37566222625045587
1127;1563;0.3759223056508875
1128;1563.5;0.37619729772903926
1129;1564;0.37648052550725797
1130;1564.5;0.37676531210789055
1131;1565;0.3770449803532839
1132;1565.5;0.37731285336578485
1133;1566;0.3775622540677403
1134;1566.5;0.3777978193027648
1135;1567;0.3780409121910725
1136;1567.5;0.37828589117172673
1137;1568;0.3785285420679808
1138;1568.5;0.37876465030308815
1139;1569;0.37899000180030207
1140;1569.5;0.37920038208287593
1141;1570;0.3793915768740632
1142;1570.5;0.37955937189711697
1143;1571;0.3796995527752908
1144;1571.5;0.37981059872134404
1145;1572;0.379902311639394
1146;1572.5;0.3799715950631878
1147;1573;0.38001771617063507
1148;1573.5;0.38004005633964494
1149;1574;0.3800379965481268
1150;1574.5;0.38001091797399
1151;1575;0.37995820179514406
1152;1575.5;0.37987922908949806
1153;1576;0.37977338113496156
1154;1576.5;0.37963953488452823
1155;1577;0.3794718718602841
1156;1577.5;0.3792733363833822
1157;1578;0.37904947375051085
1158;1578.5;0.3788058279583587
1159;1579;0.378547943503614
1160;1579.5;0.37828136448296534
1161;1580;0.378011635093101
1162;1580.5;0.37774429963070943
1163;1581;0.3774849021924792
1164;1581.5;0.3772386477319232
1165;1582;0.3769822438311676
1166;1582.5;0.37670907165807027
1167;1583;0.3764274469199686
1168;1583.5;0.3761444680242
1169;1584;0.37586723327810156
1170;1584.5;0.3756028410890111
1171;1585;0.3753583899642658
1172;1585.5;0.375140978311203
1173;1586;0.37495770443716014
1174;1586.5;0.37481566674947475
1175;1587;0.3746992157377097
1176;1587.5;0.37458550280761954
1177;1588;0.3744792456590312
1178;1588.5;0.3743836715474414
1179;1589;0.3743020080283472
1180;1589.5;0.3742374821572455
1181;1590;0.3741933213896333
1182;1590.5;0.3741727530810075
1183;1591;0.3741790043868651
1184;1591.5;0.374215302762703
1185;1592;0.3742779040828827
1186;1592.5;0.3743488143166358
1187;1593;0.3744255083983791
1188;1593.5;0.3745065249102587
1189;1594;0.37459040233442037
1190;1594.5;0.3746756792530101
1191;1595;0.37476089394817397
1192;1595.5;0.3748445851020577
1193;1596;0.3749252910968074
1194;1596.5;0.3750015506145689
1195;1597;0.37507319659515076
1196;1597.5;0.3751456574421927
1197;1598;0.3752184186523353
1198;1598.5;0.37529043403129525
1199;1599;0.37536066618478914
1200;1599.5;0.3754280779185336
1201;1600;0.37549163173824535
1202;1600.5;0.3755502903496407
1203;1601;0.37560301645843647
1204;1601.5;0.3756487726703493
1205;1602;0.3756850122040932
1206;1602.5;0.3756927799308436
1207;1603;0.3756700604339511
1208;1603.5;0.37562116151220176
1209;1604;0.3755503864643814
1210;1604.5;0.37546203888927626
1211;1605;0.37536042208567216
1212;1605.5;0.37524983965235514
1213;1606;0.3751345947881113
1214;1606.5;0.37501899109172654
1215;1607;0.37490702313512125
1216;1607.5;0.374784203930389
1217;1608;0.37464345133889765
1218;1608.5;0.37448689105528066
1219;1609;0.37431636997417134
1220;1609.5;0.37413373509020353
1221;1610;0.37394083349801044
1222;1610.5;0.37373951219222584
1223;1611;0.37353161806748303
1224;1611.5;0.37331899821841563
1225;1612;0.3731034996396571
1226;1612.5;0.37288058715635025
1227;1613;0.37264352086432206
1228;1613.5;0.3723932249755043
1229;1614;0.3721307660247337
1230;1614.5;0.37185721054684695
1231;1615;0.3715736250766805
1232;1615.5;0.3712810764490714
1233;1616;0.3709806309988558
1234;1616.5;0.3706733553608707
1235;1617;0.3703603161699528
1236;1617.5;0.3700386920345095
1237;1618;0.3697007210305425
1238;1618.5;0.36934836377792946
1239;1619;0.3689846701116205
1240;1619.5;0.3686126898665655
1241;1620;0.36823547287771446
1242;1620.5;0.36785606908001744
1243;1621;0.36747752840842457
1244;1621.5;0.36710290059788575
1245;1622;0.36673523548335096
1246;1622.5;0.3663736582340994
1247;1623;0.3660053613460757
1248;1623.5;0.3656327041198485
1249;1624;0.365258725444548
1250;1624.5;0.36488646020930454
1251;1625;0.36451894310324817
1252;1625.5;0.36415920901550913
1253;1626;0.36381029293521777
1254;1626.5;0.36347522965150425
1255;1627;0.36315705405349874
1256;1627.5;0.3628566925963508
1257;1628;0.3625571751990714
1258;1628.5;0.3622550889776993
1259;1629;0.3619545549164968
1260;1629.5;0.3616598110997259
1261;1630;0.36137509561164904
1262;1630.5;0.3611046465365281
1263;1631;0.3608527020586254
1264;1631.5;0.36062350036220314
1265;1632;0.36042127943152347
1266;1632.5;0.36024940241737813
1267;1633;0.3600875619042936
1268;1633.5;0.35992206001083443
1269;1634;0.359755071328446
1270;1634.5;0.35958954264857385
1271;1635;0.3594284207626631
1272;1635.5;0.35927465266215947
1273;1636;0.3591311850385081
1274;1636.5;0.3590009647831544
1275;1637;0.35888693878754385
1276;1637.5;0.35879203247073943
1277;1638;0.3587101593669525
1278;1638.5;0.35863086672216105
1279;1639;0.35855402589904983
1280;1639.5;0.3584807090603033
1281;1640;0.35841198806860614
1282;1640.5;0.35834893488664293
1283;1641;0.3582926212770982
1284;1641.5;0.35824411940265655
1285;1642;0.3582045011260026
1286;1642.5;0.358174838209821
1287;1643;0.35815940265820867
1288;1643.5;0.35816035241086064
1289;1644;0.3581748711584286
1290;1644.5;0.35820104379160356
1291;1645;0.35823695530107663
1292;1645.5;0.358280690677539
1293;1646;0.35833033461168157
1294;1646.5;0.3583839721941955
1295;1647;0.35843968831577183
1296;1647.5;0.3584955677671017
1297;1648;0.35855296128613867
1298;1648.5;0.3586160387506613
1299;1649;0.3586824676717456
1300;1649.5;0.35875216265173143
1301;1650;0.3588250383929591
1302;1650.5;0.3589010096977686
1303;1651;0.3589799911685002
1304;1651.5;0.359061897607494
1305;1652;0.3591466437170902
1306;1652.5;0.35923414409962884
1307;1653;0.3593250997033011
1308;1653.5;0.3594205579564025
1309;1654;0.3595173235935763
1310;1654.5;0.3596161077000411
1311;1655;0.35971764746101553
1312;1655.5;0.35982267966171794
1313;1656;0.35993194128736705
1314;1656.5;0.36004616922318133
1315;1657;0.36016610055437936
1316;1657.5;0.36029247206617965
1317;1658;0.36042597624612116
1318;1658.5;0.3605639853594343
1319;1659;0.3607007088091955
1320;1659.5;0.36083739219808664
1321;1660;0.3609755757287895
1322;1660.5;0.36111679990398604
1323;1661;0.361262605226358
1324;1661.5;0.36141453189858724
1325;1662;0.3615741205233555
1326;1662.5;0.3617429114033449
1327;1663;0.3619223624505995
1328;1663.5;0.362110595184939
1329;1664;0.36230208650305307
1330;1664.5;0.3624963385178495
1331;1665;0.36269342194223625
1332;1665.5;0.362893407589121
1333;1666;0.3630963662714117
1334;1666.5;0.3633023688020164
1335;1667;0.36351148599384286
1336;1667.5;0.3637237886597991
1337;1668;0.3639393538365413
1338;1668.5;0.3641599047100665
1339;1669;0.3643884645700162
1340;1669.5;0.36462515994697536
1341;1670;0.3648696287715291
1342;1670.5;0.36512150907426244
1343;1671;0.36538043908576057
1344;1671.5;0.36564605663660843
1345;1672;0.36591799995739094
1346;1672.5;0.3661959068786932
1347;1673;0.3664794156311005
1348;1673.5;0.3667741760530133
1349;1674;0.3670872339188821
1350;1674.5;0.36741729319839267
1351;1675;0.36776318790861307
1352;1675.5;0.3681237517666114
1353;1676;0.36849781848945573
1354;1676.5;0.3688842219942142
1355;1677;0.369281796097955
1356;1677.5;0.36968937441774596
1357;1678;0.3701057908706553
1358;1678.5;0.3705393082813583
1359;1679;0.37101209820668307
1360;1679.5;0.3715228002659733
1361;1680;0.37206756351621595
1362;1680.5;0.3726425372143981
1363;1681;0.373243870617507
1364;1681.5;0.37386771288252973
1365;1682;0.3745102133664532
1366;1682.5;0.37516752102626477
1367;1683;0.37583578531895145
1368;1683.5;0.37652205038673026
1369;1684;0.37726677368768036
1370;1684.5;0.37807189772416894
1371;1685;0.37893224873788967
1372;1685.5;0.37984265307053644
1373;1686;0.38079793696380315
1374;1686.5;0.38179292665938347
1375;1687;0.3828224485989712
1376;1687.5;0.3838813289242603
1377;1688;0.38496439407694444
1378;1688.5;0.3860740756859663
1379;1689;0.38725472883776807
1380;1689.5;0.38850783620736284
1381;1690;0.3898255261584797
1382;1690.5;0.39119992845484786
1383;1691;0.39262317256019647
1384;1691.5;0.3940873883382546
1385;1692;0.39558470535275136
1386;1692.5;0.39710725316741613
1387;1693;0.3986471616459779
1388;1693.5;0.4001999271024766
1389;1694;0.401800511830972
1390;1694.5;0.4034533001547119
1391;1695;0.4051492336955297
1392;1695.5;0.40687924257525837
1393;1696;0.40863425661573116
1394;1696.5;0.4104052057387812
1395;1697;0.41218302006624175
1396;1697.5;0.41395862931994615
1397;1698;0.4157229637217273
1398;1698.5;0.417468142226083
1399;1699;0.4192219868390592
1400;1699.5;0.4209870262921657
1401;1700;0.4227561042178225
1402;1700.5;0.424523103848449
1403;1701;0.4262819085164651
1404;1701.5;0.42802640135429043
1405;1702;0.42975046539434486
1406;1702.5;0.43144798406904794
1407;1703;0.4331128405108194
1408;1703.5;0.4347390730276534
1409;1704;0.43635500761049145
1410;1704.5;0.43797402329415097
1411;1705;0.4395843525631592
1412;1705.5;0.44117505730204354
1413;1706;0.44273519959533125
1414;1706.5;0.44425384142754976
1415;1707;0.44572004488322625
1416;1707.5;0.44712287184688826
1417;1708;0.44845138460306294
1418;1708.5;0.44969464493627764
1419;1709;0.4508896757708022
1420;1709.5;0.4520826218013065
1421;1710;0.45325714601663625
1422;1710.5;0.454396278187596
1423;1711;0.4554830479849895
1424;1711.5;0.45650048527962117
1425;1712;0.45743161974229507
1426;1712.5;0.4582594813438153
1427;1713;0.45896709965498594
1428;1713.5;0.4595375046466114
1429;1714;0.46001031472059645
1430;1714.5;0.46048066853912956
1431;1715;0.46093838219245226
1432;1715.5;0.4613699462423909
1433;1716;0.4617618514507725
1434;1716.5;0.46210058857942354
1435;1717;0.4623726480901709
1436;1717.5;0.4625645208448409
1437;1718;0.4626626975052607
1438;1718.5;0.46265366863325663
1439;1719;0.4625413589303138
1440;1719.5;0.4623663139672809
1441;1720;0.46213396048807603
1442;1720.5;0.4618507974973084
1443;1721;0.4615233236995871
1444;1721.5;0.4611580381995209
1445;1722;0.46076143970171934
1446;1722.5;0.46034002711079103
1447;1723;0.45990029933134524
1448;1723.5;0.459448755267991
1449;1724;0.45898355582918277
1450;1724.5;0.45847277486024696
1451;1725;0.4579178389828911
1452;1725.5;0.45732947478082214
1453;1726;0.45671841133774704
1454;1726.5;0.45609537803737316
1455;1727;0.4554711039634073
1456;1727.5;0.45485631819955685
1457;1728;0.4542617501295287
1458;1728.5;0.4536981288370299
1459;1729;0.4531686072055655
1460;1729.5;0.45263237176029314
1461;1730;0.4520878507462823
1462;1730.5;0.4515443505523827
1463;1731;0.4510112035674432
1464;1731.5;0.45049774238031326
1465;1732;0.450013299379842
1466;1732.5;0.4495672069548789
1467;1733;0.449168797694273
1468;1733.5;0.44882740398687365
1469;1734;0.44854915607791773
1470;1734.5;0.4483075620668645
1471;1735;0.4480969839224545
1472;1735.5;0.4479211257957315
1473;1736;0.44778372633773894
1474;1736.5;0.44768852429952066
1475;1737;0.4476392582321201
1476;1737.5;0.447639666886581
1477;1738;0.44769348901394695
1478;1738.5;0.4478044632652617
1479;1739;0.4479763011070158
1480;1739.5;0.4482090792511973
1481;1740;0.4484959311123481
1482;1740.5;0.4488283860481454
1483;1741;0.4491979012162666
1484;1741.5;0.44959593327438885
1485;1742;0.4500139389801895
1486;1742.5;0.45044337549134567
1487;1743;0.4508756992655349
1488;1743.5;0.4513023674604343
1489;1744;0.45171588173240673
1490;1744.5;0.4521513469344708
1491;1745;0.4526218400860652
1492;1745.5;0.4531154373318218
1493;1746;0.4536200415163722
1494;1746.5;0.4541235551843482
1495;1747;0.45461388088038157
1496;1747.5;0.4550789212491041
1497;1748;0.45550657883514745
1498;1748.5;0.4558847561831435
1499;1749;0.456201432901179
1500;1749.5;0.45646014925542716
1501;1750;0.45667156718988916
1502;1750.5;0.4568369539360533
1503;1751;0.45695712492540785
1504;1751.5;0.45703289568944133
1505;1752;0.4570650816596421
1506;1752.5;0.45705449836749856
1507;1753;0.45700196134449894
1508;1753.5;0.4569082861221318
1509;1754;0.45677428813188553
1510;1754.5;0.45657873289861806
1511;1755;0.45630653100689844
1512;1755.5;0.4559670111763694
1513;1756;0.45556918512194394
1514;1756.5;0.45512206505853514
1515;1757;0.45463466260105606
1516;1757.5;0.45411598986441987
1517;1758;0.45357505856353963
1518;1758.5;0.4530208808133283
1519;1759;0.4524624684286991
1520;1759.5;0.4518848459157456
1521;1760;0.45126192059681414
1522;1760.5;0.4506000426684964
1523;1761;0.4499059989890598
1524;1761.5;0.449186576216772
1525;1762;0.4484485612099003
1526;1762.5;0.44769874062671233
1527;1763;0.4469439013254755
1528;1763.5;0.4461908300644577
1529;1764;0.4454463135019259
1530;1764.5;0.4447035068365451
1531;1765;0.44394392334494165
1532;1765.5;0.44317188788051176
1533;1766;0.44239190404591133
1534;1766.5;0.44160847534379577
1535;1767;0.4408261052768211
1536;1767.5;0.44004929754764266
1537;1768;0.43928255555891627
1538;1768.5;0.4385303829132975
1539;1769;0.43779728311344196
1540;1769.5;0.4370779816480253
1541;1770;0.43635335479843385
1542;1770.5;0.4356270155128249
1543;1771;0.43490435145241557
1544;1771.5;0.43419075057842305
1545;1772;0.43349160065206477
1546;1772.5;0.43281228943455774
1547;1773;0.43215820478711925
1548;1773.5;0.43153473457096647
1549;1774;0.4309472666473166
1550;1774.5;0.4303925036594222
1551;1775;0.42984567094080095
1552;1775.5;0.42930608509224993
1553;1776;0.4287780049006479
1554;1776.5;0.42826568945287324
1555;1777;0.4277733976358049
1556;1777.5;0.42730538843632165
1557;1778;0.426865920841302
1558;1778.5;0.4264592538376248
1559;1779;0.4260896463121687
1560;1779.5;0.42575521252415865
1561;1780;0.4254349594101738
1562;1780.5;0.4251257931843422
1563;1781;0.42482845691470494
1564;1781.5;0.4245436933693031
1565;1782;0.4242722457161777
1566;1782.5;0.42401485662336985
1567;1783;0.4237722691589204
1568;1783.5;0.42354522629087066
1569;1784;0.4233344708872614
1570;1784.5;0.42313859541218174
1571;1785;0.4229488060194577
1572;1785.5;0.42276415988852956
1573;1786;0.422584026329435
1574;1786.5;0.4224077714522115
1575;1787;0.42223476156689654
1576;1787.5;0.422064362683528
1577;1788;0.42189594101214334
1578;1788.5;0.42172886286278033
1579;1789;0.42156249424547615
1580;1789.5;0.42139660744539154
1581;1790;0.4212328795336681
1582;1790.5;0.4210712167629299
1583;1791;0.42091125123891615
1584;1791.5;0.42075261606736597
1585;1792;0.42059494475401893
1586;1792.5;0.4204378706046142
1587;1793;0.42028102672489087
1588;1793.5;0.42012404672058834
1589;1794;0.4199665636974458
1590;1794.5;0.41980800568643006
1591;1795;0.4196469508573274
1592;1795.5;0.4194837942921848
1593;1796;0.4193195339286552
1594;1796.5;0.4191551721043914
1595;1797;0.41899171135704616
1596;1797.5;0.41883015412427244
1597;1798;0.4186715028437229
1598;1798.5;0.4185167599530503
1599;1799;0.41836692788990765
1600;1799.5;0.4182228231300574
1601;1800;0.4180829139352662
1602;1800.5;0.4179453351249224
1603;1801;0.4178102108336037
1604;1801.5;0.41767772589588786
1605;1802;0.41754806474635286
1606;1802.5;0.4174214121195763
1607;1803;0.41729795255013613
1608;1803.5;0.41717787057261024
1609;1804;0.4170613508215764
1610;1804.5;0.41694910543868086
1611;1805;0.4168457093798996
1612;1805.5;0.4167510384389098
1613;1806;0.41666253573085055
1614;1806.5;0.4165776005708614
1615;1807;0.4164936320740818
1616;1807.5;0.41640802955565076
1617;1808;0.41631819213070803
1618;1808.5;0.4162215191143927
1619;1809;0.4161154096218443
1620;1809.5;0.41599717458366153
1621;1810;0.41586552363641544
1622;1810.5;0.4157244558560115
1623;1811;0.41557603925244696
1624;1811.5;0.4154221742357196
1625;1812;0.4152647611158267
1626;1812.5;0.4151057001027659
1627;1813;0.41494689160653453
1628;1813.5;0.41479023593713027
1629;1814;0.4146376333045506
1630;1814.5;0.4144902979810827
1631;1815;0.41434264862300496
1632;1815.5;0.41419442925939187
1633;1816;0.41404663233464073
1634;1816.5;0.41390020239314895
1635;1817;0.41375608417931387
1636;1817.5;0.413615222437533
1637;1818;0.4134785617122036
1638;1818.5;0.4133470467477231
1639;1819;0.4132216222884887
1640;1819.5;0.4131027741576883
1641;1820;0.41298401186148953
1642;1820.5;0.4128592877173734
1643;1821;0.41273044184685637
1644;1821.5;0.4125998051714547
1645;1822;0.41246970841268515
1646;1822.5;0.4123424824920641
1647;1823;0.41222045833110793
1648;1823.5;0.412105966551333
1649;1824;0.4120013381742561
1650;1824.5;0.41190869073404357
1651;1825;0.4118258696266112
1652;1825.5;0.411747271964429
1653;1826;0.4116720140479552
1654;1826.5;0.4115996491776481
1655;1827;0.4115297309539659
1656;1827.5;0.411461812777367
1657;1828;0.4113954482483095
1658;1828.5;0.41133019056725184
1659;1829;0.41126559343465213
1660;1829.5;0.4112013102625676
1661;1830;0.4111386721933088
1662;1830.5;0.4110792235101079
1663;1831;0.4110222641097517
1664;1831.5;0.410966919189027
1665;1832;0.4109123138447206
1666;1832.5;0.4108575734736191
1667;1833;0.41080182297250945
1668;1833.5;0.41074418763817844
1669;1834;0.41068379266741273
1670;1834.5;0.410619875888384
1671;1835;0.4105510267287296
1672;1835.5;0.41047080804538966
1673;1836;0.41038073502851213
1674;1836.5;0.4102831064682448
1675;1837;0.4101802213547356
1676;1837.5;0.41007437877813235
1677;1838;0.4099678776285831
1678;1838.5;0.4098630167962355
1679;1839;0.40976209537123776
1680;1839.5;0.4096673570122909
1681;1840;0.40957845252922176
1682;1840.5;0.40948866394404826
1683;1841;0.40939718753488963
1684;1841.5;0.40930392077986594
1685;1842;0.40920876105709675
1686;1842.5;0.4091116056447017
1687;1843;0.40901235212080084
1688;1843.5;0.4089108976635136
1689;1844;0.4088071398509598
1690;1844.5;0.4087005548706853
1691;1845;0.4085868397167527
1692;1845.5;0.4084662414739436
1693;1846;0.40834055549065357
1694;1846.5;0.40821157801527785
1695;1847;0.40808110509621204
1696;1847.5;0.4079509331818517
1697;1848;0.4078228584205924
1698;1848.5;0.40769867696082923
1699;1849;0.40758018525095807
1700;1849.5;0.4074688510728247
1701;1850;0.40736334397895063
1702;1850.5;0.4072649307487791
1703;1851;0.40717229833122837
1704;1851.5;0.4070838554752167
1705;1852;0.40699801072966235
1706;1852.5;0.40691317264348337
1707;1853;0.40682775006559824
1708;1853.5;0.406740151444925
1709;1854;0.40664878553038175
1710;1854.5;0.40655178255133
1711;1855;0.40644484588007235
1712;1855.5;0.40632605063345134
1713;1856;0.4061988358967308
1714;1856.5;0.4060669623551746
1715;1857;0.40593419089404703
1716;1857.5;0.40580428219861187
1717;1858;0.4056809970541332
1718;1858.5;0.4055680964458751
1719;1859;0.4054693409591012
1720;1859.5;0.4053880336180902
1721;1860;0.4053214653139382
1722;1860.5;0.40526233461708516
1723;1861;0.40521000072473773
1724;1861.5;0.40516433043410255
1725;1862;0.40512519014238657
1726;1862.5;0.40509244644679665
1727;1863;0.4050659659445396
1728;1863.5;0.4050456152328218
1729;1864;0.4050312609088505
1730;1864.5;0.40502478458067703
1731;1865;0.4050378062495832
1732;1865.5;0.4050704087578986
1733;1866;0.4051197180623446
1734;1866.5;0.40518281841964254
1735;1867;0.4052567941865135
1736;1867.5;0.4053387293196791
1737;1868;0.4054257081758605
1738;1868.5;0.4055148149117791
1739;1869;0.4056031337841562
1740;1869.5;0.40569345987358874
1741;1870;0.40581087153759077
1742;1870.5;0.405953811055982
1743;1871;0.40611915748937344
1744;1871.5;0.4063039038983766
1745;1872;0.4065050431436026
1746;1872.5;0.4067195682856622
1747;1873;0.4069444723851669
1748;1873.5;0.40717674850272767
1749;1874;0.4074133894989558
1750;1874.5;0.4076599749542512
1751;1875;0.40794841266240695
1752;1875.5;0.4082773037980562
1753;1876;0.4086421884494983
1754;1876.5;0.40903864280503255
1755;1877;0.40946224305295803
1756;1877.5;0.40990856548157417
1757;1878;0.4103731862791804
1758;1878.5;0.4108516817340756
1759;1879;0.41133962803455937
1760;1879.5;0.41184294278560307
1761;1880;0.4123912456284776
1762;1880.5;0.41298230286827786
1763;1881;0.4136117840913279
1764;1881.5;0.41427536988395114
1765;1882;0.41496874113247173
1766;1882.5;0.41568757852321303
1767;1883;0.4164275628424988
1768;1883.5;0.41718437477665304
1769;1884;0.4179536952119992
1770;1884.5;0.41874194917643937
1771;1885;0.4195717028746991
1772;1885.5;0.42043742581746785
1773;1886;0.4213322684157482
1774;1886.5;0.4222493833805429
1775;1887;0.42318192342285477
1776;1887.5;0.4241230412536865
1777;1888;0.4250658896840406
1778;1888.5;0.4260036213249198
1779;1889;0.42692938918732715
1780;1889.5;0.42784795028926376
1781;1890;0.42877721129543883
1782;1890.5;0.42971388983092274
1783;1891;0.4306543490249493
1784;1891.5;0.4315949528067528
1785;1892;0.4325320646055674
1786;1892.5;0.4334620480506272
1787;1893;0.4343812669711663
1788;1893.5;0.43528608489641896
1789;1894;0.43617286555561907
1790;1894.5;0.43704212980800855
1791;1895;0.4378999288902328
1792;1895.5;0.4387478140160064
1793;1896;0.43958688432140347
1794;1896.5;0.4404182386424983
1795;1897;0.44124297601536516
1796;1897.5;0.4420621954760782
1797;1898;0.44287699596071184
1798;1898.5;0.4436884764053401
1799;1899;0.44449773594603725
1800;1899.5;0.44530046069473067
1801;1900;0.4460917225310129
1802;1900.5;0.44687364223612985
1803;1901;0.4476490877142584
1804;1901.5;0.44842092676957446
1805;1902;0.44919202710625505
1806;1902.5;0.4499652565284763
1807;1903;0.45074348294041505
1808;1903.5;0.45152957404624755
1809;1904;0.4523263825318794
1810;1904.5;0.45313374851276506
1811;1905;0.45395068857223464
1812;1905.5;0.45477591707793613
1813;1906;0.4556074986975177
1814;1906.5;0.45644349819862706
1815;1907;0.4572819803489123
1816;1907.5;0.4581210098160214
1817;1908;0.45895865146760234
1818;1908.5;0.4597929699713029
1819;1909;0.46062206165453523
1820;1909.5;0.4614452859790159
1821;1910;0.46226143887244103
1822;1910.5;0.46307178071741273
1823;1911;0.4638784140965334
1824;1911.5;0.4646834413924051
1825;1912;0.46548896518762994
1826;1912.5;0.4662970878648105
1827;1913;0.4671099122065486
1828;1913.5;0.46792954039544676
1829;1914;0.4687580899536055
1830;1914.5;0.46959705759903897
1831;1915;0.47044116627820276
1832;1915.5;0.47128858691141334
1833;1916;0.47213900191898733
1834;1916.5;0.4729920936212412
1835;1917;0.47384754433849186
1836;1917.5;0.47470503639105566
1837;1918;0.4755642520992492
1838;1918.5;0.4764248737833891
1839;1919;0.47728718160861555
1840;1919.5;0.4781551157403503
1841;1920;0.4790270915980737
1842;1920.5;0.4799012036129929
1843;1921;0.4807757354163148
1844;1921.5;0.4816489710392469
1845;1922;0.48251919401299637
1846;1922.5;0.48338468816877
1847;1923;0.4842437374377752
1848;1923.5;0.4850946253512191
1849;1924;0.48593723525772825
1850;1924.5;0.48677763404116964
1851;1925;0.4876157596106013
1852;1925.5;0.4884501046017296
1853;1926;0.489279103950261
1854;1926.5;0.4901011922919018
1855;1927;0.4909148044623583
1856;1927.5;0.49171837519733713
1857;1928;0.49251033933254434
1858;1928.5;0.4932891316036865
1859;1929;0.4940565992000927
1860;1929.5;0.4948202037668864
1861;1930;0.4955770651672019
1862;1930.5;0.4963247765056728
1863;1931;0.4970609925869329
1864;1931.5;0.497783368415616
1865;1932;0.4984895586963555
1866;1932.5;0.49917721853378544
1867;1933;0.49984400253253947
1868;1933.5;0.5004875656972512
1869;1934;0.5011148544948573
1870;1934.5;0.5017377084652754
1871;1935;0.5023504956086332
1872;1935.5;0.5029494211464787
1873;1936;0.5035307295003595
1874;1936.5;0.5040906645918233
1875;1937;0.5046254707424179
1876;1937.5;0.5051313919736911
1877;1938;0.5056046725071902
1878;1938.5;0.5060415565724041
1879;1939;0.5064607279108682
1880;1939.5;0.5068791366331709
1881;1940;0.5072900907069104
1882;1940.5;0.5076872754996853
1883;1941;0.5080643767790936
1884;1941.5;0.5084150802127335
1885;1942;0.5087330713682037
1886;1942.5;0.5090120359131023
1887;1943;0.5092456597150274
1888;1943.5;0.509428386994717
1889;1944;0.5095902595961539
1890;1944.5;0.5097461796565425
1891;1945;0.5098919912430604
1892;1945.5;0.510023639922886
1893;1946;0.5101370710631974
1894;1946.5;0.5102282299311725
1895;1947;0.5102930620939896
1896;1947.5;0.5103275127188265
1897;1948;0.5103275273728616
1898;1948.5;0.5102896538182835
1899;1949;0.5102197733451668
1900;1949.5;0.5101214194161872
1901;1950;0.5099974327478313
1902;1950.5;0.5098513541565856
1903;1951;0.5096867241589367
1904;1951.5;0.5095070836713711
1905;1952;0.5093159733103756
1906;1952.5;0.5091169338924365
1907;1953;0.5089135060340404
1908;1953.5;0.5087050215569189
1909;1954;0.5084713812431583
1910;1954.5;0.5082123205325086
1911;1955;0.5079309556049869
1912;1955.5;0.5076303998406109
1913;1956;0.5073137660193974
1914;1956.5;0.5069841675213641
1915;1957;0.5066447173265282
1916;1957.5;0.506298528514907
1917;1958;0.5059487142665178
1918;1958.5;0.5055929153971415
1919;1959;0.505218103732
1920;1959.5;0.5048259164315876
1921;1960;0.5044188180731594
1922;1960.5;0.5039992372339712
1923;1961;0.5035696020912782
1924;1961.5;0.503132340822336
1925;1962;0.5026898818044001
1926;1962.5;0.502244653314726
1927;1963;0.501799083530569
1928;1963.5;0.5013498716681696
1929;1964;0.5008876564918467
1930;1964.5;0.5004083058425411
1931;1965;0.49991553755205287
1932;1965.5;0.4994133562521824
1933;1966;0.4989057670747301
1934;1966.5;0.49839677485149625
1935;1967;0.49789038441428113
1936;1967.5;0.4973906007948853
1937;1968;0.49690138852102067
1938;1968.5;0.49642218983825065
1939;1969;0.49594821795338345
1940;1969.5;0.4954754766415907
1941;1970;0.4950048616780441
1942;1970.5;0.4945372789379151
1943;1971;0.4940736338963755
1944;1971.5;0.49361483242859655
1945;1972;0.49316178000975
1946;1972.5;0.49271538241500723
1947;1973;0.4922764146730233
1948;1973.5;0.49184400813437457
1949;1974;0.4914181221475039
1950;1974.5;0.4909983012914104
1951;1975;0.4905839844450929
1952;1975.5;0.4901746105875503
1953;1976;0.48976961869778163
1954;1976.5;0.4893684476547856
1955;1977;0.4889705364375613
1956;1977.5;0.4885753239251076
1957;1978;0.48818080797942554
1958;1978.5;0.4877800570550949
1959;1979;0.4873747909330429
1960;1979.5;0.48696860874616965
1961;1980;0.4865650679273747
1962;1980.5;0.4861677255095582
1963;1981;0.4857801387256201
1964;1981.5;0.4854058648084603
1965;1982;0.48504846079097874
1966;1982.5;0.4847114840060754
1967;1983;0.4843921007996901
1968;1983.5;0.48407980227143177
1969;1984;0.48377694381272685
1970;1984.5;0.4834857543684482
1971;1985;0.4832084647834688
1972;1985.5;0.4829473060026621
1973;1986;0.4827045087709007
1974;1986.5;0.48248230393305824
1975;1987;0.4822829225340074
1976;1987.5;0.4821085919664728
1977;1988;0.4819506142179272
1978;1988.5;0.4818002257231594
1979;1989;0.48165973833493936
1980;1989.5;0.48153135460603574
1981;1990;0.48141725338921787
1982;1990.5;0.48131961353725455
1983;1991;0.4812406138029154
1984;1991.5;0.48118243323896903
1985;1992;0.48114725049818485
1986;1992.5;0.48113816549534183
1987;1993;0.48117342788747414
1988;1993.5;0.4812553816399928
1989;1994;0.4813779956895493
1990;1994.5;0.4815355502727943
1991;1995;0.4817223257263789
1992;1995.5;0.4819326022869541
1993;1996;0.4821606603911709
1994;1996.5;0.4824007802756804
1995;1997;0.4826472423771334
1996;1997.5;0.48290295350572154
1997;1998;0.483207852079998
1998;1998.5;0.48356170686512084
1999;1999;0.48395810611726986
2000;1999.5;0.4843907408926248
2001;2000;0.48485330254736525
2002;2000.5;0.4853394824376709
2003;2001;0.48584297151972144
2004;2001.5;0.4863574613496967
2005;2002;0.48687664298377636
2006;2002.5;0.48741259697419076
2007;2003;0.48799536332592097
2008;2003.5;0.48861477115237406
2009;2004;0.48926002742705077
2010;2004.5;0.4899205744234523
2011;2005;0.4905858543150794
2012;2005.5;0.49124530947543327
2013;2006;0.49188838197801477
2014;2006.5;0.4925045142963249
2015;2007;0.49308329657628025
2016;2007.5;0.49364482797255027
2017;2008;0.4942053867103926
2018;2008.5;0.4947602815261744
2019;2009;0.49530431415626186
2020;2009.5;0.4958322494370222
2021;2010;0.49633885180482185
2022;2010.5;0.4968188861960277
2023;2011;0.49726711714700633
2024;2011.5;0.4976783094941247
2025;2012;0.4980489643871275
2026;2012.5;0.49839524372253496
2027;2013;0.4987219244186855
2028;2013.5;0.4990290772776517
2029;2014;0.499319029701506
2030;2014.5;0.49959411079232063
2031;2015;0.4998566498521681
2032;2015.5;0.5001089760831209
2033;2016;0.5003534185872512
2034;2016.5;0.5005923067666316
2035;2017;0.5008251460044584
2036;2017.5;0.5010455113965704
2037;2018;0.501254305219442
2038;2018.5;0.5014542500769815
2039;2019;0.5016489495730967
2040;2019.5;0.5018420075116958
2041;2020;0.5020370275966863
2042;2020.5;0.5022376134319767
2043;2021;0.5024473689214747
2044;2021.5;0.5026698975690884
2045;2022;0.5029069365037557
2046;2022.5;0.5031576156761779
2047;2023;0.5034201398105014
2048;2023.5;0.5036951708710543
2049;2024;0.5039838045221648
2050;2024.5;0.5042871362281619
2051;2025;0.5046062612533733
2052;2025.5;0.5049422751621275
2053;2026;0.5052962735187527
2054;2026.5;0.5056720242884536
2055;2027;0.5061148042552719
2056;2027.5;0.5066344626204857
2057;2028;0.5072217939439468
2058;2028.5;0.507868903085507
2059;2029;0.5085679451050178
2060;2029.5;0.5093110753623311
2061;2030;0.5100904490172987
2062;2030.5;0.5108982211297721
2063;2031;0.5117265470596032
2064;2031.5;0.5125853116678227
2065;2032;0.5135356389636088
2066;2032.5;0.514576130411575
2067;2033;0.5156976760520241
2068;2033.5;0.5168901248252593
2069;2034;0.5181433255715834
2070;2034.5;0.5194471272312995
2071;2035;0.5207913784447105
2072;2035.5;0.5221659283521194
2073;2036;0.5235606255938294
2074;2036.5;0.5250055994146345
2075;2037;0.5265346712103736
2076;2037.5;0.5281256263886693
2077;2038;0.5297622504910281
2078;2038.5;0.5314299515589557
2079;2039;0.5331141377339582
2080;2039.5;0.5348002170575417
2081;2040;0.5364735976712116
2082;2040.5;0.5381196876164743
2083;2041;0.5397300210736481
2084;2041.5;0.5413867006150643
2085;2042;0.5431003900192994
2086;2042.5;0.544843240171263
2087;2043;0.5465854977558641
2088;2043.5;0.5482973737580124
2089;2044;0.549949079462617
2090;2044.5;0.5515108258545872
2091;2045;0.5529528241188325
2092;2045.5;0.5542452852402623
2093;2046;0.5553876921675803
2094;2046.5;0.5564561628986693
2095;2047;0.5574448094603286
2096;2047.5;0.5583421142033919
2097;2048;0.5591351114786929
2098;2048.5;0.5598108355370659
2099;2049;0.560356321029345
2100;2049.5;0.5607586020063635
2101;2050;0.5610047131189562
2102;2050.5;0.5610816745437981
2103;2051;0.56094309399511
2104;2051.5;0.5605707503038968
2105;2052;0.5599865406640422
2106;2052.5;0.5592128460694306
2107;2053;0.5582726388139461
2108;2053.5;0.5571888908914728
2109;2054;0.5559845744958952
2110;2054.5;0.5546826618210973
2111;2055;0.5533061249609631
2112;2055.5;0.5518582526205293
2113;2056;0.5501835368180541
2114;2056.5;0.54827919414144
2115;2057;0.5461908338996008
2116;2057.5;0.5439629109014509
2117;2058;0.5416397861559041
2118;2058.5;0.5392658208718749
2119;2059;0.5368853761582771
2120;2059.5;0.5345428132240247
2121;2060;0.5322824931780321
2122;2060.5;0.5300789086073296
2123;2061;0.527814301588317
2124;2061.5;0.5255082497557468
2125;2062;0.5231855854179711
2126;2062.5;0.5208716727833426
2127;2063;0.5185918760602132
2128;2063.5;0.5163715597569356
2129;2064;0.5142360880818623
2130;2064.5;0.5122108254433453
2131;2065;0.5103188375097577
2132;2065.5;0.5084932763512483
2133;2066;0.5067033285087899
2134;2066.5;0.5049621787216506
2135;2067;0.5032838341290988
2136;2067.5;0.5016825419704025
2137;2068;0.5001725495848299
2138;2068.5;0.49876810391164933
2139;2069;0.4974834522901288
2140;2069.5;0.49633284195953636
2141;2070;0.49530413037813636
2142;2070.5;0.4942989171917519
2143;2071;0.49331634966739857
2144;2071.5;0.49236738180378126
2145;2072;0.49146510889960504
2146;2072.5;0.4906226992535748
2147;2073;0.48985332066439574
2148;2073.5;0.48917014123077285
2149;2074;0.4885863289514111
2150;2074.5;0.4881150437216009
2151;2075;0.48769731931958704
2152;2075.5;0.4872765474491584
2153;2076;0.4868646355786356
2154;2076.5;0.4864724737763396
2155;2077;0.4861107401105911
2156;2077.5;0.48579011264971095
2157;2078;0.4855212692620198
2158;2078.5;0.48531488811583845
2159;2079;0.48518164707948774
2160;2079.5;0.4851238619046231
2161;2080;0.4850843037924393
2162;2080.5;0.48504930240360905
2163;2081;0.48501643515568726
2164;2081.5;0.48498821486622895
2165;2082;0.484967744252789
2166;2082.5;0.48495812593292253
2167;2083;0.48496246262418446
2168;2083.5;0.48498385684412976
2169;2084;0.48502541141031336
2170;2084.5;0.4850878200765056
2171;2085;0.48516957467799127
2172;2085.5;0.4852667980209541
2173;2086;0.48537300603836153
2174;2086.5;0.48548733416318157
2175;2087;0.48560893002838174
2176;2087.5;0.48573694116693006
2177;2088;0.485870514911794
2178;2088.5;0.4860087987959417
2179;2089;0.48615134505222857
2180;2089.5;0.48630269960375105
2181;2090;0.4864641529572823
2182;2090.5;0.48663568696382536
2183;2091;0.48681671307438307
2184;2091.5;0.48700649613995833
2185;2092;0.48720430071155435
2186;2092.5;0.48740939184017373
2187;2093;0.48762103427681946
2188;2093.5;0.48783849267249463
2189;2094;0.4880661434086731
2190;2094.5;0.4883128557675772
2191;2095;0.48857664252196686
2192;2095.5;0.4888560197084372
2193;2096;0.4891491799635833
2194;2096.5;0.48945429672400065
2195;2097;0.489769543426284
2196;2097.5;0.4900930935070287
2197;2098;0.49042312050282977
2198;2098.5;0.4907585365450976
2199;2099;0.49111156967389213
2200;2099.5;0.4914859095932898
2201;2100;0.49188083794331616
2202;2100.5;0.4922942343639967
2203;2101;0.4927232943953571
2204;2101.5;0.49316521397742275
2205;2102;0.49361718875021926
2206;2102.5;0.4940764145537721
2207;2103;0.494540087228107
2208;2103.5;0.49501003926525317
2209;2104;0.4954947476205744
2210;2104.5;0.4959901333812481
2211;2105;0.4964881382780737
2212;2105.5;0.4969890535418505
2213;2106;0.49749382010337795
2214;2106.5;0.4980033790934552
2215;2107;0.49851867154288154
2216;2107.5;0.4990406383824563
2217;2108;0.49957061178612994
2218;2108.5;0.5001180090302031
2219;2109;0.5006873498471898
2220;2109.5;0.5012745834351623
2221;2110;0.5018753275921923
2222;2110.5;0.5024879286163524
2223;2111;0.5031107326057143
2224;2111.5;0.5037420858583498
2225;2112;0.5043803343723312
2226;2112.5;0.5050238244457305
2227;2113;0.5056738068927527
2228;2113.5;0.5063354475544619
2229;2114;0.5070076285026237
2230;2114.5;0.5076899589070198
2231;2115;0.5083809025374316
2232;2115.5;0.5090787610636406
2233;2116;0.5097818364554284
2234;2116.5;0.5104884303825763
2235;2117;0.5111968448148659
2236;2117.5;0.5119066577378902
2237;2118;0.5126368954883193
2238;2118.5;0.5133874389425435
2239;2119;0.5141481160034772
2240;2119.5;0.5149097222740356
2241;2120;0.5156642739571332
2242;2120.5;0.5164037869556848
2243;2121;0.5171202774726051
2244;2121.5;0.5178057616108088
2245;2122;0.5184522554732107
2246;2122.5;0.5190625278876524
2247;2123;0.5196552112882007
2248;2123.5;0.520232248022752
2249;2124;0.5207933159524915
2250;2124.5;0.5213386325386031
2251;2125;0.5218685937422718
2252;2125.5;0.5223835955246818
2253;2126;0.5228840336470182
2254;2126.5;0.523370303970465
2255;2127;0.5238438938942968
2256;2127.5;0.5243161968717638
2257;2128;0.524786112158205
2258;2128.5;0.5252493601855415
2259;2129;0.525701855085694
2260;2129.5;0.5261388649905834
2261;2130;0.5265556578321304
2262;2130.5;0.5269475019422559
2263;2131;0.5273096651528805
2264;2131.5;0.5276374156959254
2265;2132;0.5279349585224964
2266;2132.5;0.5282145307870153
2267;2133;0.5284786996954709
2268;2133.5;0.5287301826486408
2269;2134;0.528971351547302
2270;2134.5;0.5292045240922321
2271;2135;0.5294320178842084
2272;2135.5;0.5296561507240083
2273;2136;0.5298792403124091
2274;2136.5;0.5301024373540476
2275;2137;0.5303199050748498
2276;2137.5;0.5305314862683588
2277;2138;0.5307375118221278
2278;2138.5;0.5309390266237103
2279;2139;0.5311380917606596
2280;2139.5;0.5313367682205296
2281;2140;0.5315371168908731
2282;2140.5;0.5317411986592442
2283;2141;0.5319510584341492
2284;2141.5;0.5321626831889767
2285;2142;0.5323742573582563
2286;2142.5;0.5325892348102187
2287;2143;0.532810060413095
2288;2143.5;0.5330390817351166
2289;2144;0.5332786916445139
2290;2144.5;0.5335312828095183
2291;2145;0.5337992478983609
2292;2145.5;0.5340849795792724
2293;2146;0.5343968202201607
2294;2146.5;0.5347545243726393
2295;2147;0.5351544359454676
2296;2147.5;0.5355927830834405
2297;2148;0.5360650462313528
2298;2148.5;0.5365653848339988
2299;2149;0.5370879581361738
2300;2149.5;0.537626925282672
2301;2150;0.5381764455182882
2302;2150.5;0.5387319482020392
2303;2151;0.5393165085364838
2304;2151.5;0.5399362613859646
2305;2152;0.5405832137866775
2306;2152.5;0.5412461497748191
2307;2153;0.5419223384865854
2308;2153.5;0.5426096996581731
2309;2154;0.5433061527257781
2310;2154.5;0.5440096174255967
2311;2155;0.5447180131938258
2312;2155.5;0.5454416519420834
2313;2156;0.546199289587567
2314;2156.5;0.546989135480923
2315;2157;0.5478055097234289
2316;2157.5;0.5486404439163625
2317;2158;0.5494864667610011
2318;2158.5;0.5503361071586226
2319;2159;0.5511818939105042
2320;2159.5;0.5520163557179238
2321;2160;0.5528346388346598
2322;2160.5;0.5536472332397627
2323;2161;0.5544531384554137
2324;2161.5;0.5552493582527327
2325;2162;0.5560360174028401
2326;2162.5;0.5568136077768564
2327;2163;0.5575825979459018
2328;2163.5;0.5583434568810965
2329;2164;0.5590966531535613
2330;2164.5;0.5598427528993635
2331;2165;0.5605895965634606
2332;2165.5;0.5613416805155332
2333;2166;0.5620986830343682
2334;2166.5;0.562859173398752
2335;2167;0.5636191174874717
2336;2167.5;0.5643741747793138
2337;2168;0.5651200045530648
2338;2168.5;0.5658522662875118
2339;2169;0.5665666192614414
2340;2169.5;0.5672637066776641
2341;2170;0.5679501545898173
2342;2170.5;0.5686217456124227
2343;2171;0.5692759827609388
2344;2171.5;0.5699121962508249
2345;2172;0.5705281407975396
2346;2172.5;0.5711215690165421
2347;2173;0.5716902337232912
2348;2173.5;0.5722318875332462
2349;2174;0.5727463204938392
2350;2174.5;0.5732469143747271
2351;2175;0.5737346537177418
2352;2175.5;0.5742060569928632
2353;2176;0.5746540812700716
2354;2176.5;0.5750772363193466
2355;2177;0.5754747310106689
2356;2177.5;0.5758457745140181
2357;2178;0.5761895756993746
2358;2178.5;0.5765056347138731
2359;2179;0.5768173190957957
2360;2179.5;0.5771349972734162
2361;2180;0.5774517663930981
2362;2180.5;0.5777565073012048
2363;2181;0.5780388606440995
2364;2181.5;0.5782902042681457
2365;2182;0.5785019161197066
2366;2182.5;0.5786653739451457
2367;2183;0.5787719557908261
2368;2183.5;0.5788383369122954
2369;2184;0.5789073071873865
2370;2184.5;0.5789725495725129
2371;2185;0.5790262116279546
2372;2185.5;0.579060402613992
2373;2186;0.5790674432909055
2374;2186.5;0.5790396591189753
2375;2187;0.5789693756584816
2376;2187.5;0.5788489184697048
2377;2188;0.5786762125430546
2378;2188.5;0.5784800413487104
2379;2189;0.5782682271807515
2380;2189.5;0.5780436966365237
2381;2190;0.5778087093133731
2382;2190.5;0.5775663437086462
2383;2191;0.5773198534196896
2384;2191.5;0.5770724922438489
2385;2192;0.576827513678471
2386;2192.5;0.576587791532958
2387;2193;0.576345997605379
2388;2193.5;0.5760993801777697
2389;2194;0.5758495841516451
2390;2194.5;0.57559949182852
2391;2195;0.5753504971099097
2392;2195.5;0.5751028153973288
2393;2196;0.5748566619922928
2394;2196.5;0.5746122522963162
2395;2197;0.5743698016109144
2396;2197.5;0.5741270451583591
2397;2198;0.573880419174265
2398;2198.5;0.5736288779225424
2399;2199;0.5733703269787109
2400;2199.5;0.5731033449182901
2401;2200;0.5728303834167998
2402;2200.5;0.5725540008497594
2403;2201;0.5722767561926887
2404;2201.5;0.5720012079211072
2405;2202;0.5717326423615816
2406;2202.5;0.571479745620187
2407;2203;0.5712415913826394
2408;2203.5;0.5710154379599238
2409;2204;0.5707905966630249
2410;2204.5;0.5705621927029276
2411;2205;0.5703269085906169
2412;2205.5;0.5700814268370773
2413;2206;0.5698224300532944
2414;2206.5;0.5695422361091778
2415;2207;0.5692104327189321
2416;2207.5;0.5688317701299268
2417;2208;0.5684184243817337
2418;2208.5;0.5679826005139241
2419;2209;0.5675344253660696
2420;2209.5;0.5670833309777417
2421;2210;0.566638749488512
2422;2210.5;0.5662101128379519
2423;2211;0.5658060478605685
2424;2211.5;0.5654097320347657
2425;2212;0.5650087525518794
2426;2212.5;0.5646000786937345
2427;2213;0.5641809602421557
2428;2213.5;0.5637514031789683
2429;2214;0.5633128269859968
2430;2214.5;0.5628666588450663
2431;2215;0.5624143258380014
2432;2215.5;0.5619572551466271
2433;2216;0.5614812116006419
2434;2216.5;0.5609801849701185
2435;2217;0.5604683070489815
2436;2217.5;0.5599598525425865
2437;2218;0.5594674141562892
2438;2218.5;0.559000037495445
2439;2219;0.5585665230654099
2440;2219.5;0.558175671871539
2441;2220;0.5578362845191882
2442;2220.5;0.5575406283077664
2443;2221;0.55725583803875
2444;2221.5;0.5569774879639733
2445;2222;0.5567018999550215
2446;2222.5;0.5564229123834803
2447;2223;0.5561428736209345
2448;2223.5;0.5558665692389704
2449;2224;0.5555987848091725
2450;2224.5;0.5553443058031268
2451;2225;0.5551040173573905
2452;2225.5;0.5548688357301159
2453;2226;0.5546468874565929
2454;2226.5;0.5544481892371861
2455;2227;0.554281276372261
2456;2227.5;0.5541469804621825
2457;2228;0.5540438726073156
2458;2228.5;0.5539705238080257
2459;2229;0.5539255048646776
2460;2229.5;0.5539056482693334
2461;2230;0.5538929217864705
2462;2230.5;0.5538770453871456
2463;2231;0.5538507133929014
2464;2231.5;0.5538139886252806
2465;2232;0.5537793870058263
2466;2232.5;0.5537477764560809
2467;2233;0.5537195635975873
2468;2233.5;0.5536951551518886
2469;2234;0.5536758453078798
2470;2234.5;0.5536801201803724
2471;2235;0.5537136310118487
2472;2235.5;0.5537742795200021
2473;2236;0.5538588298225265
2474;2236.5;0.5539594845371153
2475;2237;0.5540729495814621
2476;2237.5;0.5541966422732605
2477;2238;0.554327980130204
2478;2238.5;0.5544647752787266
2479;2239;0.5546463258706835
2480;2239.5;0.5548954348613993
2481;2240;0.5552055772955562
2482;2240.5;0.5555708426178361
2483;2241;0.5559913388729214
2484;2241.5;0.5564588153054941
2485;2242;0.5569622388602362
2486;2242.5;0.5574905759818302
2487;2243;0.5580327936149581
2488;2243.5;0.5586137319684333
2489;2244;0.5592604084214331
2490;2244.5;0.5599577329531963
2491;2245;0.5606906838040716
2492;2245.5;0.5614532270144077
2493;2246;0.5622379119245531
2494;2246.5;0.5630322534748566
2495;2247;0.5638237663056668
2496;2247.5;0.5645999654573324
2497;2248;0.56536524708849
2498;2248.5;0.5661427645597288
2499;2249;0.5669307366736512
2500;2249.5;0.5677268523083705
2501;2250;0.5685255447419998

