Sample name;29-DYF4436A3101
Subsample name;子样品1
Subsample status;Finished
Operating procedure;OP:PA6采谱
Determination start;2026-05-26 07:35:54Z

MEAS SPEC;记录光谱 1;Met：PA6采谱  1
MP list
#;Wavelength / nm;Absorbance / AU
1;1000;0.35249110028930436
2;1000.5;0.3525059691792038
3;1001;0.3525035153526231
4;1001.5;0.3524900771385024
5;1002;0.3524700714050254
6;1002.5;0.35244791482037596
7;1003;0.35242802425273767
8;1003.5;0.3524148165702941
9;1004;0.35241270844122896
10;1004.5;0.352426116633726
11;1005;0.352459458115969
12;1005.5;0.3525155487790379
13;1006;0.3525883865828635
14;1006.5;0.3526737031693814
15;1007;0.35276808442197355
16;1007.5;0.35286811652402195
17;1008;0.35297038555890836
18;1008.5;0.3530714774100148
19;1009;0.35316797836072317
20;1009.5;0.3532564744944154
21;1010;0.35333355240938386
22;1010.5;0.3534032735603434
23;1011;0.35347913500984574
24;1011.5;0.35355984578907507
25;1012;0.3536428821292154
26;1012.5;0.35372572026145105
27;1013;0.35380583631696594
28;1013.5;0.3538807064269443
29;1014;0.3539478068225702
30;1014.5;0.35400461373502773
31;1015;0.35404885038281697
32;1015.5;0.35408523138585807
33;1016;0.3541107541333902
34;1016.5;0.3541273834053337
35;1017;0.3541375272816086
36;1017.5;0.3541435937421351
37;1018;0.3541479908668334
38;1018.5;0.3541531266356238
39;1019;0.35416140912842636
40;1019.5;0.3541752463251614
41;1020;0.35419741473990757
42;1020.5;0.3542324997620046
43;1021;0.3542770862203744
44;1021.5;0.3543293654763679
45;1022;0.35438758379133584
46;1022.5;0.3544499873266294
47;1023;0.3545148224435993
48;1023.5;0.35458033550359636
49;1024;0.35464477256797167
50;1024.5;0.35470638009807604
51;1025;0.35476260210480925
52;1025.5;0.35481399531442026
53;1026;0.35486641997232665
54;1026.5;0.3549192107751586
55;1027;0.35497170271954614
56;1027.5;0.35502323040211936
57;1028;0.35507312871950847
58;1028.5;0.3551207323683435
59;1029;0.3551653762452547
60;1029.5;0.355206395046872
61;1030;0.3552473244697571
62;1030.5;0.35530145253727485
63;1031;0.3553660760666205
64;1031.5;0.3554379684879905
65;1032;0.3555139035315814
66;1032.5;0.3555906548275898
67;1033;0.35566499600621215
68;1033.5;0.3557337007976451
69;1034;0.35579354263208507
70;1034.5;0.3558412952397286
71;1035;0.3558812138988435
72;1035.5;0.3559255222311464
73;1036;0.3559709065045391
74;1036.5;0.35601581611531163
75;1037;0.35605870005975365
76;1037.5;0.35609800773415523
77;1038;0.35613218823480636
78;1038.5;0.3561596909579967
79;1039;0.3561789650000164
80;1039.5;0.35618845975715524
81;1040;0.3561889290390126
82;1040.5;0.356186491607888
83;1041;0.35618259003500263
84;1041.5;0.35617770276806343
85;1042;0.3561723080547773
86;1042.5;0.35616688434285126
87;1043;0.3561619096799921
88;1043.5;0.35615786261390703
89;1044;0.35615522139230266
90;1044.5;0.3561544643628863
91;1045;0.35615067517674337
92;1045.5;0.35614825574437525
93;1046;0.3561501922319711
94;1046.5;0.3561565842304736
95;1047;0.35616753113082583
96;1047.5;0.3561831324239705
97;1048;0.3562034875008504
98;1048.5;0.3562286958524084
99;1049;0.3562588570695874
100;1049.5;0.35629404747043764
101;1050;0.3563271730452483
102;1050.5;0.3563625204874423
103;1051;0.3564009355873619
104;1051.5;0.35644095103534934
105;1052;0.3564810997217466
106;1052.5;0.3565199143368958
107;1053;0.3565559278711391
108;1053.5;0.35658767291481874
109;1054;0.35661368225827683
110;1054.5;0.3566325030392094
111;1055;0.3566441485670729
112;1055.5;0.35665216364290436
113;1056;0.35665798946198146
114;1056.5;0.3566626742195814
115;1057;0.3566672662109817
116;1057.5;0.35667281363146
117;1058;0.3566803646762935
118;1058.5;0.35669096754075963
119;1059;0.35670567062013603
120;1059.5;0.35672570662083886
121;1060;0.3567565221342047
122;1060.5;0.3567992964434879
123;1061;0.3568509989647521
124;1061.5;0.3569084806140613
125;1062;0.3569685922074791
126;1062.5;0.3570281847610696
127;1063;0.35708410919089645
128;1063.5;0.3571332163130235
129;1064;0.35717235704351474
130;1064.5;0.3571982868398709
131;1065;0.35720746384287694
132;1065.5;0.35720106811188124
133;1066;0.35718245089856004
134;1066.5;0.3571549975545894
135;1067;0.35712209323164545
136;1067.5;0.3570871233814043
137;1068;0.3570534731555419
138;1068.5;0.35702452810573454
139;1069;0.357003673283658
140;1069.5;0.3569941961865543
141;1070;0.35699535640862196
142;1070.5;0.35700136722826376
143;1071;0.3570109995305911
144;1071.5;0.35702326220071534
145;1072;0.35703716422374804
146;1072.5;0.3570517147848005
147;1073;0.3570659228689842
148;1073.5;0.3570787974614105
149;1074;0.3570893476471909
150;1074.5;0.3570976096908768
151;1075;0.3571085460853173
152;1075.5;0.3571198996445858
153;1076;0.35713134443683797
154;1076.5;0.35714266313022935
155;1077;0.3571536385929154
156;1077.5;0.3571640535930517
157;1078;0.35717369079879363
158;1078.5;0.35718233307829683
159;1079;0.35718976309971673
160;1079.5;0.3571955657807763
161;1080;0.35719784950498934
162;1080.5;0.3571953202091994
163;1081;0.35718953589366426
164;1081.5;0.3571821157586412
165;1082;0.3571746793043879
166;1082.5;0.35716884573116203
167;1083;0.35716623423922084
168;1083.5;0.357168464228822
169;1084;0.35717715500022307
170;1084.5;0.3571929183504387
171;1085;0.3572124860364586
172;1085.5;0.3572358790157162
173;1086;0.3572624098015473
174;1086.5;0.3572913738072879
175;1087;0.3573220665462739
176;1087.5;0.35735378333184115
177;1088;0.35738581957732557
178;1088.5;0.3574174707960629
179;1089;0.3574480324013893
180;1089.5;0.35747742421622297
181;1090;0.35750689643603345
182;1090.5;0.357535809879362
183;1091;0.35756444691800465
184;1091.5;0.3575930980237573
185;1092;0.3576220537684161
186;1092.5;0.3576516049237769
187;1093;0.35768204186163594
188;1093.5;0.35771365545378897
189;1094;0.3577467361720322
190;1094.5;0.3577832344468706
191;1095;0.3578279824255378
192;1095.5;0.35787908347863895
193;1096;0.35793442688979743
194;1096.5;0.3579919042426366
195;1097;0.3580494070207797
196;1097.5;0.35810482710785
197;1098;0.35815605578747095
198;1098.5;0.3582009849432658
199;1099;0.35823750595885784
200;1099.5;0.3582656162551584
201;1100;0.35829112998278634
202;1100.5;0.35831497154411196
203;1101;0.3583369852712853
204;1101.5;0.3583570135964562
205;1102;0.35837489865177447
206;1102.5;0.3583904827693901
207;1103;0.3584036082814528
208;1103.5;0.35841411732011264
209;1104;0.3584218522175194
210;1104.5;0.35842651371121315
211;1105;0.3584282998630729
212;1105.5;0.3584282054781978
213;1106;0.35842674996530394
214;1106.5;0.35842445173310733
215;1107;0.3584218291903241
216;1107.5;0.35841940074567047
217;1108;0.35841768490786236
218;1108.5;0.35841720008561584
219;1109;0.3584184645876472
220;1109.5;0.3584222004270555
221;1110;0.3584294651956254
222;1110.5;0.35844034594537194
223;1111;0.3584542965331172
224;1111.5;0.35847077001568367
225;1112;0.3584892194498935
226;1112.5;0.3585090975925689
227;1113;0.35852985770053214
228;1113.5;0.35855095253060554
229;1114;0.3585718351396114
230;1114.5;0.35859568870605896
231;1115;0.35862948498450686
232;1115.5;0.35867068154231485
233;1116;0.35871804948741426
234;1116.5;0.3587703629277369
235;1117;0.35882639617121415
236;1117.5;0.35888492332577765
237;1118;0.358944718599359
238;1118.5;0.3590045560998897
239;1119;0.35906321003530134
240;1119.5;0.3591226725526372
241;1120;0.35918847692717765
242;1120.5;0.3592581393676326
243;1121;0.35933068783989036
244;1121.5;0.35940515520983907
245;1122;0.3594805742433668
246;1122.5;0.359555977806362
247;1123;0.35963039866471264
248;1123.5;0.35970286968430687
249;1124;0.35977242383103303
250;1124.5;0.35983983481878334
251;1125;0.3599063863592348
252;1125.5;0.3599696110519032
253;1126;0.3600306330367679
254;1126.5;0.36009059005380795
255;1127;0.3601506198430026
256;1127.5;0.36021186014433126
257;1128;0.3602754486977727
258;1128.5;0.3603425231433067
259;1129;0.36041422132091216
260;1129.5;0.3604924530357626
261;1130;0.36057758558197783
262;1130.5;0.36066588698618496
263;1131;0.3607566087463856
264;1131.5;0.3608490238605813
265;1132;0.3609424051267737
266;1132.5;0.3610360252429645
267;1133;0.36112915720715544
268;1133.5;0.3612210739173479
269;1134;0.3613110480715439
270;1134.5;0.3613972238839477
271;1135;0.36147717749331354
272;1135.5;0.3615527738657216
273;1136;0.3616256207545253
274;1136.5;0.3616973201130783
275;1137;0.3617694744947342
276;1137.5;0.3618436860528464
277;1138;0.36192155704076856
278;1138.5;0.36200468971185423
279;1139;0.3620946864194569
280;1139.5;0.36219292194274694
281;1140;0.3623018299771627
282;1140.5;0.36242406762003804
283;1141;0.3625574853709179
284;1141.5;0.36269986352934763
285;1142;0.3628489827948721
286;1142.5;0.36300262376703646
287;1143;0.3631585669453859
288;1143.5;0.36331459302946545
289;1144;0.36346848231882023
290;1144.5;0.36362050635521237
291;1145;0.36377743858354217
292;1145.5;0.36394096688446836
293;1146;0.3641105599890118
294;1146.5;0.3642856345281934
295;1147;0.36446560703303393
296;1147.5;0.36464989423455424
297;1148;0.36483791256377535
298;1148.5;0.36502907885171787
299;1149;0.36522280952940267
300;1149.5;0.3654216162411989
301;1150;0.3656337201190652
302;1150.5;0.3658550076496564
303;1151;0.36608323393025943
304;1151.5;0.366316253958161
305;1152;0.3665519229306482
306;1152.5;0.3667880959450077
307;1153;0.36702262809852637
308;1153.5;0.36725337438849126
309;1154;0.367478190012189
310;1154.5;0.36769757711433165
311;1155;0.36791963822433055
312;1155.5;0.3681418953143042
313;1156;0.36836350211088986
314;1156.5;0.3685837570407249
315;1157;0.3688019585304468
316;1157.5;0.3690174051066927
317;1158;0.3692293951961001
318;1158.5;0.3694372273253064
319;1159;0.3696401999209488
320;1159.5;0.3698377964391182
321;1160;0.37003172545991575
322;1160.5;0.3702248509506404
323;1161;0.3704179996640152
324;1161.5;0.3706118752527626
325;1162;0.37080718156960557
326;1162.5;0.37100462236726683
327;1163;0.371204901498469
328;1163.5;0.37140872251593515
329;1164;0.37161678937238773
330;1164.5;0.3718285394856252
331;1165;0.3720397037601691
332;1165.5;0.3722571615222225
333;1166;0.3724808996635503
334;1166.5;0.37271013717591706
335;1167;0.3729440935510877
336;1167.5;0.37318198788082696
337;1168;0.37342303925689946
338;1168.5;0.37366646707107
339;1169;0.37391149041510335
340;1169.5;0.37415786521711597
341;1170;0.37440964483762196
342;1170.5;0.37467410173179844
343;1171;0.3749509893303243
344;1171.5;0.37523902406387827
345;1172;0.37553692226313934
346;1172.5;0.3758434002587864
347;1173;0.3761571744814983
348;1173.5;0.37647696116195384
349;1174;0.376801476730832
350;1174.5;0.37713076908517407
351;1175;0.37747516241975215
352;1175.5;0.3778354161388829
353;1176;0.37820895810004446
354;1176.5;0.3785931032607157
355;1177;0.3789851663783749
356;1177.5;0.37938246251050095
357;1178;0.37978230631457205
358;1178.5;0.3801820128480669
359;1179;0.38057889696846403
360;1179.5;0.3809713364264799
361;1180;0.38137038689160063
362;1180.5;0.3817776621042258
363;1181;0.38219067439063215
364;1181.5;0.38260699857709646
365;1182;0.38302420938989534
366;1182.5;0.3834398815553054
367;1183;0.3838515897996036
368;1183.5;0.38425690874906643
369;1184;0.38465341322997065
370;1184.5;0.3850390113900654
371;1185;0.385418508226304
372;1185.5;0.38579624117552275
373;1186;0.38617208036876566
374;1186.5;0.386545125737077
375;1187;0.38691447731150136
376;1187.5;0.3872792352230825
377;1188;0.38763849950286494
378;1188.5;0.38799137008189283
379;1189;0.38833694719121037
380;1189.5;0.38867435675329404
381;1190;0.3890039208135161
382;1190.5;0.3893286519883731
383;1191;0.38964940018200106
384;1191.5;0.3899659353985358
385;1192;0.39027802754211316
386;1192.5;0.3905854465168691
387;1193;0.3908879624269397
388;1193.5;0.3911853452764606
389;1194;0.39147736476956785
390;1194.5;0.39176386422700765
391;1195;0.3920504611658295
392;1195.5;0.3923329379228299
393;1196;0.39260608617329995
394;1196.5;0.392867629092531
395;1197;0.393115289855814
396;1197.5;0.3933467913384402
397;1198;0.39355985681570094
398;1198.5;0.39375220936288724
399;1199;0.3939215721552902
400;1199.5;0.3940656771661429
401;1200;0.39419439623062746
402;1200.5;0.3943104513667047
403;1201;0.3944088033045527
404;1201.5;0.3944894624743502
405;1202;0.3945524395062754
406;1202.5;0.39459774493050703
407;1203;0.39462538917722345
408;1203.5;0.39463538297660283
409;1204;0.3946277367588241
410;1204.5;0.39460246115406544
411;1205;0.39455599557040955
412;1205.5;0.39448161094730205
413;1206;0.394378449946838
414;1206.5;0.3942505449682565
415;1207;0.394101928210796
416;1207.5;0.39393663207369517
417;1208;0.3937586886561929
418;1208.5;0.3935721304575277
419;1209;0.39338098957693834
420;1209.5;0.39318929841366346
421;1210;0.3929846051371478
422;1210.5;0.3927400236166897
423;1211;0.39245684409020815
424;1211.5;0.39214117173936647
425;1212;0.3917991437458282
426;1212.5;0.39143689749125665
427;1213;0.39106057025731555
428;1213.5;0.39067629932566816
429;1214;0.3902902220779782
430;1214.5;0.38990847589590893
431;1215;0.3895256539513247
432;1215.5;0.38911913656212976
433;1216;0.38869247559191406
434;1216.5;0.38825081282724794
435;1217;0.3877993107547019
436;1217.5;0.3873431317608465
437;1218;0.38688743853225205
438;1218.5;0.386437393555489
439;1219;0.3859981593171279
440;1219.5;0.38557489830373903
441;1220;0.3851648156114339
442;1220.5;0.3847457308965093
443;1221;0.38432378671329526
444;1221.5;0.38390360148257585
445;1222;0.3834895042251356
446;1222.5;0.38308582376175876
447;1223;0.38269688921322975
448;1223.5;0.3823270293003328
449;1224;0.38198057304385236
450;1224.5;0.3816618492645727
451;1225;0.3813707687661775
452;1225.5;0.38108735721965203
453;1226;0.38081075792960994
454;1226.5;0.3805428027467294
455;1227;0.38028521902168855
456;1227.5;0.38003973390516577
457;1228;0.37980807454783916
458;1228.5;0.3795919684003871
459;1229;0.37939314251348766
460;1229.5;0.3792133241378192
461;1230;0.3790531865098862
462;1230.5;0.3789039944433581
463;1231;0.3787599062625464
464;1231.5;0.37861921804528764
465;1232;0.37848069946941865
466;1232.5;0.3783431199127761
467;1233;0.3782052489531965
468;1233.5;0.37806585596851694
469;1234;0.37792371053657375
470;1234.5;0.3777775821352039
471;1235;0.377626734274138
472;1235.5;0.3774775438401272
473;1236;0.3773280412535108
474;1236.5;0.3771770380080824
475;1237;0.37702467449763544
476;1237.5;0.37687109161596394
477;1238;0.3767164299568613
478;1238.5;0.37656083011412117
479;1239;0.37640443268153717
480;1239.5;0.3762473784529032
481;1240;0.37608969212086485
482;1240.5;0.3759277528399284
483;1241;0.3757614985338773
484;1241.5;0.3755924306790553
485;1242;0.37542198835180607
486;1242.5;0.3752516108284733
487;1243;0.375082737285401
488;1243.5;0.37491680689893286
489;1244;0.3747552588454125
490;1244.5;0.3745995323011837
491;1245;0.3744510334226637
492;1245.5;0.3743002188442552
493;1246;0.3741441971634184
494;1246.5;0.37398823217478894
495;1247;0.3738350645730026
496;1247.5;0.3736874347526947
497;1248;0.3735480834085012
498;1248.5;0.37341975103505737
499;1249;0.37330517842699895
500;1249.5;0.3732071059789616
501;1250;0.3731282743855809
502;1250.5;0.373061685483021
503;1251;0.3729956161404277
504;1251.5;0.37293110338433333
505;1252;0.37287003520158796
506;1252.5;0.3728143001790417
507;1253;0.37276578670354465
508;1253.5;0.372726383361947
509;1254;0.3726979786410987
510;1254.5;0.37268246112784986
511;1255;0.3726817192090506
512;1255.5;0.3726953723048892
513;1256;0.37271744993610134
514;1256.5;0.372744154642381
515;1257;0.3727748378205476
516;1257.5;0.37280891626742096
517;1258;0.3728458071798205
518;1258.5;0.37288492755456576
519;1259;0.37292569448847646
520;1259.5;0.3729675249783722
521;1260;0.3730098360210725
522;1260.5;0.3730553701498067
523;1261;0.37311243379383985
524;1261.5;0.3731753783268467
525;1262;0.37324178222797827
526;1262.5;0.3733095122763855
527;1263;0.3733764346512194
528;1263.5;0.37344041603163103
529;1264;0.3734993227967712
530;1264.5;0.3735510214257914
531;1265;0.3735933782978423
532;1265.5;0.3736263713031951
533;1266;0.37365948827684
534;1266.5;0.3736894755636177
535;1267;0.37371507813271915
536;1267.5;0.37373563935333537
537;1268;0.37375050269465726
538;1268.5;0.37375901142587586
539;1269;0.3737605090161821
540;1269.5;0.37375433893476706
541;1270;0.3737398444508216
542;1270.5;0.37371646573057615
543;1271;0.3736855202571149
544;1271.5;0.3736483318376572
545;1272;0.3736058759221361
546;1272.5;0.37355924636048465
547;1273;0.3735095370026359
548;1273.5;0.3734578415985228
549;1274;0.37340525409807845
550;1274.5;0.3733528683512357
551;1275;0.3733017780079279
552;1275.5;0.37325267110290083
553;1276;0.37319616282878704
554;1276.5;0.3731347935339324
555;1277;0.37307220195694646
556;1277.5;0.3730096928364387
557;1278;0.3729485709110189
558;1278.5;0.37289014111929664
559;1279;0.3728357081998813
560;1279.5;0.37278657689138267
561;1280;0.37274405193241034
562;1280.5;0.3727094014192461
563;1281;0.37267541944237487
564;1281.5;0.372639185525924
565;1282;0.3726038485663198
566;1282.5;0.37257069605998894
567;1283;0.37254101540335804
568;1283.5;0.3725160939928536
569;1284;0.37249721932490226
570;1284.5;0.37248567869593047
571;1285;0.37248275960236493
572;1285.5;0.3724897495406322
573;1286;0.3725061820435898
574;1286.5;0.37252800670685815
575;1287;0.37255296495496903
576;1287.5;0.3725806111668864
577;1288;0.37261050322157396
578;1288.5;0.37264219849799574
579;1289;0.3726752548751156
580;1289.5;0.3727092300318973
581;1290;0.3727436815473049
582;1290.5;0.3727781671003021
583;1291;0.3728165646040776
584;1291.5;0.37286594144616825
585;1292;0.37292022023829324
586;1292.5;0.37297705995161534
587;1293;0.37303426155729735
588;1293.5;0.37308962592650213
589;1294;0.37314095423039245
590;1294.5;0.37318604724013094
591;1295;0.3732227059268806
592;1295.5;0.3732487313618043
593;1296;0.3732644457040606
594;1296.5;0.37327910122051083
595;1297;0.3732927887454829
596;1297.5;0.37330527578072664
597;1298;0.3733164370279921
598;1298.5;0.3733261472890292
599;1299;0.3733342814655875
600;1299.5;0.3733407141594173
601;1300;0.37334532037226825
602;1300.5;0.3733479748058902
603;1301;0.3733482681393222
604;1301.5;0.37334469291310335
605;1302;0.3733413033664963
606;1302.5;0.37333879973922934
607;1303;0.37333705967103087
608;1303.5;0.37333596070162917
609;1304;0.3733353806707526
610;1304.5;0.37333519721812947
611;1305;0.37333528788348797
612;1305.5;0.3733355304065566
613;1306;0.37333588288716835
614;1306.5;0.37333731577248164
615;1307;0.3733393100095174
616;1307.5;0.37334173704245865
617;1308;0.3733445654154884
618;1308.5;0.3733477633727895
619;1309;0.37335129945854517
620;1309.5;0.3733551420169384
621;1310;0.37335925949215215
622;1310.5;0.3733636204283694
623;1311;0.37336824848618766
624;1311.5;0.37338079802638857
625;1312;0.3734042117912316
626;1312.5;0.373436091132315
627;1313;0.3734752353012367
628;1313.5;0.37352044374959503
629;1314;0.3735705155289878
630;1314.5;0.37362425009101335
631;1315;0.37368044668726963
632;1315.5;0.37373790456935485
633;1316;0.373795423088867
634;1316.5;0.37385801285368486
635;1317;0.3739284864603077
636;1317.5;0.37400128230869667
637;1318;0.37407547024943405
638;1318.5;0.37415012543310217
639;1319;0.37422432301028347
640;1319.5;0.3742971382315602
641;1320;0.37436764644751463
642;1320.5;0.3744349227087291
643;1321;0.37449804236578604
644;1321.5;0.37455950816647265
645;1322;0.3746252952984225
646;1322.5;0.3746903370994186
647;1323;0.3747544357094309
648;1323.5;0.37481758636842893
649;1324;0.37487978391638244
650;1324.5;0.374941023693261
651;1325;0.3750013005390343
652;1325.5;0.37506060949367204
653;1326;0.3751189457971438
654;1326.5;0.3751779993012169
655;1327;0.37524399903922323
656;1327.5;0.37531199408629473
657;1328;0.37537978441563247
658;1328.5;0.3754456084004378
659;1329;0.3755077045139118
660;1329.5;0.37556431122925565
661;1330;0.37561366671967067
662;1330.5;0.375654009558358
663;1331;0.37568357811851877
664;1331.5;0.37570187254697485
665;1332;0.3757204533307362
666;1332.5;0.3757403805818106
667;1333;0.3757607930072081
668;1333.5;0.3757812898139391
669;1334;0.37580147050901375
670;1334.5;0.3758209343994424
671;1335;0.3758392808922352
672;1335.5;0.37585610919440243
673;1336;0.3758710187129542
674;1336.5;0.37588360595537446
675;1337;0.3758937229363261
676;1337.5;0.3759034179768802
677;1338;0.37591371034169635
678;1338.5;0.3759249445954345
679;1339;0.3759374657027546
680;1339.5;0.3759516183283163
681;1340;0.37596774733677957
682;1340.5;0.3759861974928043
683;1341;0.3760073135610502
684;1341.5;0.37603144045356823
685;1342;0.3760612835150213
686;1342.5;0.37610039165105713
687;1343;0.3761488134471698
688;1343.5;0.37620477198885355
689;1344;0.37626649006160234
690;1344.5;0.3763321906509106
691;1345;0.37640009644227235
692;1345.5;0.37646843042118167
693;1346;0.37653541557313275
694;1346.5;0.3765992745836198
695;1347;0.37666585656049084
696;1347.5;0.3767484397313149
697;1348;0.3768460561127479
698;1348.5;0.3769560850965193
699;1349;0.3770758903743579
700;1349.5;0.3772028354379928
701;1350;0.3773342838791532
702;1350.5;0.37746759938956825
703;1351;0.377600145360967
704;1351.5;0.37772928568507846
705;1352;0.37785682483885147
706;1352.5;0.377996809524593
707;1353;0.3781488003380804
708;1353.5;0.37831166983723696
709;1354;0.37848433007998644
710;1354.5;0.37866569282425233
711;1355;0.37885467002795803
712;1355.5;0.37905017364902704
713;1356;0.37925111564538316
714;1356.5;0.3794564078749496
715;1357;0.3796664871410891
716;1357.5;0.37989195618845056
717;1358;0.3801313215116166
718;1358.5;0.38038254637965074
719;1359;0.3806440470616167
720;1359.5;0.3809142396265779
721;1360;0.38119154034359803
722;1360.5;0.3814743654817408
723;1361;0.3817611312100695
724;1361.5;0.38205025379764795
725;1362;0.3823404076562966
726;1362.5;0.38263658318077365
727;1363;0.3829404649736756
728;1363.5;0.38325118528813934
729;1364;0.3835679878773016
730;1364.5;0.38389011619429947
731;1365;0.3842168139922697
732;1365.5;0.38454732462434926
733;1366;0.3848808918436751
734;1366.5;0.38521675920338383
735;1367;0.38555417175358575
736;1367.5;0.385893603218496
737;1368;0.38623668090181484
738;1368.5;0.38658393003189706
739;1369;0.3869353687370972
740;1369.5;0.3872910152457698
741;1370;0.3876508875862697
742;1370.5;0.38801500408695133
743;1371;0.38838338287616947
744;1371.5;0.3887560419822787
745;1372;0.3891329997336336
746;1372.5;0.38951575863761906
747;1373;0.38990591487138726
748;1373.5;0.3903019244710125
749;1374;0.39070253504724617
750;1374.5;0.39110649611084
751;1375;0.39151255667254564
752;1375.5;0.3919194659431147
753;1376;0.3923259734332989
754;1376.5;0.39273082815384974
755;1377;0.39313277941551883
756;1377.5;0.3935329273021612
757;1378;0.3939382385713389
758;1378.5;0.3943473834117157
759;1379;0.3947580645978832
760;1379.5;0.3951679825044333
761;1380;0.3955748376059577
762;1380.5;0.39597633017704825
763;1381;0.39637016079229676
764;1381.5;0.39675402982629493
765;1382;0.39712563765363446
766;1382.5;0.39748392962777157
767;1383;0.39783594174795767
768;1383.5;0.3981790240333075
769;1384;0.3985116784804231
770;1384.5;0.3988329088859063
771;1385;0.3991417190463591
772;1385.5;0.39943711265838344
773;1386;0.3997180933185814
774;1386.5;0.3999836649235548
775;1387;0.4002328310699056
776;1387.5;0.40046466670621295
777;1388;0.40068091504782133
778;1388.5;0.4008823084815057
779;1389;0.4010707166673294
780;1389.5;0.4012488612653562
781;1390;0.4014194642356494
782;1390.5;0.40158524733827256
783;1391;0.40174893243328924
784;1391.5;0.401913241180763
785;1392;0.4020808954407574
786;1392.5;0.40225461412109775
787;1393;0.4024308597960727
788;1393.5;0.402602566953045
789;1394;0.4027695807036201
790;1394.5;0.40293379565940335
791;1395;0.403097106232
792;1395.5;0.4032614070330155
793;1396;0.40342859257405494
794;1396.5;0.40360055746672385
795;1397;0.40377919632262776
796;1397.5;0.40396640345337165
797;1398;0.4041665346926586
798;1398.5;0.40438122052257935
799;1399;0.4046044228055785
800;1399.5;0.404834006676014
801;1400;0.40506786046824345
802;1400.5;0.40530387251662453
803;1401;0.4055399311555149
804;1401.5;0.4057739247192723
805;1402;0.40600374154225455
806;1402.5;0.4062272699588191
807;1403;0.40644586953115186
808;1403.5;0.40666901305563785
809;1404;0.4068897065212315
810;1404.5;0.40710668164626895
811;1405;0.4073190950490865
812;1405.5;0.4075261035480203
813;1406;0.40772686376140654
814;1406.5;0.4079205324075817
815;1407;0.4081062663048819
816;1407.5;0.40828322207164325
817;1408;0.4084519468622461
818;1408.5;0.40862373162602533
819;1409;0.40879255186978575
820;1409.5;0.4089562299233543
821;1410;0.4091140423165582
822;1410.5;0.4092652653792242
823;1411;0.4094091756411795
824;1411.5;0.4095450495322509
825;1412;0.40967216338226553
826;1412.5;0.4097897937210503
827;1413;0.4098973558905719
828;1413.5;0.4099996903466684
829;1414;0.41009923271251647
830;1414.5;0.4101960969574341
831;1415;0.41029054075073884
832;1415.5;0.41038282196174836
833;1416;0.4104731982597805
834;1416.5;0.410561927314153
835;1417;0.41064926709418337
836;1417.5;0.4107354751691895
837;1418;0.41082080930848913
838;1418.5;0.410906160799585
839;1419;0.4109934411666479
840;1419.5;0.4110830090938479
841;1420;0.411174263113186
842;1420.5;0.41126660145666294
843;1421;0.41135942245627993
844;1421.5;0.4114521243440379
845;1422;0.4115441055519377
846;1422.5;0.4116347644119804
847;1423;0.4117234992561671
848;1423.5;0.4118116745784787
849;1424;0.41190320407317965
850;1424.5;0.4119973177393722
851;1425;0.4120921771938814
852;1425.5;0.4121859344535329
853;1426;0.41227674103515194
854;1426.5;0.4123627487555642
855;1427;0.4124421094315947
856;1427.5;0.412512974880069
857;1428;0.41257349671781257
858;1428.5;0.41262327111314007
859;1429;0.4126700469759138
860;1429.5;0.4127185248134956
861;1430;0.4127678350875696
862;1430.5;0.4128167883598194
863;1431;0.41286419549192893
864;1431.5;0.412908867145582
865;1432;0.4129496140824623
866;1432.5;0.4129852470642536
867;1433;0.41301457675264
868;1433.5;0.4130363901381623
869;1434;0.41304966795067505
870;1434.5;0.4130576387023539
871;1435;0.41306162744637065
872;1435.5;0.41306230073589667
873;1436;0.41306032482410365
874;1436.5;0.41305636596416334
875;1437;0.41305109070924717
876;1437.5;0.413045165312527
877;1438;0.4130392561271744
878;1438.5;0.4130340187417415
879;1439;0.41302906272742534
880;1439.5;0.4130232838598518
881;1440;0.41301650980939036
882;1440.5;0.41300895394641063
883;1441;0.41300082994128173
884;1441.5;0.4129923512643735
885;1442;0.4129837314860551
886;1442.5;0.41297518407669614
887;1443;0.412966922506666
888;1443.5;0.4129591603463343
889;1444;0.41295002149758153
890;1444.5;0.41293749441996636
891;1445;0.41292304486359244
892;1445.5;0.41290785312232553
893;1446;0.4128930996900307
894;1446.5;0.4128799652605733
895;1447;0.41286963002781885
896;1447.5;0.41286327478563256
897;1448;0.4128620798278801
898;1448.5;0.41286722564842665
899;1449;0.4128794052803876
900;1449.5;0.4128973457341349
901;1450;0.4129202084843854
902;1450.5;0.412947247513095
903;1451;0.41297771700221964
904;1451.5;0.41301087133371545
905;1452;0.41304596448953823
906;1452.5;0.41308225085164424
907;1453;0.4131189846019894
908;1453.5;0.41315541992252963
909;1454;0.41319120737115556
910;1454.5;0.4132291411904262
911;1455;0.4132710542648213
912;1455.5;0.413316142749244
913;1456;0.4133634071985973
914;1456.5;0.4134118479677844
915;1457;0.4134604657117082
916;1457.5;0.4135082607852718
917;1458;0.41355423384337825
918;1458.5;0.4135973851409306
919;1459;0.4136368736128837
920;1459.5;0.41367526978212393
921;1460;0.41371240048731295
922;1460.5;0.41374870358613175
923;1461;0.4137850240362619
924;1461.5;0.41382220709538425
925;1462;0.4138610975211801
926;1462.5;0.41390254047133057
927;1463;0.41394738090351685
928;1463.5;0.41399646397542034
929;1464;0.4140506361284519
930;1464.5;0.41411514507738884
931;1465;0.4141904290639461
932;1465.5;0.41427380666814095
933;1466;0.4143644154699905
934;1466.5;0.41446139324951226
935;1467;0.41456387758672336
936;1467.5;0.41467100606164087
937;1468;0.41478191635428246
938;1468.5;0.4148957459446653
939;1469;0.4150116327128064
940;1469.5;0.4151313204968588
941;1470;0.4152596548685691
942;1470.5;0.41539618230903697
943;1471;0.4155399062821458
944;1471.5;0.4156898302517792
945;1472;0.41584495778182057
946;1472.5;0.4160042923361534
947;1473;0.4161668372786611
948;1473.5;0.41633159607322706
949;1474;0.4164975722837351
950;1474.5;0.41666624774095895
951;1475;0.41684548923543396
952;1475.5;0.41703157086885634
953;1476;0.41722200401658843
954;1476.5;0.41741439065399233
955;1477;0.4176063328564303
956;1477.5;0.41779543249926443
957;1478;0.41797929175785675
958;1478.5;0.4181555125075699
959;1479;0.41832169682376563
960;1479.5;0.418476355453057
961;1480;0.4186275256868878
962;1480.5;0.4187748544990425
963;1481;0.41891786206042453
964;1481.5;0.41905649134193707
965;1482;0.41919068521448344
966;1482.5;0.41932038664896687
967;1483;0.4194455383162909
968;1483.5;0.41956608318735855
969;1484;0.419681964133073
970;1484.5;0.4197930746498332
971;1485;0.41989681814866076
972;1485.5;0.41999365329350996
973;1486;0.4200854536096923
974;1486.5;0.4201738691225196
975;1487;0.42026054975730337
976;1487.5;0.42034714533935535
977;1488;0.4204353060939874
978;1488.5;0.42052668174651087
979;1489;0.4206229224222378
980;1489.5;0.4207256780464796
981;1490;0.42083450714553167
982;1490.5;0.4209435351242933
983;1491;0.4210511709237837
984;1491.5;0.42115835856912576
985;1492;0.4212660420854425
986;1492.5;0.42137516539785674
987;1493;0.42148667273149165
988;1493.5;0.42160150791146994
989;1494;0.42172061506291464
990;1494.5;0.42184493821094876
991;1495;0.42197761955584384
992;1495.5;0.42212288729997505
993;1496;0.4222775684711097
994;1496.5;0.4224412352962538
995;1497;0.4226134772024139
996;1497.5;0.4227938835165962
997;1498;0.4229820433658068
998;1498.5;0.42317754607705205
999;1499;0.4233799809773381
1000;1499.5;0.4235889372936713
1001;1500;0.42380574032272406
1002;1500.5;0.42403958651309903
1003;1501;0.4242880316293201
1004;1501.5;0.4245479058494984
1005;1502;0.4248161335517452
1006;1502.5;0.42508963891417106
1007;1503;0.4253653463148872
1008;1503.5;0.42564017993200487
1009;1504;0.42591106414363483
1010;1504.5;0.4261749231278881
1011;1505;0.42642946313046315
1012;1505.5;0.4266861847183388
1013;1506;0.4269463202135547
1014;1506.5;0.42720699437341203
1015;1507;0.42746559085521163
1016;1507.5;0.4277194931162548
1017;1508;0.42796608491384236
1018;1508.5;0.4282027498052754
1019;1509;0.4284268713478549
1020;1509.5;0.42863583319888204
1021;1510;0.42882703887458556
1022;1510.5;0.4290065702117506
1023;1511;0.4291835040351808
1024;1511.5;0.4293585801467737
1025;1512;0.42953157564842603
1026;1512.5;0.4297022679420353
1027;1513;0.4298704341294985
1028;1513.5;0.4300358515127127
1029;1514;0.43019829739357507
1030;1514.5;0.4303575488739829
1031;1515;0.4305133833558331
1032;1515.5;0.4306628254795101
1033;1516;0.43080379589672135
1034;1516.5;0.4309397070702123
1035;1517;0.43107245841664055
1036;1517.5;0.43120394905266324
1037;1518;0.4313360784949379
1038;1518.5;0.43147074586012196
1039;1519;0.43160985056487267
1040;1519.5;0.43175529182584754
1041;1520;0.4319089690597039
1042;1520.5;0.4320720402388278
1043;1521;0.43224276264501305
1044;1521.5;0.4324206638304927
1045;1522;0.432604865051393
1046;1522.5;0.4327944791638399
1047;1523;0.43298861902395946
1048;1523.5;0.4331863973878777
1049;1524;0.4333869272117209
1050;1524.5;0.4335893211516148
1051;1525;0.43379269216368577
1052;1525.5;0.4339972534810034
1053;1526;0.4342114202909724
1054;1526.5;0.43443508540279935
1055;1527;0.4346651844854018
1056;1527.5;0.43489860900769733
1057;1528;0.4351322501386039
1058;1528.5;0.43536299954703883
1059;1529;0.43558774840191977
1060;1529.5;0.43580338817216446
1061;1530;0.43600681022669063
1062;1530.5;0.43619514714915797
1063;1531;0.43637446566952837
1064;1531.5;0.43654832389106646
1065;1532;0.43671520011190035
1066;1532.5;0.4368733668301581
1067;1533;0.4370210964439679
1068;1533.5;0.43715666165145767
1069;1534;0.4372783347507557
1070;1534.5;0.4373843882399899
1071;1535;0.43747309451728855
1072;1535.5;0.4375427262807795
1073;1536;0.4375763804709976
1074;1536.5;0.43756068242614266
1075;1537;0.4375003532264021
1076;1537.5;0.43739964985893
1077;1538;0.43726282891088
1078;1538.5;0.43709414706940636
1079;1539;0.43689786122166285
1080;1539.5;0.4366782279548035
1081;1540;0.43643950395598213
1082;1540.5;0.4361859461123527
1083;1541;0.43590106995369116
1084;1541.5;0.4355442866635972
1085;1542;0.4351248950165541
1086;1542.5;0.434654893454847
1087;1543;0.4341462798207611
1088;1543.5;0.4336110522565817
1089;1544;0.4330612090045939
1090;1544.5;0.43250874800708283
1091;1545;0.4319656674063337
1092;1545.5;0.43144396534463175
1093;1546;0.4309443683319474
1094;1546.5;0.43041927754317405
1095;1547;0.4298646821199634
1096;1547.5;0.4292914026694886
1097;1548;0.42871042619892297
1098;1548.5;0.42813273931543916
1099;1549;0.4275693289262105
1100;1549.5;0.42703118183841005
1101;1550;0.42652928485921093
1102;1550.5;0.42607462479578595
1103;1551;0.42567476542482885
1104;1551.5;0.4252957815026033
1105;1552;0.4249252137574098
1106;1552.5;0.4245680883760742
1107;1553;0.42423002804542165
1108;1553.5;0.4239166555522778
1109;1554;0.42363359358346814
1110;1554.5;0.4233864649258181
1111;1555;0.4231808923661532
1112;1555.5;0.4230224985912988
1113;1556;0.4229166765941482
1114;1556.5;0.42285156441788596
1115;1557;0.422812285327292
1116;1557.5;0.4227966534255604
1117;1558;0.42280364631588513
1118;1558.5;0.4228322416014606
1119;1559;0.422881417085481
1120;1559.5;0.4229501502711403
1121;1560;0.4230374189616327
1122;1560.5;0.42314220066015257
1123;1561;0.42326347306989387
1124;1561.5;0.42341195278283095
1125;1562;0.42359500187220966
1126;1562.5;0.42380467518810094
1127;1563;0.4240348146355927
1128;1563.5;0.4242792619197733
1129;1564;0.4245318588457304
1130;1564.5;0.4247864473185524
1131;1565;0.4250368689433273
1132;1565.5;0.42527696562514306
1133;1566;0.4255005790690879
1134;1566.5;0.42571165318441934
1135;1567;0.42592902253804654
1136;1567.5;0.4261477721693917
1137;1568;0.4263645963164664
1138;1568.5;0.42657618881728193
1139;1569;0.42677924400984957
1140;1569.5;0.42697045583218074
1141;1570;0.4271465184222869
1142;1570.5;0.42730412591817907
1143;1571;0.4274399723578691
1144;1571.5;0.42755341891425375
1145;1572;0.42765429763788126
1146;1572.5;0.4277385706170703
1147;1573;0.4278045131000228
1148;1573.5;0.42785051453494105
1149;1574;0.4278749639700269
1150;1574.5;0.42787625065348234
1151;1575;0.42785276383350934
1152;1575.5;0.42780289265831006
1153;1576;0.4277250264760866
1154;1576.5;0.4276172134745694
1155;1577;0.42747523973640134
1156;1577.5;0.42730268488990664
1157;1578;0.42710504740709093
1158;1578.5;0.42688782445995954
1159;1579;0.42665651372051794
1160;1579.5;0.42641661246077167
1161;1580;0.4261736180527261
1162;1580.5;0.42593302796838656
1163;1581;0.42570033947975866
1164;1581.5;0.4254807388956441
1165;1582;0.4252531514185529
1166;1582.5;0.4250115629560659
1167;1583;0.4247631370735093
1168;1583.5;0.4245138200362094
1169;1584;0.42426955800949245
1170;1584.5;0.42403629725868497
1171;1585;0.423819984149113
1172;1585.5;0.423626564946103
1173;1586;0.4234619858149812
1174;1586.5;0.42333219302107405
1175;1587;0.4232231318518031
1176;1587.5;0.4231153710558904
1177;1588;0.42301383422504396
1178;1588.5;0.4229219341307293
1179;1589;0.4228430838444123
1180;1589.5;0.4227806959375588
1181;1590;0.4227381833816346
1182;1590.5;0.4227189590481055
1183;1591;0.42272643560843726
1184;1591.5;0.4227640260340957
1185;1592;0.42282830973785535
1186;1592.5;0.42290170856507786
1187;1593;0.422981620743908
1188;1593.5;0.4230664838513273
1189;1594;0.4231547353643174
1190;1594.5;0.4232448128598598
1191;1595;0.4233351536149361
1192;1595.5;0.4234241953065281
1193;1596;0.423510375311617
1194;1596.5;0.4235921313071847
1195;1597;0.4236694116622123
1196;1597.5;0.4237486500380376
1197;1598;0.4238292499072867
1198;1598.5;0.4239099022520965
1199;1599;0.42398930685460423
1200;1599.5;0.42406616369694683
1201;1600;0.4241391724612614
1202;1600.5;0.42420703302968477
1203;1601;0.4242684452843541
1204;1601.5;0.42432210900740647
1205;1602;0.4243656006335762
1206;1602.5;0.42438457512345684
1207;1603;0.42437790565812483
1208;1603.5;0.42434922585168405
1209;1604;0.4243021648182383
1210;1604.5;0.42424035197189164
1211;1605;0.42416741642674766
1212;1605.5;0.4240869875969103
1213;1606;0.42400269449648376
1214;1606.5;0.4239181665395715
1215;1607;0.423836767451043
1216;1607.5;0.4237460249092605
1217;1608;0.42364003804709627
1218;1608.5;0.42352062424063475
1219;1609;0.42338932206595903
1220;1609.5;0.4232476701991536
1221;1610;0.4230972074163019
1222;1610.5;0.4229394723934881
1223;1611;0.42277600370679574
1224;1611.5;0.42260834013230897
1225;1612;0.42243802034611144
1226;1612.5;0.4222610044416976
1227;1613;0.4220712695378904
1228;1613.5;0.42186954572697
1229;1614;0.421656703750085
1230;1614.5;0.42143361434838467
1231;1615;0.4212011482630177
1232;1615.5;0.42096017653513307
1233;1616;0.4207115697058798
1234;1616.5;0.42045619861640676
1235;1617;0.4201949341078629
1236;1617.5;0.41992505769629335
1237;1618;0.41963929836651664
1238;1618.5;0.41933945736120454
1239;1619;0.4190283986702874
1240;1619.5;0.41870898628369496
1241;1620;0.4183840841913577
1242;1620.5;0.41805655648320544
1243;1621;0.4177292672491685
1244;1621.5;0.41740508037917695
1245;1622;0.4170868598631608
1246;1622.5;0.41677348507568607
1247;1623;0.4164519159360984
1248;1623.5;0.4161247854453249
1249;1624;0.4157954501095363
1250;1624.5;0.41546726243490306
1251;1625;0.4151435747275965
1252;1625.5;0.4148277394937868
1253;1626;0.414523109339645
1254;1626.5;0.41423303667134165
1255;1627;0.41396087399504766
1256;1627.5;0.4137079027442942
1257;1628;0.4134574909080612
1258;1628.5;0.4132057254011171
1259;1629;0.4129560915964863
1260;1629.5;0.41271219196719267
1261;1630;0.412477628986261
1262;1630.5;0.41225600512671534
1263;1631;0.41205092296157986
1264;1631.5;0.41186598506387906
1265;1632;0.41170479380663705
1266;1632.5;0.4115701506622626
1267;1633;0.4114431772306243
1268;1633.5;0.41131093541730035
1269;1634;0.41117558179318614
1270;1634.5;0.41104004512917713
1271;1635;0.4109072541961688
1272;1635.5;0.41078013796505647
1273;1636;0.41066162510673554
1274;1636.5;0.41055464449210144
1275;1637;0.4104621249920496
1276;1637.5;0.41038697998495277
1277;1638;0.4103252576777634
1278;1638.5;0.4102677794624183
1279;1639;0.41021374648929393
1280;1639.5;0.4101635607087661
1281;1640;0.41011762377121136
1282;1640.5;0.4100763374270057
1283;1641;0.4100401032265255
1284;1641.5;0.4100093231201466
1285;1642;0.40998439875824555
1286;1642.5;0.40996573169119843
1287;1643;0.40995806665829154
1288;1643.5;0.4099651010336853
1289;1644;0.40998409969140814
1290;1644.5;0.4100132098105956
1291;1645;0.41005057867038336
1292;1645.5;0.41009435354990736
1293;1646;0.41014268142830296
1294;1646.5;0.41019370968470603
1295;1647;0.4102455854982522
1296;1647.5;0.4102964559480772
1297;1648;0.4103471914026967
1298;1648.5;0.4104008147534737
1299;1649;0.4104555694009667
1300;1649.5;0.41051204273517233
1301;1650;0.41057082224608743
1302;1650.5;0.41063249552370823
1303;1651;0.4106976499580316
1304;1651.5;0.410766873139054
1305;1652;0.4108407525567723
1306;1652.5;0.4109198756011828
1307;1653;0.41100572216617187
1308;1653.5;0.4110998938506004
1309;1654;0.4111983636092219
1310;1654.5;0.41130088132050907
1311;1655;0.4114072229629341
1312;1655.5;0.4115171641149692
1313;1656;0.41163048055508683
1314;1656.5;0.41174694796175937
1315;1657;0.4118663422134592
1316;1657.5;0.4119884388886586
1317;1658;0.41211304807141164
1318;1658.5;0.4122379194900428
1319;1659;0.4123581145902828
1320;1659.5;0.4124756355045795
1321;1660;0.4125927789653808
1322;1660.5;0.4127118420051346
1323;1661;0.4128351216562889
1324;1661.5;0.4129649146512914
1325;1662;0.41310351812259005
1326;1662.5;0.4132532289026328
1327;1663;0.41341624704004476
1328;1663.5;0.4135907289453297
1329;1664;0.41377053501551175
1330;1664.5;0.4139545913385415
1331;1665;0.4141423926023699
1332;1665.5;0.4143334335949479
1333;1666;0.41452720910422647
1334;1666.5;0.41472321391815636
1335;1667;0.4149209428246888
1336;1667.5;0.41511989061177407
1337;1668;0.4153195547879672
1338;1668.5;0.4155204012046544
1339;1669;0.4157251291760601
1340;1669.5;0.41593439142291755
1341;1670;0.41614835206595957
1342;1670.5;0.41636717532591927
1343;1671;0.4165910256235298
1344;1671.5;0.41682006697952384
1345;1672;0.4170544638146346
1346;1672.5;0.41729438014959486
1347;1673;0.41753998040513807
1348;1673.5;0.4177958084188377
1349;1674;0.4180670358434756
1350;1674.5;0.41835265935069055
1351;1675;0.4186518200933079
1352;1675.5;0.41896365892415305
1353;1676;0.41928731669605135
1354;1676.5;0.41962193446182827
1355;1677;0.4199666531743091
1356;1677.5;0.42032061358631945
1357;1678;0.42068295675068434
1358;1678.5;0.42106160754477245
1359;1679;0.4214773440497607
1360;1679.5;0.4219286789905462
1361;1680;0.4224116928732776
1362;1680.5;0.4229224664041033
1363;1681;0.42345708028917156
1364;1681.5;0.4240116151346311
1365;1682;0.42458215174662994
1366;1682.5;0.4251647705313169
1367;1683;0.4257555523948402
1368;1683.5;0.4263603327576207
1369;1684;0.4270154793127908
1370;1684.5;0.4277232845615293
1371;1685;0.4284793839257558
1372;1685.5;0.4292794129273898
1373;1686;0.4301190069883508
1374;1686.5;0.43099380153055833
1375;1687;0.43189943217593196
1376;1687.5;0.4328315342463912
1377;1688;0.43378574336385556
1378;1688.5;0.4347646105746438
1379;1689;0.4358086056323362
1380;1689.5;0.4369188844522328
1381;1690;0.43808807764010105
1382;1690.5;0.4393088172017083
1383;1691;0.4405737348428217
1384;1691.5;0.4418754626692086
1385;1692;0.4432066324866362
1386;1692.5;0.44455987610087205
1387;1693;0.4459278256176832
1388;1693.5;0.44730607207693807
1389;1694;0.44872531750538497
1390;1694.5;0.450190268703664
1391;1695;0.45169389032279544
1392;1695.5;0.4532291355137989
1393;1696;0.4547889571276949
1394;1696.5;0.4563663081155031
1395;1697;0.45795414162824394
1396;1697.5;0.4595454104169372
1397;1698;0.46113306773260304
1398;1698.5;0.46271110597256515
1399;1699;0.4643040453042343
1400;1699.5;0.4659124266051375
1401;1700;0.4675292641190669
1402;1700.5;0.46914861168981464
1403;1701;0.4707645232611729
1404;1701.5;0.4723710525769339
1405;1702;0.47396225328088964
1406;1702.5;0.47553217941683246
1407;1703;0.47707488472855425
1408;1703.5;0.4785845754902759
1409;1704;0.48008913044082435
1410;1704.5;0.48160157932272485
1411;1705;0.4831102581754618
1412;1705.5;0.48460433243851986
1413;1706;0.4860729677513838
1414;1706.5;0.48750532965353804
1415;1707;0.4888905837844672
1416;1707.5;0.490217895583656
1417;1708;0.491476430890589
1418;1708.5;0.49265535504475083
1419;1709;0.4937894018865657
1420;1709.5;0.4949221343920942
1421;1710;0.496037772004402
1422;1710.5;0.49711990982193194
1423;1711;0.4981521428431271
1424;1711.5;0.49911806626643
1425;1712;0.5000012750902838
1426;1712.5;0.5007853646131313
1427;1713;0.5014539297334151
1428;1713.5;0.5019905657495785
1429;1714;0.5024329808445893
1430;1714.5;0.5028722644260579
1431;1715;0.503298941515973
1432;1715.5;0.503700331482704
1433;1716;0.5040637538946198
1434;1716.5;0.5043765283200902
1435;1717;0.5046259740274841
1436;1717.5;0.5047994106851709
1437;1718;0.5048841577615198
1438;1718.5;0.5048675346249004
1439;1719;0.5047528763816758
1440;1719.5;0.5045770930538727
1441;1720;0.5043454086664989
1442;1720.5;0.5040643637684272
1443;1721;0.5037404986085312
1444;1721.5;0.5033803538356837
1445;1722;0.5029904696987577
1446;1722.5;0.5025773866466263
1447;1723;0.502147645128163
1448;1723.5;0.5017077855922403
1449;1724;0.5012557459007623
1450;1724.5;0.5007585321778015
1451;1725;0.5002175488498527
1452;1725.5;0.4996436326798346
1453;1726;0.49904762293066673
1454;1726.5;0.49844035916526847
1455;1727;0.4978326806465591
1456;1727.5;0.4972354266374581
1457;1728;0.4966594367008847
1458;1728.5;0.4961155500997581
1459;1729;0.4956071924474693
1460;1729.5;0.49509445097974625
1461;1730;0.4945753294428964
1462;1730.5;0.49405848038533123
1463;1731;0.4935525823554621
1464;1731.5;0.49306631410170054
1465;1732;0.49260835417245785
1466;1732.5;0.4921873811161457
1467;1733;0.4918120736811753
1468;1733.5;0.49149111041595817
1469;1734;0.49123006847906875
1470;1734.5;0.4910030476746621
1471;1735;0.49080457154436025
1472;1735.5;0.490638255898205
1473;1736;0.4905077510462378
1474;1736.5;0.49041670739850024
1475;1737;0.4903687751650339
1476;1737.5;0.4903676047558803
1477;1738;0.4904168465810811
1478;1738.5;0.4905201509506778
1479;1739;0.49068114386380496
1480;1739.5;0.49090002144849965
1481;1740;0.49117036809958164
1482;1740.5;0.49148419375718333
1483;1741;0.4918334361614375
1484;1741.5;0.49221003255247614
1485;1742;0.49260592027043204
1486;1742.5;0.4930130370554375
1487;1743;0.4934233199476248
1488;1743.5;0.49382870668712664
1489;1744;0.49422215432851246
1490;1744.5;0.4946380822083647
1491;1745;0.49508908653228334
1492;1745.5;0.4955632729247269
1493;1746;0.496048573710154
1494;1746.5;0.4965329209130232
1495;1747;0.497004246557793
1496;1747.5;0.4974504827689222
1497;1748;0.49785956157086914
1498;1748.5;0.4982194149880925
1499;1749;0.49851805549482064
1500;1749.5;0.4987596434288529
1501;1750;0.49895539928497035
1502;1750.5;0.49910675692316975
1503;1751;0.49921469840344795
1504;1751.5;0.4992802058858018
1505;1752;0.4993042614302278
1506;1752.5;0.499287847196723
1507;1753;0.499231945345284
1508;1753.5;0.49913753803590755
1509;1754;0.4990056073285906
1510;1754.5;0.49881760283850074
1511;1755;0.49856041899767567
1512;1755.5;0.4982424432623017
1513;1756;0.4978717460498263
1514;1756.5;0.49745639827769705
1515;1757;0.4970044702633613
1516;1757.5;0.49652403282426666
1517;1758;0.49602315637786065
1518;1758.5;0.49550991174159076
1519;1759;0.4949923694329045
1520;1759.5;0.49445695792088723
1521;1760;0.49388007138724516
1522;1760.5;0.4932674448812236
1523;1761;0.49262523006076153
1524;1761.5;0.4919595783837981
1525;1762;0.49127664150827205
1526;1762.5;0.4905825708921226
1527;1763;0.48988351819328857
1528;1763.5;0.48918563496970896
1529;1764;0.4884950726793228
1530;1764.5;0.48780491680877036
1531;1765;0.4870975274885647
1532;1765.5;0.48637742478911716
1533;1766;0.48564928990599626
1534;1766.5;0.48491780393477024
1535;1767;0.4841876479710076
1536;1767.5;0.4834635033102767
1537;1768;0.4827500509481458
1538;1768.5;0.48205197208018385
1539;1769;0.4813739478019586
1540;1769.5;0.4807111721162681
1541;1770;0.48004495931452495
1542;1770.5;0.47937834006264
1543;1771;0.47871608538281085
1544;1771.5;0.478062966597235
1545;1772;0.47742375482811
1546;1772.5;0.4768032211976333
1547;1773;0.4762061369280025
1548;1773.5;0.47563727324141514
1549;1774;0.4751014013600686
1550;1774.5;0.4745950537134167
1551;1775;0.4740945242034515
1552;1775.5;0.4735993922242446
1553;1776;0.4731141092013383
1554;1776.5;0.47264312686027454
1555;1777;0.4721908967265954
1556;1777.5;0.4717618704258434
1557;1778;0.47136049958356024
1558;1778.5;0.4709912358252885
1559;1779;0.47065853067656993
1560;1779.5;0.4703605084443975
1561;1780;0.47007568633020247
1562;1780.5;0.46980104480657625
1563;1781;0.4695374584888315
1564;1781.5;0.469285801692281
1565;1782;0.4690469491322375
1566;1782.5;0.4688217750240137
1567;1783;0.46861115398292236
1568;1783.5;0.4684159605242762
1569;1784;0.468237069063388
1570;1784.5;0.46807320399890495
1571;1785;0.46791554950440395
1572;1785.5;0.46776293338226616
1573;1786;0.4676144845576552
1574;1786.5;0.4674693287557341
1575;1787;0.4673265919016661
1576;1787.5;0.46718539962061456
1577;1788;0.4670448777377428
1578;1788.5;0.4669041521782139
1579;1789;0.46676234856719123
1580;1789.5;0.4666191636049709
1581;1790;0.46647704501092796
1582;1790.5;0.4663361280149606
1583;1791;0.4661961591089815
1584;1791.5;0.4660568857849031
1585;1792;0.465918055934638
1586;1792.5;0.4657794172500985
1587;1793;0.46564071722319705
1588;1793.5;0.4655017038458464
1589;1794;0.4653621246099586
1590;1794.5;0.46522135971911627
1591;1795;0.46507715096265245
1592;1795.5;0.46493002127734984
1593;1796;0.4647812851727287
1594;1796.5;0.4646322615583095
1595;1797;0.46448426954361227
1596;1797.5;0.4643386281381575
1597;1798;0.46419665635146534
1598;1798.5;0.4640596731930563
1599;1799;0.4639289976724504
1600;1799.5;0.46380574403790087
1601;1800;0.4636883180617568
1602;1800.5;0.4635744933148704
1603;1801;0.4634640265042136
1604;1801.5;0.46335673503675856
1605;1802;0.4632524359194772
1606;1802.5;0.4631509464593414
1607;1803;0.46305208376332335
1608;1803.5;0.462955664938395
1609;1804;0.4628615071915284
1610;1804.5;0.4627698681176321
1611;1805;0.46268454081967325
1612;1805.5;0.46260581945205576
1613;1806;0.4625317977936486
1614;1806.5;0.4624605258233216
1615;1807;0.46239005331994365
1616;1807.5;0.46231843026238406
1617;1808;0.4622437064295122
1618;1808.5;0.46216393180019744
1619;1809;0.4620771561533089
1620;1809.5;0.4619813421315885
1621;1810;0.46187545502273625
1622;1810.5;0.4617629615401716
1623;1811;0.46164531536203235
1624;1811.5;0.46152380256645653
1625;1812;0.461399709131582
1626;1812.5;0.4612743209355468
1627;1813;0.4611489240564889
1628;1813.5;0.461024804472546
1629;1814;0.4609032480618562
1630;1814.5;0.4607850584420722
1631;1815;0.460666376576777
1632;1815.5;0.46054724002837527
1633;1816;0.46042833805854066
1634;1816.5;0.4603103120289469
1635;1817;0.4601938035012677
1636;1817.5;0.4600794540371768
1637;1818;0.4599679049983479
1638;1818.5;0.45985979794645476
1639;1819;0.45975577444317084
1640;1819.5;0.4596560478880777
1641;1820;0.45955438774925883
1642;1820.5;0.45944515014747384
1643;1821;0.4593305175444269
1644;1821.5;0.45921316320182165
1645;1822;0.45909576018136217
1646;1822.5;0.4589809817447522
1647;1823;0.45887150115369557
1648;1823.5;0.45876999136989616
1649;1824;0.45867912575505787
1650;1824.5;0.4586013042252173
1651;1825;0.4585338271461457
1652;1825.5;0.45847079476603037
1653;1826;0.458411221719913
1654;1826.5;0.4583545596428353
1655;1827;0.45830026046983896
1656;1827.5;0.45824777593596544
1657;1828;0.4581965579762565
1658;1828.5;0.4581460581257539
1659;1829;0.45809572841949925
1660;1829.5;0.4580452079772937
1661;1830;0.4579967893730161
1662;1830.5;0.4579520759024369
1663;1831;0.45791006978113397
1664;1831.5;0.4578695985246852
1665;1832;0.4578294895486681
1666;1832.5;0.4577885705686608
1667;1833;0.4577456688002407
1668;1833.5;0.4576996118589859
1669;1834;0.45764922726047386
1670;1834.5;0.45759337366854125
1671;1835;0.4575296010620531
1672;1835.5;0.45745175940277827
1673;1836;0.45736203311958146
1674;1836.5;0.4572633902413277
1675;1837;0.4571587989968816
1676;1837.5;0.4570512277151081
1677;1838;0.45694364452487185
1678;1838.5;0.45683901755503786
1679;1839;0.4567403151344709
1680;1839.5;0.45665047396081454
1681;1840;0.4565697467846908
1682;1840.5;0.4564910822205978
1683;1841;0.45641317613213295
1684;1841.5;0.45633542558289364
1685;1842;0.4562572275364774
1686;1842.5;0.4561779788564815
1687;1843;0.45609707670650357
1688;1843.5;0.45601391785014095
1689;1844;0.45592789945099116
1690;1844.5;0.45583821998483504
1691;1845;0.4557425285283001
1692;1845.5;0.45564119632944183
1693;1846;0.45553545200634693
1694;1846.5;0.455426525077102
1695;1847;0.45531564485979426
1696;1847.5;0.45520404107251033
1697;1848;0.4550929431333371
1698;1848.5;0.45498358046036136
1699;1849;0.45487718277167
1700;1849.5;0.4547746796196005
1701;1850;0.4546748377971486
1702;1850.5;0.45457954544820334
1703;1851;0.45448811316960624
1704;1851.5;0.45439957335819925
1705;1852;0.45431295821082374
1706;1852.5;0.4542272999243214
1707;1853;0.4541416309955341
1708;1853.5;0.45405498352130336
1709;1854;0.4539663898984707
1710;1854.5;0.45387443204465205
1711;1855;0.4537737203404541
1712;1855.5;0.45366197491643645
1713;1856;0.45354258714586704
1714;1856.5;0.45341927000201476
1715;1857;0.4532957366581476
1716;1857.5;0.4531757000875344
1717;1858;0.4530628733634433
1718;1858.5;0.45296096975914313
1719;1859;0.4528737021479019
1720;1859.5;0.45280429754092344
1721;1860;0.4527497378425326
1722;1860.5;0.45270249189823686
1723;1861;0.4526617243965232
1724;1861.5;0.45262710762587827
1725;1862;0.4525983134747891
1726;1862.5;0.4525750140317425
1727;1863;0.4525568813852254
1728;1863.5;0.45254358762372443
1729;1864;0.45253480483572694
1730;1864.5;0.4525317407975544
1731;1865;0.4525432013891345
1732;1865.5;0.4525694933957933
1733;1866;0.45260852359154996
1734;1866.5;0.4526581570504239
1735;1867;0.452716258946434
1736;1867.5;0.45278069405359994
1737;1868;0.4528493275459405
1738;1868.5;0.4529200243974752
1739;1869;0.4529906496822232
1740;1869.5;0.4530641332377134
1741;1870;0.45316274437637105
1742;1870.5;0.45328456613875084
1743;1871;0.45342656212149
1744;1871.5;0.4535858099212263
1745;1872;0.4537593869345975
1746;1872.5;0.45394437075824073
1747;1873;0.4541378389887938
1748;1873.5;0.4543368692228942
1749;1874;0.45453853885717954
1750;1874.5;0.45474722129237344
1751;1875;0.45498993525179776
1752;1875.5;0.4552657058924362
1753;1876;0.4555711155826622
1754;1876.5;0.45590278279084995
1755;1877;0.45625732598537316
1756;1877.5;0.4566313637346056
1757;1878;0.4570215145069212
1758;1878.5;0.4574243968706936
1759;1879;0.45783662929429686
1760;1879.5;0.45826416853249546
1761;1880;0.45873390000773817
1762;1880.5;0.4592434420737491
1763;1881;0.4597885661348318
1764;1881.5;0.46036505459528965
1765;1882;0.4609686901594259
1766;1882.5;0.461595255331544
1767;1883;0.46224053271594717
1768;1883.5;0.46290030481693883
1769;1884;0.46357035433882265
1770;1884.5;0.4642563220261608
1771;1885;0.4649790166071194
1772;1885.5;0.465733804472855
1773;1886;0.4665148660387756
1774;1886.5;0.4673163840202895
1775;1887;0.46813254113280467
1776;1887.5;0.46895752009172914
1777;1888;0.4697855037124709
1778;1888.5;0.4706106746104382
1779;1889;0.4714272158010392
1780;1889.5;0.47223940905890255
1781;1890;0.4730627651931969
1782;1890.5;0.4738942247242589
1783;1891;0.47473045523501467
1784;1891.5;0.47556812510839064
1785;1892;0.47640390222731305
1786;1892.5;0.4772344546747078
1787;1893;0.4780564507335011
1788;1893.5;0.4788665583866195
1789;1894;0.4796614458169889
1790;1894.5;0.48044172981390976
1791;1895;0.4812131161764076
1792;1895.5;0.48197689336377464
1793;1896;0.4827338997208478
1794;1896.5;0.4834849732924635
1795;1897;0.4842309523234583
1796;1897.5;0.48497267505866876
1797;1898;0.48571097964293175
1798;1898.5;0.4864467042210836
1799;1899;0.48718068713796114
1800;1899.5;0.4879096867826368
1801;1900;0.488629671905043
1802;1900.5;0.4893421041701309
1803;1901;0.49004919200359714
1804;1901.5;0.49075314373113754
1805;1902;0.4914561675784489
1806;1902.5;0.49216047187122747
1807;1903;0.4928682650351696
1808;1903.5;0.4935817552959715
1809;1904;0.4943031348281659
1810;1904.5;0.4950316967957857
1811;1905;0.4957669122835783
1812;1905.5;0.49650827425749977
1813;1906;0.49725462598350634
1814;1906.5;0.49800481082755405
1815;1907;0.4987576721555992
1816;1907.5;0.4995120532335976
1817;1908;0.5002667975275059
1818;1908.5;0.5010207483032797
1819;1909;0.5017727779085142
1820;1909.5;0.5025225670974753
1821;1910;0.5032682691241199
1822;1910.5;0.5040103795259546
1823;1911;0.5047502360404866
1824;1911.5;0.5054891762052229
1825;1912;0.50622853775767
1826;1912.5;0.5069696582353354
1827;1913;0.5077138755757253
1828;1913.5;0.5084625271163473
1829;1914;0.5092169965198032
1830;1914.5;0.5099788758358501
1831;1915;0.5107435429509238
1832;1915.5;0.5115097749438462
1833;1916;0.5122778603934386
1834;1916.5;0.5130480877785224
1835;1917;0.5138207455779192
1836;1917.5;0.5145961222704505
1837;1918;0.5153745063349379
1838;1918.5;0.5161561862502025
1839;1919;0.5169418198799999
1840;1919.5;0.5177339424374006
1841;1920;0.5185307150358519
1842;1920.5;0.5193303551510459
1843;1921;0.5201312694586742
1844;1921.5;0.5209318650344291
1845;1922;0.5217305484540026
1846;1922.5;0.522525726593086
1847;1923;0.5233158064273719
1848;1923.5;0.524099194532552
1849;1924;0.5248756507635431
1850;1924.5;0.5256502832035459
1851;1925;0.526423218306715
1852;1925.5;0.5271932965523007
1853;1926;0.5279593007195531
1854;1926.5;0.5287200132877221
1855;1927;0.5294742169360581
1856;1927.5;0.530220694243811
1857;1928;0.530958227890231
1858;1928.5;0.5316856004545683
1859;1929;0.5324047391761668
1860;1929.5;0.5331224164471831
1861;1930;0.5338355219886555
1862;1930.5;0.5345414603800842
1863;1931;0.5352376979009689
1864;1931.5;0.5359217010308102
1865;1932;0.536590935949108
1866;1932.5;0.5372428692353625
1867;1933;0.5378749669690736
1868;1933.5;0.5384846956297418
1869;1934;0.5390782745086641
1870;1934.5;0.5396667980787925
1871;1935;0.5402451178860341
1872;1935.5;0.5408099433926449
1873;1936;0.5413580232608803
1874;1936.5;0.5418861056529967
1875;1937;0.5423909391312497
1876;1937.5;0.5428692719578951
1877;1938;0.5433178525951893
1878;1938.5;0.5437334295130587
1879;1939;0.5441342662493688
1880;1939.5;0.544536276163768
1881;1940;0.5449323439140745
1882;1940.5;0.5453157315581058
1883;1941;0.5456797015536801
1884;1941.5;0.5460175162586149
1885;1942;0.5463224379307284
1886;1942.5;0.5465877289278387
1887;1943;0.5468066518077634
1888;1943.5;0.5469732338732639
1889;1944;0.5471176777631597
1890;1944.5;0.5472557268134263
1891;1945;0.5473840444663942
1892;1945.5;0.5474993956643937
1893;1946;0.5475985451497551
1894;1946.5;0.5476782575648091
1895;1947;0.5477352978518859
1896;1947.5;0.5477664305533161
1897;1948;0.5477684206114295
1898;1948.5;0.5477386401179503
1899;1949;0.5476833163584303
1900;1949.5;0.5476051472933001
1901;1950;0.5475059855518571
1902;1950.5;0.5473883838633986
1903;1951;0.5472548946572224
1904;1951.5;0.5471080707626256
1905;1952;0.5469504647089057
1906;1952.5;0.5467846292253602
1907;1953;0.5466131168412863
1908;1953.5;0.5464343048166274
1909;1954;0.5462278670798872
1910;1954.5;0.5459940165782404
1911;1955;0.5457363758537805
1912;1955.5;0.5454585646486022
1913;1956;0.5451642021047988
1914;1956.5;0.5448569079644648
1915;1957;0.5445403015696939
1916;1957.5;0.5442180023625801
1917;1958;0.5438936298852177
1918;1958.5;0.5435651001012707
1919;1959;0.5432188855661366
1920;1959.5;0.5428563884140031
1921;1960;0.5424798688157824
1922;1960.5;0.5420915509423867
1923;1961;0.5416936585647277
1924;1961.5;0.5412884154537174
1925;1962;0.540878045580268
1926;1962.5;0.5404647728152913
1927;1963;0.5400508209296995
1928;1963.5;0.5396324579688125
1929;1964;0.5392001555911017
1930;1964.5;0.5387501828676245
1931;1965;0.5382866626234128
1932;1965.5;0.5378140044834981
1933;1966;0.5373366185729124
1934;1966.5;0.536858914716687
1935;1967;0.5363853027398541
1936;1967.5;0.5359201926674455
1937;1968;0.5354679490706428
1938;1968.5;0.5350277774424401
1939;1969;0.5345944329089016
1940;1969.5;0.5341637318914982
1941;1970;0.5337363828117005
1942;1970.5;0.5333131041909794
1943;1971;0.5328946141508059
1944;1971.5;0.5324816312126505
1945;1972;0.5320748734979839
1946;1972.5;0.5316750594282771
1947;1973;0.531282893351871
1948;1973.5;0.5308988220554591
1949;1974;0.5305227442781071
1950;1974.5;0.5301535880959747
1951;1975;0.5297901758852214
1952;1975.5;0.5294313301220068
1953;1976;0.5290758732824908
1954;1976.5;0.5287226277428332
1955;1977;0.5283704159791931
1956;1977.5;0.5280180603677305
1957;1978;0.5276630002905888
1958;1978.5;0.5272984632582232
1959;1979;0.5269267650984394
1960;1979.5;0.5265521023134104
1961;1980;0.5261786297053097
1962;1980.5;0.5258105016763108
1963;1981;0.5254518728285867
1964;1981.5;0.525106897764311
1965;1982;0.524779730885657
1966;1982.5;0.5244745268947979
1967;1983;0.52418857464137
1968;1983.5;0.5239105355220139
1969;1984;0.5236426328530207
1970;1984.5;0.5233869970658689
1971;1985;0.5231457604920365
1972;1985.5;0.5229210555630022
1973;1986;0.5227150145102444
1974;1986.5;0.5225297696652413
1975;1987;0.5223674535594715
1976;1987.5;0.5222301957003591
1977;1988;0.522111044188626
1978;1988.5;0.5220020482151115
1979;1989;0.5219042297140628
1980;1989.5;0.5218185013197267
1981;1990;0.5217457519663504
1982;1990.5;0.5216868705881805
1983;1991;0.5216427460194644
1984;1991.5;0.5216142673944487
1985;1992;0.5216023234473807
1986;1992.5;0.52160874891951
1987;1993;0.521651649080349
1988;1993.5;0.5217345271781721
1989;1994;0.5218525492949871
1990;1994.5;0.5220011928128013
1991;1995;0.5221759352136223
1992;1995.5;0.5223722538794571
1993;1996;0.5225856263923138
1994;1996.5;0.5228115301341993
1995;1997;0.5230454426871214
1996;1997.5;0.5232918079112273
1997;1998;0.5235927252414541
1998;1998.5;0.52394729632386
1999;1999;0.5243480882609795
2000;1999.5;0.5247877709553468
2001;2000;0.5252590146094963
2002;2000.5;0.5257544894259625
2003;2001;0.5262668652072797
2004;2001.5;0.5267888123559825
2005;2002;0.527313000774605
2006;2002.5;0.5278514747687554
2007;2003;0.5284358829898984
2008;2003.5;0.5290561629975391
2009;2004;0.5297015736828825
2010;2004.5;0.5303616092371335
2011;2005;0.531025763751497
2012;2005.5;0.5316835315171782
2013;2006;0.5323244065253819
2014;2006.5;0.5329378831673133
2015;2007;0.5335136015627938
2016;2007.5;0.5340713533490018
2017;2008;0.5346273099944172
2018;2008.5;0.5351769878337441
2019;2009;0.5357153962016853
2020;2009.5;0.5362375075329443
2021;2010;0.5367382938622247
2022;2010.5;0.5372127277242298
2023;2011;0.5376557812536626
2024;2011.5;0.5380624268852269
2025;2012;0.5384294750861655
2026;2012.5;0.5387741097247468
2027;2013;0.539100686402062
2028;2013.5;0.5394084740401401
2029;2014;0.5396989981610104
2030;2014.5;0.5399737859867016
2031;2015;0.5402343649392427
2032;2015.5;0.5404822623406629
2033;2016;0.5407190054129909
2034;2016.5;0.5409461216782561
2035;2017;0.541163303438813
2036;2017.5;0.5413669727329735
2037;2018;0.5415582785316383
2038;2018.5;0.5417399450286507
2039;2019;0.5419155774178546
2040;2019.5;0.5420887810930936
2041;2020;0.5422631613482111
2042;2020.5;0.5424423233770509
2043;2021;0.5426298726734566
2044;2021.5;0.542829414331272
2045;2022;0.5430407703575753
2046;2022.5;0.5432612199689917
2047;2023;0.5434894632494773
2048;2023.5;0.5437266597058115
2049;2024;0.543974402544773
2050;2024.5;0.5442342847731412
2051;2025;0.5445078991976949
2052;2025.5;0.5447968389252131
2053;2026;0.5451026970624749
2054;2026.5;0.5454294809247088
2055;2027;0.5458184473467945
2056;2027.5;0.5462781819586688
2057;2028;0.5467998298281802
2058;2028.5;0.5473758463231772
2059;2029;0.5479987370115085
2060;2029.5;0.5486610077610229
2061;2030;0.5493551642395689
2062;2030.5;0.550073712014995
2063;2031;0.55080915695515
2064;2031.5;0.5515701586650804
2065;2032;0.5524126024357061
2066;2032.5;0.5533362082796454
2067;2033;0.5543336560394913
2068;2033.5;0.555396584457837
2069;2034;0.5565166321772753
2070;2034.5;0.5576854379403997
2071;2035;0.5588946401898031
2072;2035.5;0.5601358778680783
2073;2036;0.5614007894178187
2074;2036.5;0.5627165728586803
2075;2037;0.5641132291882306
2076;2037.5;0.5655705602814238
2077;2038;0.5670743822312664
2078;2038.5;0.5686121336307641
2079;2039;0.570171253172923
2080;2039.5;0.5717391794507491
2081;2040;0.5733033511572485
2082;2040.5;0.5748512068854272
2083;2041;0.576375814440543
2084;2041.5;0.5779531487778266
2085;2042;0.5795928070520352
2086;2042.5;0.5812686838853998
2087;2043;0.5829527697001513
2088;2043.5;0.5846170192185207
2089;2044;0.5862333874627386
2090;2044.5;0.5877738291550362
2091;2045;0.5892102992176442
2092;2045.5;0.5905147523727937
2093;2046;0.5916886873492712
2094;2046.5;0.592809046468359
2095;2047;0.5938677784861722
2096;2047.5;0.5948510429195732
2097;2048;0.5957435512854244
2098;2048.5;0.5965300150005882
2099;2049;0.5971951458819269
2100;2049.5;0.5977236551463028
2101;2050;0.598100254610578
2102;2050.5;0.5983096444582812
2103;2051;0.5983111496123636
2104;2051.5;0.5980915105937813
2105;2052;0.5976700483402426
2106;2052.5;0.5970665675894551
2107;2053;0.5963014643791276
2108;2053.5;0.5953951344469677
2109;2054;0.5943679737306838
2110;2054.5;0.593240378167984
2111;2055;0.5920327435965766
2112;2055.5;0.5907457447607986
2113;2056;0.5892221890929644
2114;2056.5;0.587460231337902
2115;2057;0.5855067391163393
2116;2057.5;0.5834074255490039
2117;2058;0.5812079099566234
2118;2058.5;0.5789538118599256
2119;2059;0.5766907506796379
2120;2059.5;0.5744643459364882
2121;2060;0.5723202170512041
2122;2060.5;0.5702348234850362
2123;2061;0.5680913949853754
2124;2061.5;0.5659074314727521
2125;2062;0.5637056074080053
2126;2062.5;0.5615091291519743
2127;2063;0.5593412030654983
2128;2063.5;0.5572250358094164
2129;2064;0.5551838337445677
2130;2064.5;0.5532408034317913
2131;2065;0.5514169364256665
2132;2065.5;0.5496473486322206
2133;2066;0.5479040178113945
2134;2066.5;0.5462016493623713
2135;2067;0.5445557710843347
2136;2067.5;0.5429821508764683
2137;2068;0.5414965567379554
2138;2068.5;0.5401147562679796
2139;2069;0.5388525174657246
2140;2069.5;0.5377256082303736
2141;2070;0.5367228716455769
2142;2070.5;0.5357445161464909
2143;2071;0.5347894750604455
2144;2071.5;0.5338687016782991
2145;2072;0.5329952905909106
2146;2072.5;0.5321824093891383
2147;2073;0.531443225163841
2148;2073.5;0.5307909053058772
2149;2074;0.5302386171061058
2150;2074.5;0.529799519935483
2151;2075;0.5294159759489707
2152;2075.5;0.5290315384338631
2153;2076;0.5286564650850285
2154;2076.5;0.528299996197336
2155;2077;0.5279711600656538
2156;2077.5;0.5276789849848509
2157;2078;0.5274324990497957
2158;2078.5;0.5272407306553573
2159;2079;0.527112707896404
2160;2079.5;0.5270500392808695
2161;2080;0.5270018934676524
2162;2080.5;0.5269566883209041
2163;2081;0.5269126974250796
2164;2081.5;0.5268731297646335
2165;2082;0.5268417842240204
2166;2082.5;0.526822459587695
2167;2083;0.5268189547401121
2168;2083.5;0.5268350683657262
2169;2084;0.5268745994489918
2170;2084.5;0.5269390036535567
2171;2085;0.5270265368153557
2172;2085.5;0.5271322713002897
2173;2086;0.5272486673663757
2174;2086.5;0.5273738047716314
2175;2087;0.5275057754740742
2176;2087.5;0.5276426713317214
2177;2088;0.5277825840025903
2178;2088.5;0.5279236053446983
2179;2089;0.5280641120983262
2180;2089.5;0.5282067295915667
2181;2090;0.52835335937697
2182;2090.5;0.528505241453008
2183;2091;0.5286630454181521
2184;2091.5;0.5288272942708747
2185;2092;0.5289985107096473
2186;2092.5;0.5291772179329418
2187;2093;0.5293639388392298
2188;2093.5;0.5295591962269833
2189;2094;0.5297674357200226
2190;2094.5;0.5299953892061895
2191;2095;0.5302405549882304
2192;2095.5;0.530500999964649
2193;2096;0.5307744676339479
2194;2096.5;0.5310586822946303
2195;2097;0.531351368245199
2196;2097.5;0.5316502497841572
2197;2098;0.5319530513100079
2198;2098.5;0.5322581055827337
2199;2099;0.5325751780129018
2200;2099.5;0.5329081156206147
2201;2100;0.5332574480644009
2202;2100.5;0.5336223030027896
2203;2101;0.5340011239943088
2204;2101.5;0.5343923549974877
2205;2102;0.5347944396708552
2206;2102.5;0.5352058218729393
2207;2103;0.5356249454622691
2208;2103.5;0.5360549930804399
2209;2104;0.5365047996536946
2210;2104.5;0.5369693609458916
2211;2105;0.5374396609921559
2212;2105.5;0.5379150333276133
2213;2106;0.5383954611873887
2214;2106.5;0.5388809280066075
2215;2107;0.5393714171203949
2216;2107.5;0.5398669117638769
2217;2108;0.5403678600047291
2218;2108.5;0.5408846720023437
2219;2109;0.54142282495059
2220;2109.5;0.5419787154415381
2221;2110;0.5425484086672576
2222;2110.5;0.5431306983198183
2223;2111;0.5437243778912906
2224;2111.5;0.5443282410737439
2225;2112;0.5449410812592481
2226;2112.5;0.5455616921398729
2227;2113;0.5461924362238271
2228;2113.5;0.5468396152826946
2229;2114;0.5475009470828505
2230;2114.5;0.5481747949332938
2231;2115;0.5488583767430224
2232;2115.5;0.5495487483210351
2233;2116;0.5502429657763303
2234;2116.5;0.5509380849179063
2235;2117;0.5516311618547618
2236;2117.5;0.5523203116484305
2237;2118;0.5530206191341448
2238;2118.5;0.5537332219528712
2239;2119;0.5544510033270624
2240;2119.5;0.5551678141791714
2241;2120;0.5558787260316509
2242;2120.5;0.5565788101069536
2243;2121;0.5572631379275327
2244;2121.5;0.5579267809158407
2245;2122;0.5585648104943306
2246;2122.5;0.5591819155358122
2247;2123;0.559793979810817
2248;2123.5;0.5603994822151372
2249;2124;0.5609946599243184
2250;2124.5;0.5615762897139058
2251;2125;0.5621413268594453
2252;2125.5;0.5626867266364819
2253;2126;0.5632094441205613
2254;2126.5;0.5637064344872289
2255;2127;0.5641763964226973
2256;2127.5;0.5646361822622714
2257;2128;0.5650874526672107
2258;2128.5;0.5655268234944261
2259;2129;0.5659511043008281
2260;2129.5;0.5663564586433278
2261;2130;0.5667390498788356
2262;2130.5;0.5670950417642626
2263;2131;0.5674205975565194
2264;2131.5;0.567711880912517
2265;2132;0.5679743263118175
2266;2132.5;0.5682207990802626
2267;2133;0.5684535493569126
2268;2133.5;0.5686749723973621
2269;2134;0.5688871179572057
2270;2134.5;0.5690919815920376
2271;2135;0.5692915587574524
2272;2135.5;0.5694878451090446
2273;2136;0.5696828362024087
2274;2136.5;0.5698774565787839
2275;2137;0.5700663019921373
2276;2137.5;0.570249317259038
2277;2138;0.5704268326211205
2278;2138.5;0.570599892320019
2279;2139;0.570770556797368
2280;2139.5;0.5709408863948016
2281;2140;0.5711129413539546
2282;2140.5;0.5712887819164614
2283;2141;0.5714704514319918
2284;2141.5;0.5716535999753006
2285;2142;0.571836222357286
2286;2142.5;0.5720218934740895
2287;2143;0.5722131792218519
2288;2143.5;0.5724125481967145
2289;2144;0.5726225142948186
2290;2144.5;0.5728455912123052
2291;2145;0.5730842926453156
2292;2145.5;0.573341132289991
2293;2146;0.5736243260383416
2294;2146.5;0.5739525751262468
2295;2147;0.5743216134133864
2296;2147.5;0.5747271210538265
2297;2148;0.5751640305016336
2298;2148.5;0.5756259532108737
2299;2149;0.5761065004356135
2300;2149.5;0.576599283329919
2301;2150;0.5770979131478567
2302;2150.5;0.5775970853633015
2303;2151;0.5781158383671658
2304;2151.5;0.5786606092021611
2305;2152;0.579225741134001
2306;2152.5;0.5798023544283997
2307;2153;0.5803900544510713
2308;2153.5;0.5809890971677296
2309;2154;0.5815997382440885
2310;2154.5;0.5822222336458625
2311;2155;0.582856839038765
2312;2155.5;0.5835138337892655
2313;2156;0.5842088717949911
2314;2156.5;0.5849399113397329
2315;2157;0.5857010762615124
2316;2157.5;0.5864842018983508
2317;2158;0.5872816206882698
2318;2158.5;0.5880856652692905
2319;2159;0.5888886681794345
2320;2159.5;0.5896829618567232
2321;2160;0.5904636231220763
2322;2160.5;0.5912416897389839
2323;2161;0.5920159505634903
2324;2161.5;0.5927830500698991
2325;2162;0.5935427537325145
2326;2162.5;0.5942951941256404
2327;2163;0.5950404805235802
2328;2163.5;0.5957787226006379
2329;2164;0.5965100296311178
2330;2164.5;0.5972346122048925
2331;2165;0.5979603314930036
2332;2165.5;0.5986918757178757
2333;2166;0.5994289864491289
2334;2166.5;0.6001702962563831
2335;2167;0.6009118343092584
2336;2167.5;0.6016493233773751
2337;2168;0.602378486030353
2338;2168.5;0.6030950450378123
2339;2169;0.6037947229693731
2340;2169.5;0.604478285019499
2341;2170;0.6051523785885037
2342;2170.5;0.6058125285585222
2343;2171;0.606455972646023
2344;2171.5;0.6070817757674748
2345;2172;0.6076874273393459
2346;2172.5;0.6082704146781047
2347;2173;0.6088282253002197
2348;2173.5;0.6093583465221596
2349;2174;0.6098601645222185
2350;2174.5;0.6103461286359545
2351;2175;0.6108178226647395
2352;2175.5;0.6112726468410639
2353;2176;0.6117044399974167
2354;2176.5;0.6121125936662886
2355;2177;0.6124971984801693
2356;2177.5;0.6128583453715486
2357;2178;0.6131961249729163
2358;2178.5;0.6135108859702143
2359;2179;0.6138238513607372
2360;2179.5;0.6141438738698497
2361;2180;0.6144643261492405
2362;2180.5;0.6147743645505989
2363;2181;0.615063905225614
2364;2181.5;0.6153246015259752
2365;2182;0.6155481069033715
2366;2182.5;0.615726074609492
2367;2183;0.6158501581960261
2368;2183.5;0.615934562882851
2369;2184;0.6160175165985613
2370;2184.5;0.6160940832205265
2371;2185;0.6161579561215348
2372;2185.5;0.6162027903743746
2373;2186;0.6162224525518349
2374;2186.5;0.6162108139267037
2375;2187;0.6161617458717699
2376;2187.5;0.6160691197598217
2377;2188;0.615931758317526
2378;2188.5;0.6157751125411688
2379;2189;0.6156050918304675
2380;2189.5;0.6154231923830172
2381;2190;0.615230243396413
2382;2190.5;0.61502789296825
2383;2191;0.6148179642961229
2384;2191.5;0.6146022807776271
2385;2192;0.6143826655103576
2386;2192.5;0.6141605560290202
2387;2193;0.613927927832859
2388;2193.5;0.6136837389981246
2389;2194;0.6134317722631613
2390;2194.5;0.6131770477663133
2391;2195;0.6129230972459253
2392;2195.5;0.6126722739403413
2393;2196;0.6124269309879058
2394;2196.5;0.6121894216269629
2395;2197;0.6119620989958567
2396;2197.5;0.6117479892652308
2397;2198;0.6115452276663476
2398;2198.5;0.6113482593343427
2399;2199;0.6111504703430238
2400;2199.5;0.6109459197661986
2401;2200;0.6107325397776744
2402;2200.5;0.610508369251259
2403;2201;0.61027144766076
2404;2201.5;0.6100198139799851
2405;2202;0.6097513599858273
2406;2202.5;0.609467416088518
2407;2203;0.6091736698877556
2408;2203.5;0.6088747403938465
2409;2204;0.6085672996170969
2410;2204.5;0.6082538334678125
2411;2205;0.6079383851562999
2412;2205.5;0.607624997892865
2413;2206;0.607317714987814
2414;2206.5;0.607019392177128
2415;2207;0.6067236148148274
2416;2207.5;0.606428235989903
2417;2208;0.6061326892236971
2418;2208.5;0.6058364370375519
2419;2209;0.6055368637528096
2420;2209.5;0.6052306588908125
2421;2210;0.6049145120729029
2422;2210.5;0.604585112720423
2423;2211;0.6042383876848094
2424;2211.5;0.6038516458457719
2425;2212;0.603420881276186
2426;2212.5;0.6029532594115027
2427;2213;0.6024562261871726
2428;2213.5;0.6019399837386465
2429;2214;0.6014161477013752
2430;2214.5;0.6008963414108092
2431;2215;0.6003921881023991
2432;2215.5;0.5999153111115959
2433;2216;0.599450382123319
2434;2216.5;0.5989805294982486
2435;2217;0.5985156128627616
2436;2217.5;0.5980656348605236
2437;2218;0.5976389161352005
2438;2218.5;0.5972402302304582
2439;2219;0.5968741055899627
2440;2219.5;0.5965450711573794
2441;2220;0.5962576554763741
2442;2220.5;0.5960041887621828
2443;2221;0.5957590608308608
2444;2221.5;0.5955181604650196
2445;2222;0.595277852741966
2446;2222.5;0.5950320192390075
2447;2223;0.5947830515334508
2448;2223.5;0.5945357784026032
2449;2224;0.5942950286237718
2450;2224.5;0.5940656308742638
2451;2225;0.5938500912666935
2452;2225.5;0.5936448327052919
2453;2226;0.5934563376902967
2454;2226.5;0.5932922052665951
2455;2227;0.5931585530790748
2456;2227.5;0.5930537950726233
2457;2228;0.5929740846921281
2458;2228.5;0.5929155752824766
2459;2229;0.5928744199885565
2460;2229.5;0.5928453440618895
2461;2230;0.5928123591978428
2462;2230.5;0.5927685509114049
2463;2231;0.5927096973098124
2464;2231.5;0.5926389450003018
2465;2232;0.5925718936901102
2466;2232.5;0.5925124950864742
2467;2233;0.5924642395966304
2468;2233.5;0.5924306177278156
2469;2234;0.5924159133538405
2470;2234.5;0.5924381004115646
2471;2235;0.5924995585933323
2472;2235.5;0.592595149759858
2473;2236;0.5927185981718575
2474;2236.5;0.592859066590046
2475;2237;0.5930102210751385
2476;2237.5;0.59316643908785
2477;2238;0.5933220982888964
2478;2238.5;0.593471846948937
2479;2239;0.5936403533127022
2480;2239.5;0.5938460791605299
2481;2240;0.5940884005669191
2482;2240.5;0.5943673080063685
2483;2241;0.5946888105533763
2484;2241.5;0.5950505584824415
2485;2242;0.5954474197680625
2486;2242.5;0.5958742618847379
2487;2243;0.5963259528069668
2488;2243.5;0.5968418283595057
2489;2244;0.5974563938978916
2490;2244.5;0.5981478235609284
2491;2245;0.5988943480143561
2492;2245.5;0.5996831857239153
2493;2246;0.6005001384553463
2494;2246.5;0.601325973574389
2495;2247;0.6021414581467843
2496;2247.5;0.602927359638272
2497;2248;0.6036894257275749
2498;2248.5;0.6044621600627218
2499;2249;0.6052439252313564
2500;2249.5;0.6060323067956978
2501;2250;0.6068216347179654

