Sample name;1715-DVF4436C3101
Subsample name;子样品1
Subsample status;Finished
Operating procedure;OP:PA6采谱
Determination start;2026-05-25 06:24:31Z

MEAS SPEC;记录光谱 1;Met：PA6采谱  1
MP list
#;Wavelength / nm;Absorbance / AU
1;1000;0.34672432976002526
2;1000.5;0.34672664760662053
3;1001;0.34670802264306944
4;1001.5;0.34667632933259196
5;1002;0.34663686943317895
6;1002.5;0.3465949445028212
7;1003;0.3465558562995093
8;1003.5;0.34652490658123425
9;1004;0.3465073969059865
10;1004.5;0.34650862893175705
11;1005;0.3465339045165366
12;1005.5;0.346586110078483
13;1006;0.3466578969658446
14;1006.5;0.34674445466762627
15;1007;0.34684184824367603
16;1007.5;0.34694614305384197
17;1008;0.3470534043579723
18;1008.5;0.3471596972159148
19;1009;0.34726108708751774
20;1009.5;0.3473536392326292
21;1010;0.3474334191844196
22;1010.5;0.3475026974649507
23;1011;0.34757424911249085
24;1011.5;0.3476477531634822
25;1012;0.34772165585436693
26;1012.5;0.34779440342158746
27;1013;0.3478644420015855
28;1013.5;0.3479302177308036
29;1014;0.3479901768456838
30;1014.5;0.3480427655826682
31;1015;0.34808668257270114
32;1015.5;0.34812738162214507
33;1016;0.348161142563688
34;1016.5;0.3481888506037129
35;1017;0.3482118342486025
36;1017.5;0.3482314219047398
37;1018;0.34824894207850765
38;1018.5;0.34826572317628895
39;1019;0.3482830937044666
40;1019.5;0.34830238206942343
41;1020;0.3483250022214935
42;1020.5;0.3483515333111014
43;1021;0.34837944696462336
44;1021.5;0.34840935759805713
45;1022;0.3484419345274005
46;1022.5;0.3484778469686515
47;1023;0.3485177643378077
48;1023.5;0.3485623560508671
49;1024;0.34861229122382753
50;1024.5;0.3486682393726868
51;1025;0.3487296300009469
52;1025.5;0.3487949825468916
53;1026;0.34886824879053663
54;1026.5;0.34894725530245735
55;1027;0.34902982895322904
56;1027.5;0.3491137962134271
57;1028;0.34919698385362696
58;1028.5;0.3492772184444041
59;1029;0.34935232675633376
60;1029.5;0.34942013535999134
61;1030;0.3494806441652939
62;1030.5;0.34953940077860235
63;1031;0.3495963102814712
64;1031.5;0.3496518208228777
65;1032;0.34970638085179917
66;1032.5;0.3497604387172132
67;1033;0.3498144427680968
68;1033.5;0.34986884145342756
69;1034;0.34992408292218274
70;1034.5;0.3499806156233397
71;1035;0.35004452282654086
72;1035.5;0.35012353948032127
73;1036;0.350211346410707
74;1036.5;0.35030357619973795
75;1037;0.35039586102945386
76;1037.5;0.3504838334818946
77;1038;0.35056312583910015
78;1038.5;0.3506293706831102
79;1039;0.3506782002959645
80;1039.5;0.3507052472597031
81;1040;0.3507111926741464
82;1040.5;0.35070675701529097
83;1041;0.35069507074579453
84;1041.5;0.3506782206392782
85;1042;0.350658293269363
86;1042.5;0.3506373754096696
87;1043;0.3506175534338193
88;1043.5;0.3506009142154328
89;1044;0.3505895443281314
90;1044.5;0.3505855304455356
91;1045;0.3505849737732821
92;1045.5;0.3505913321003694
93;1046;0.3506063013240593
94;1046.5;0.35062869116838635
95;1047;0.3506573111573853
96;1047.5;0.3506909709150907
97;1048;0.35072847996553713
98;1048.5;0.3507686479327592
99;1049;0.3508102845407915
100;1049.5;0.35085218970339427
101;1050;0.350891163953513
102;1050.5;0.3509348574532004
103;1051;0.350983462339428
104;1051.5;0.35103485764916703
105;1052;0.35108692261938906
106;1052.5;0.35113753628706557
107;1053;0.35118457798916775
108;1053.5;0.3512259266626672
109;1054;0.3512594614445353
110;1054.5;0.3512831334884042
111;1055;0.35129952784147106
112;1055.5;0.35131333970461787
113;1056;0.35132528094464693
114;1056.5;0.3513356704283601
115;1057;0.3513448271225599
116;1057.5;0.3513530698940482
117;1058;0.3513607176096273
118;1058.5;0.3513680891360994
119;1059;0.35137550354026664
120;1059.5;0.35138337918734425
121;1060;0.3513950089042964
122;1060.5;0.35141220863915434
123;1061;0.3514337055646819
124;1061.5;0.35145810835364305
125;1062;0.35148402557880176
126;1062.5;0.3515100660129218
127;1063;0.3515348383287672
128;1063.5;0.351556951099102
129;1064;0.35157501299669003
130;1064.5;0.3515875106416238
131;1065;0.3515913213737379
132;1065.5;0.3515861980362557
133;1066;0.35157392980743607
134;1066.5;0.35155633996553803
135;1067;0.3515352515888203
136;1067.5;0.3515124880555419
137;1068;0.35148987244396157
138;1068.5;0.3514692282323383
139;1069;0.35145237839893084
140;1069.5;0.3514414409870866
141;1070;0.3514385112701819
142;1070.5;0.35143894210108095
143;1071;0.3514418037822341
144;1071.5;0.3514464046160918
145;1072;0.35145205300510407
146;1072.5;0.35145805755172155
147;1073;0.35146372665839454
148;1073.5;0.3514683687275733
149;1074;0.35147129226170815
150;1074.5;0.3514726037525061
151;1075;0.3514759245024134
152;1075.5;0.3514789842238912
153;1076;0.35148176924178587
154;1076.5;0.351484374480944
155;1077;0.3514868950662121
156;1077.5;0.35148942602243693
157;1078;0.35149206227446483
158;1078.5;0.35149489894714236
159;1079;0.3514980309653162
160;1079.5;0.351501719671332
161;1080;0.3515059052842868
162;1080.5;0.35150858128221285
163;1081;0.351510216309209
164;1081.5;0.3515113402093738
165;1082;0.3515124831268063
166;1082.5;0.35151417490560505
167;1083;0.351516945389869
168;1083.5;0.35152132462369684
169;1084;0.35152784255118746
170;1084.5;0.35153649019325334
171;1085;0.35154579184275836
172;1085.5;0.35155663234913087
173;1086;0.3515689693664589
174;1086.5;0.3515827434488308
175;1087;0.3515978952503344
176;1087.5;0.3516143652250581
177;1088;0.35163209392708994
178;1088.5;0.351651022010518
179;1089;0.35167109002943053
180;1089.5;0.35169421433652914
181;1090;0.3517265381099919
182;1090.5;0.35176619458836644
183;1091;0.3518116333610283
184;1091.5;0.35186131211735294
185;1092;0.35191368864671585
186;1092.5;0.3519672209384925
187;1093;0.3520203665820584
188;1093.5;0.35207158366678903
189;1094;0.3521193298820598
190;1094.5;0.35216467584625366
191;1095;0.35221499950747276
192;1095.5;0.35226921676511214
193;1096;0.3523258026421049
194;1096.5;0.352383234461384
195;1097;0.3524399894458825
196;1097.5;0.35249454521853363
197;1098;0.35254537880227016
198;1098.5;0.3525909678200254
199;1099;0.35262978939473233
200;1099.5;0.352662058801814
201;1100;0.35269268379239793
202;1100.5;0.3527223521007711
203;1101;0.3527507390825112
204;1101.5;0.35277751819319586
205;1102;0.35280236258840275
206;1102.5;0.3528249456237095
207;1103;0.3528449406546937
208;1103.5;0.35286202083693297
209;1104;0.3528758595260052
210;1104.5;0.35288632671330217
211;1105;0.35289440679861617
212;1105.5;0.3529009740359543
213;1106;0.3529063684667554
214;1106.5;0.3529109291324582
215;1107;0.3529149950745016
216;1107.5;0.35291890533432424
217;1108;0.35292299905336505
218;1108.5;0.35292761527306277
219;1109;0.3529330929348561
220;1109.5;0.3529397377825064
221;1110;0.35294805409992813
222;1110.5;0.3529584304423906
223;1111;0.3529706632082708
224;1111.5;0.3529845479959457
225;1112;0.3529998804037921
226;1112.5;0.35301645573018703
227;1113;0.35303406977350743
228;1113.5;0.35305251783213015
229;1114;0.35307159550443223
230;1114.5;0.353095570553644
231;1115;0.3531331136686682
232;1115.5;0.35318104155486035
233;1116;0.3532373758922798
234;1116.5;0.35330014136098586
235;1117;0.353367362841038
236;1117.5;0.3534370650124953
237;1118;0.35350727265541726
238;1118.5;0.353576010449863
239;1119;0.35364130317589215
240;1119.5;0.3537045808016187
241;1120;0.3537717497779103
242;1120.5;0.3538408731026993
243;1121;0.35391151702865625
244;1121.5;0.35398325270845143
245;1122;0.3540556511947552
246;1122.5;0.3541282836402379
247;1123;0.3542007210975699
248;1123.5;0.35427253471942166
249;1124;0.35434329575846335
250;1124.5;0.35441420099068904
251;1125;0.3544862311953346
252;1125.5;0.35455636585406314
253;1126;0.35462517795408866
254;1126.5;0.35469325408262575
255;1127;0.3547611808268887
256;1127.5;0.3548295447740919
257;1128;0.3548989325114496
258;1128.5;0.35496993052617615
259;1129;0.35504312550548606
260;1129.5;0.35511976204327345
261;1130;0.35520002456903177
262;1130.5;0.35528092686421237
263;1131;0.3553624972560213
264;1131.5;0.35544478557166465
265;1132;0.3555278414383485
266;1132.5;0.35561171438327877
267;1133;0.3556964542336616
268;1133.5;0.35578211071670296
269;1134;0.35586873335960895
270;1134.5;0.3559548563332277
271;1135;0.356037229190947
272;1135.5;0.35611732736777907
273;1136;0.35619641342270714
274;1136.5;0.35627574411471424
275;1137;0.35635657680278354
276;1137.5;0.35644016844589804
277;1138;0.356527776103041
278;1138.5;0.35662065683319544
279;1139;0.3567200677953446
280;1139.5;0.356827696755943
281;1140;0.3569475411056403
282;1140.5;0.3570820308353297
283;1141;0.3572286678403306
284;1141.5;0.3573848838159621
285;1142;0.35754811085754346
286;1142.5;0.3577157809603938
287;1143;0.3578853260198324
288;1143.5;0.35805417813117857
289;1144;0.3582197689897514
290;1144.5;0.35838160323090806
291;1145;0.3585452397236654
292;1145.5;0.35871288508212273
293;1146;0.3588846419114814
294;1146.5;0.35906056071694303
295;1147;0.3592406919037091
296;1147.5;0.3594250860769814
297;1148;0.3596137935419612
298;1148.5;0.3598068650038501
299;1149;0.3600043507678497
300;1149.5;0.36020930837166415
301;1150;0.360429846114115
302;1150.5;0.3606615084046202
303;1151;0.3609017148076271
304;1151.5;0.3611479847875834
305;1152;0.36139783800893654
306;1152.5;0.36164879403613426
307;1153;0.3618983724336239
308;1153.5;0.3621440926658529
309;1154;0.36238347439726903
310;1154.5;0.36261699275520637
311;1155;0.36285375070588766
312;1155.5;0.3630912785356658
313;1156;0.36332861339598366
314;1156.5;0.3635649371382841
315;1157;0.3637994316140103
316;1157.5;0.36403127877460506
317;1158;0.3642596604715113
318;1158.5;0.36448375865617233
319;1159;0.3647027551800307
320;1159.5;0.3649161727233225
321;1160;0.36512630263837226
322;1160.5;0.3653359063374696
323;1161;0.36554561167867045
324;1161.5;0.3657559234200308
325;1162;0.3659673465196066
326;1162.5;0.36618038583545376
327;1163;0.3663955463256282
328;1163.5;0.36661333264818596
329;1164;0.36683424986118296
330;1164.5;0.3670573157239668
331;1165;0.3672771537567419
332;1165.5;0.3675011025299216
333;1166;0.3677298389336344
334;1166.5;0.3679632719580087
335;1167;0.36820131109317294
336;1167.5;0.36844386542925556
337;1168;0.36869084405638475
338;1168.5;0.36894215636468913
339;1169;0.36919771144429714
340;1169.5;0.36945810692242687
341;1170;0.36972861195601003
342;1170.5;0.3700159468618463
343;1171;0.3703190321762987
344;1171.5;0.37063575143573046
345;1172;0.37096398807650505
346;1172.5;0.3713016255349853
347;1173;0.3716465473475349
348;1173.5;0.3719966368505168
349;1174;0.3723497775802943
350;1174.5;0.3727052686190637
351;1175;0.37307377210061154
352;1175.5;0.37345655024907093
353;1176;0.3738514206003051
354;1176.5;0.3742560877901775
355;1177;0.37466825625455147
356;1177.5;0.37508563072929024
357;1178;0.37550591555025725
358;1178.5;0.37592681545331585
359;1179;0.3763460349743294
360;1179.5;0.37676226323830553
361;1180;0.3771858331622488
362;1180.5;0.3776180799057829
363;1181;0.3780565097948904
364;1181.5;0.3784986916555539
365;1182;0.37894219421375636
366;1182.5;0.37938458619548
367;1183;0.37982343632670795
368;1183.5;0.38025631323342257
369;1184;0.38068078574160663
370;1184.5;0.3810948020759744
371;1185;0.38150393919023207
372;1185.5;0.38191247862345284
373;1186;0.3823198518399246
374;1186.5;0.3827247201039349
375;1187;0.38312574477977135
376;1187.5;0.38352158733172165
377;1188;0.3839109091240734
378;1188.5;0.38429237142111405
379;1189;0.38466463578713156
380;1189.5;0.3850264208360067
381;1190;0.385378826408062
382;1190.5;0.3857253995919266
383;1191;0.38606702887625116
384;1191.5;0.38640352284968676
385;1192;0.3867346900008841
386;1192.5;0.3870603388184941
387;1193;0.38738027799116764
388;1193.5;0.38769431610755556
389;1194;0.3880022614563087
390;1194.5;0.3883039998372128
391;1195;0.38860551176335945
392;1195.5;0.38890268718864784
393;1196;0.3891901609023022
394;1196.5;0.3894654991935463
395;1197;0.3897262683516043
396;1197.5;0.3899700343657003
397;1198;0.3901943636250583
398;1198.5;0.3903968223189024
399;1199;0.39057497673645647
400;1199.5;0.39072640224289334
401;1200;0.3908612385660081
402;1200.5;0.3909826699060256
403;1201;0.3910858491281024
404;1201.5;0.39117097879739493
405;1202;0.39123826167906
406;1202.5;0.3912879004382539
407;1203;0.39132009764013337
408;1203.5;0.3913350561498548
409;1204;0.39133297853257487
410;1204.5;0.39131406755345005
411;1205;0.39127451238677785
412;1205.5;0.39120690544636916
413;1206;0.3911100835893409
414;1206.5;0.3909877749829066
415;1207;0.3908437075942797
416;1207.5;0.3906816095906739
417;1208;0.39050520883930234
418;1208.5;0.3903182336073789
419;1209;0.390124411762117
420;1209.5;0.38992747147072987
421;1210;0.3897123847874516
422;1210.5;0.3894489782030418
423;1211;0.38913999073067895
424;1211.5;0.38879306100989064
425;1212;0.3884158596802047
426;1212.5;0.3880160575811487
427;1213;0.3876013254522503
428;1213.5;0.3871793340330372
429;1214;0.3867577541630371
430;1214.5;0.38634425668177763
431;1215;0.3859342782781906
432;1215.5;0.38550392067133776
433;1216;0.38505604940177834
434;1216.5;0.38459517720956704
435;1217;0.3841258375347591
436;1217.5;0.3836525637174093
437;1218;0.3831798893975725
438;1218.5;0.38271234801530374
439;1219;0.3822544730106578
440;1219.5;0.38181079782368965
441;1220;0.38137838646334654
442;1220.5;0.38093644443117386
443;1221;0.3804912554845694
444;1221.5;0.3800474403238521
445;1222;0.37960933024934057
446;1222.5;0.3791812563613536
447;1223;0.37876755006020985
448;1223.5;0.37837254234622797
449;1224;0.37800056451972697
450;1224.5;0.37765594768102534
451;1225;0.37733873123561984
452;1225.5;0.3770295917562154
453;1226;0.37672773031558304
454;1226.5;0.3764349381851252
455;1227;0.3761529021362442
456;1227.5;0.3758833087403423
457;1228;0.375627844568822
458;1228.5;0.3753881964930854
459;1229;0.37516605098453504
460;1229.5;0.3749630947145731
461;1230;0.3747800188355581
462;1230.5;0.37460852209810075
463;1231;0.37444278467235415
464;1231.5;0.3742810105970619
465;1232;0.37412187751096787
466;1232.5;0.3739640627528155
467;1233;0.37380624386134853
468;1233.5;0.37364709817531044
469;1234;0.3734853032334452
470;1234.5;0.37331953647449606
471;1235;0.3731489920722339
472;1235.5;0.37298031880689325
473;1236;0.37281161842991484
474;1236.5;0.37264165821812273
475;1237;0.3724705343483412
476;1237.5;0.3722983434973946
477;1238;0.37212518204210704
478;1238.5;0.3719511463593029
479;1239;0.3717763328258063
480;1239.5;0.3716008380184417
481;1240;0.3714245995443985
482;1240.5;0.3712424641186143
483;1241;0.3710541659694858
484;1241.5;0.37086195167847363
485;1242;0.3706680054270385
486;1242.5;0.37047451159664063
487;1243;0.3702836544687408
488;1243.5;0.3700976183247995
489;1244;0.3699185874462772
490;1244.5;0.3697487461146345
491;1245;0.3695902453012339
492;1245.5;0.36943389039915353
493;1246;0.3692760941167667
494;1246.5;0.36912126658988254
495;1247;0.3689712948543099
496;1247.5;0.3688280656458581
497;1248;0.36869346600033615
498;1248.5;0.36856938275355294
499;1249;0.3684577030413176
500;1249.5;0.3683603135994393
501;1250;0.36827910146372694
502;1250.5;0.3682063015664554
503;1251;0.3681304402311425
504;1251.5;0.36805329648144464
505;1252;0.36797750116526873
506;1252.5;0.36790568573052196
507;1253;0.36784048142511117
508;1253.5;0.36778451969694365
509;1254;0.3677404318939264
510;1254.5;0.3677108494639665
511;1255;0.3676984036549708
512;1255.5;0.3677028913806615
513;1256;0.36771740967046807
514;1256.5;0.36773796565736144
515;1257;0.3677637468374863
516;1257.5;0.3677940061069873
517;1258;0.3678279967620092
518;1258.5;0.36786497189869666
519;1259;0.3679041847131942
520;1259.5;0.3679448883016466
521;1260;0.3679863357601987
522;1260.5;0.3680313432092924
523;1261;0.36808884652086704
524;1261.5;0.36815308813048864
525;1262;0.3682214727147203
526;1262.5;0.36829169325012495
527;1263;0.36836144211326605
528;1263.5;0.3684284121807066
529;1264;0.3684902960290097
530;1264.5;0.36854478633473864
531;1265;0.36858957567445644
532;1265.5;0.3686246480784927
533;1266;0.36866034548539217
534;1266.5;0.3686934358566635
535;1267;0.36872252907439174
536;1267.5;0.3687468334206622
537;1268;0.3687655572775601
538;1268.5;0.36877790882717054
539;1269;0.36878309645157864
540;1269.5;0.36878032853286963
541;1270;0.36876881325312877
542;1270.5;0.3687479025442485
543;1271;0.3687193124130492
544;1271.5;0.36868447088646394
545;1272;0.3686443307800692
546;1272.5;0.3685999633094413
547;1273;0.3685524396901566
548;1273.5;0.3685028310377915
549;1274;0.36845220866792244
550;1274.5;0.36840164379612583
551;1275;0.368352207437978
552;1275.5;0.3683045422528708
553;1276;0.3682486894164426
554;1276.5;0.36818712234267575
555;1277;0.3681237147290092
556;1277.5;0.3680600062728817
557;1278;0.36799753667173246
558;1278.5;0.3679378458230005
559;1279;0.3678824734241245
560;1279.5;0.3678329591725438
561;1280;0.36779084276569723
562;1280.5;0.3677576267591621
563;1281;0.3677261363433906
564;1281.5;0.36769318791492517
565;1282;0.36766168291167933
566;1282.5;0.36763266137156647
567;1283;0.3676071632324998
568;1283.5;0.36758622843239264
569;1284;0.36757089700915835
570;1284.5;0.36756220880071033
571;1285;0.3675612038449618
572;1285.5;0.3675689221798263
573;1286;0.36758491148420724
574;1286.5;0.3676055389322528
575;1287;0.3676287989178809
576;1287.5;0.367654497172634
577;1288;0.3676824429280539
578;1288.5;0.36771244491568256
579;1289;0.3677443123670621
580;1289.5;0.36777785431373466
581;1290;0.367812879687242
582;1290.5;0.36784919751912637
583;1291;0.3678909640356304
584;1291.5;0.3679452709814307
585;1292;0.36800573470603853
586;1292.5;0.36806969959432373
587;1293;0.36813465203115586
588;1293.5;0.36819807830140494
589;1294;0.36825746498994044
590;1294.5;0.3683102982816322
591;1295;0.36835406456135
592;1295.5;0.36838625031396355
593;1296;0.3684071863081771
594;1296.5;0.3684272332948132
595;1297;0.3684464827197681
596;1297.5;0.3684645581786082
597;1298;0.36848119046689937
598;1298.5;0.36849611048020814
599;1299;0.36850904921410066
600;1299.5;0.36851973736414295
601;1300;0.3685279060259013
602;1300.5;0.36853328599494184
603;1301;0.36853543737861727
604;1301.5;0.3685336590817925
605;1302;0.3685321670980181
606;1302.5;0.3685316311228945
607;1303;0.36853189825202187
608;1303.5;0.3685328154810005
609;1304;0.3685342301054306
610;1304.5;0.3685359892209127
611;1305;0.3685379398230467
612;1305.5;0.3685399291074332
613;1306;0.36854191213373605
614;1306.5;0.3685453630584413
615;1307;0.3685498813338718
616;1307.5;0.36855523268675394
617;1308;0.36856127994381416
618;1308.5;0.368567885631779
619;1309;0.36857491257737474
620;1309.5;0.36858222340732805
621;1310;0.36858968084836513
622;1310.5;0.3685971477272124
623;1311;0.3686045355083821
624;1311.5;0.3686185636752433
625;1312;0.3686417618355553
626;1312.5;0.36867201326734794
627;1313;0.36870839914865067
628;1313.5;0.36875000085749327
629;1314;0.3687958993719054
630;1314.5;0.36884517606991685
631;1315;0.368896912129557
632;1315.5;0.36895018872885593
633;1316;0.36900408714584304
634;1316.5;0.3690637539173318
635;1317;0.3691318352732079
636;1317.5;0.3692026452417962
637;1318;0.3692751300252898
638;1318.5;0.36934824112588205
639;1319;0.3694209300457662
640;1319.5;0.36949214838713546
641;1320;0.3695608478521833
642;1320.5;0.36962597984310275
643;1321;0.36968649606208726
644;1321.5;0.3697448881588544
645;1322;0.36980739069858537
646;1322.5;0.36986902101646024
647;1323;0.36992965364173513
648;1323.5;0.3699893562036662
649;1324;0.3700481959315096
650;1324.5;0.3701062405545215
651;1325;0.3701635573019578
652;1325.5;0.37022021360307483
653;1326;0.3702762770871285
654;1326.5;0.370333704619073
655;1327;0.37039948284492424
656;1327.5;0.3704682869269777
657;1328;0.3705374051458749
658;1328.5;0.3706045641822577
659;1329;0.3706674908167675
660;1329.5;0.37072391183004605
661;1330;0.3707715537027349
662;1330.5;0.37080814331547585
663;1331;0.37083140734891024
664;1331.5;0.37084057312933244
665;1332;0.37084936383193556
666;1332.5;0.3708596463012358
667;1333;0.37087077159236237
668;1333.5;0.37088255126044495
669;1334;0.3708947971606129
670;1334.5;0.3709073209479956
671;1335;0.37091993437772264
672;1335.5;0.37093244900492334
673;1336;0.3709446765847272
674;1336.5;0.37095642146458113
675;1337;0.3709674546271503
676;1337.5;0.3709794462198317
677;1338;0.37099305245748315
678;1338.5;0.3710082548549623
679;1339;0.37102503532712705
680;1339.5;0.3710433754888352
681;1340;0.3710632571549444
682;1340.5;0.37108466204031265
683;1341;0.3711075718597976
684;1341.5;0.3711319685162464
685;1342;0.37116101306372223
686;1342.5;0.371198967790657
687;1343;0.37124593739174144
688;1343.5;0.37130020106166634
689;1344;0.3713600376951224
690;1344.5;0.37142372638680043
691;1345;0.3714895459313912
692;1345.5;0.3715557754235855
693;1346;0.37162069395807396
694;1346.5;0.3716825803295475
695;1347;0.3717482228872618
696;1347.5;0.3718324259774707
697;1348;0.3719338833458313
698;1348.5;0.37204958997770743
699;1349;0.37217652515846317
700;1349.5;0.37231166797346243
701;1350;0.372451997608069
702;1350.5;0.372594493347647
703;1351;0.37273613417756024
704;1351.5;0.3728738995831726
705;1352;0.3730094257546285
706;1352.5;0.3731573744003186
707;1353;0.37331742118290656
708;1353.5;0.37348848689393205
709;1354;0.3736695318249351
710;1354.5;0.37385951596745537
711;1355;0.37405739951303285
712;1355.5;0.3742621426532072
713;1356;0.37447270557951845
714;1356.5;0.3746880483835064
715;1357;0.3749086854241271
716;1357.5;0.37514544922693405
717;1358;0.3753968007892835
718;1358.5;0.3756605992368592
719;1359;0.37593515669534483
720;1359.5;0.3762187850904243
721;1360;0.3765097965477816
722;1360.5;0.3768065031931004
723;1361;0.3771072170520645
724;1361.5;0.3774102502503578
725;1362;0.3777141732859811
726;1362.5;0.3780239392538348
727;1363;0.37834134802085473
728;1363.5;0.3786656680601685
729;1364;0.3789962793449039
730;1364.5;0.3793325615481884
731;1365;0.3796738946431499
732;1365.5;0.3800196582029159
733;1366;0.3803692322006142
734;1366.5;0.3807219964093723
735;1367;0.38107733264268523
736;1367.5;0.3814361627518796
737;1368;0.38180022107451317
738;1368.5;0.3821697388373395
739;1369;0.3825444401671116
740;1369.5;0.38292404929058277
741;1370;0.3833082902345062
742;1370.5;0.383696887325635
743;1371;0.38408956469072264
744;1371.5;0.3844860463565221
745;1372;0.3848860566497868
746;1372.5;0.38529093046788115
747;1373;0.38570249305150045
748;1373.5;0.38611943214638805
749;1374;0.3865407246764571
750;1374.5;0.38696534946562106
751;1375;0.38739228483779325
752;1375.5;0.38782050931688705
753;1376;0.38824900172681565
754;1376.5;0.3886767403914925
755;1377;0.38910270393483104
756;1377.5;0.38952846001290264
757;1378;0.389961685756707
758;1378.5;0.3904005331223852
759;1379;0.39084209099940476
760;1379.5;0.3912834458772333
761;1380;0.3917216843453383
762;1380.5;0.3921538927931871
763;1381;0.3925771579102475
764;1381.5;0.3929885661859869
765;1382;0.3933852041098729
766;1382.5;0.39376553692534244
767;1383;0.39413736624216683
768;1383.5;0.394498540211106
769;1384;0.39484788127159487
770;1384.5;0.39518471366306807
771;1385;0.39550836162496034
772;1385.5;0.39581814929670633
773;1386;0.3961134007177406
774;1386.5;0.39639344022749806
775;1387;0.3966575918654133
776;1387.5;0.39690527625488
777;1388;0.3971389960554351
778;1388.5;0.3973593312239805
779;1389;0.39756762952173996
780;1389.5;0.39776609070993774
781;1390;0.3979569148497979
782;1390.5;0.3981423018025445
783;1391;0.3983244515294017
784;1391.5;0.39850556379159363
785;1392;0.3986878385503443
786;1392.5;0.3988734729808918
787;1393;0.39905891759845585
788;1393.5;0.3992377029172701
789;1394;0.3994101081340804
790;1394.5;0.3995784619456323
791;1395;0.3997450928486717
792;1395.5;0.39991232953994416
793;1396;0.40008250061619555
794;1396.5;0.40025793477417154
795;1397;0.40044096071061774
796;1397.5;0.40063390682228006
797;1398;0.4008415133253413
798;1398.5;0.4010652723905376
799;1399;0.40129871702593123
800;1399.5;0.40153928112723103
801;1400;0.40178442179014606
802;1400.5;0.40203159611038497
803;1401;0.402278261183657
804;1401.5;0.402521874105671
805;1402;0.4027598919721358
806;1402.5;0.40298977187876045
807;1403;0.4032126241536947
808;1403.5;0.40343852731541274
809;1404;0.40366081980915974
810;1404.5;0.40387850665329184
811;1405;0.4040910177661653
812;1405.5;0.4042977832661364
813;1406;0.4044982330715615
814;1406.5;0.4046917972007968
815;1407;0.4048779057721985
816;1407.5;0.40505598870412296
817;1408;0.4052268045798962
818;1408.5;0.4054012252910315
819;1409;0.4055730495015653
820;1409.5;0.405740048537141
821;1410;0.40590144792340255
822;1410.5;0.4060564729859932
823;1411;0.4062043492505566
824;1411.5;0.40634430214273654
825;1412;0.4064755569881764
826;1412.5;0.4065973393125198
827;1413;0.4067090313630371
828;1413.5;0.4068160481459386
829;1414;0.4069208633378736
830;1414.5;0.40702323735627743
831;1415;0.40712307431858585
832;1415.5;0.40722027854223447
833;1416;0.40731475414465884
834;1416.5;0.4074064052432947
835;1417;0.40749513625557754
836;1417.5;0.40758085119894283
837;1418;0.40766345429082634
838;1418.5;0.40774399664414507
839;1419;0.40782508108199417
840;1419.5;0.407907435622323
841;1420;0.40799082774599443
842;1420.5;0.4080750246338716
843;1421;0.408159793566817
844;1421.5;0.4082449017256936
845;1422;0.4083301164913643
846;1422.5;0.408415205144692
847;1423;0.4084999349665396
848;1423.5;0.40858615058635445
849;1424;0.40867792975504225
850;1424.5;0.4087739752964657
851;1425;0.40887190097860326
852;1425.5;0.4089693109694337
853;1426;0.40906380893693595
854;1426.5;0.40915299884908835
855;1427;0.40923448467386975
856;1427.5;0.40930587037925903
857;1428;0.4093647597332348
858;1428.5;0.4094100776453799
859;1429;0.40944887793279544
860;1429.5;0.4094864024729813
861;1430;0.4095224545918306
862;1430.5;0.40955651771523627
863;1431;0.409588075569091
864;1431.5;0.40961661167928787
865;1432;0.40964160967171964
866;1432.5;0.40966255317227934
867;1433;0.40967892570685976
868;1433.5;0.40969003359721634
869;1434;0.40969322794377394
870;1434.5;0.4096910627335837
871;1435;0.4096847906889153
872;1435.5;0.40967500603203744
873;1436;0.40966230268521997
874;1436.5;0.40964727457073186
875;1437;0.4096305159108423
876;1437.5;0.40961262062782106
877;1438;0.40959418274393683
878;1438.5;0.40957577133511985
879;1439;0.4095556360672507
880;1439.5;0.4095322168164941
881;1440;0.40950591363678124
882;1440.5;0.40947751228204304
883;1441;0.40944779880621096
884;1441.5;0.4094175590632158
885;1442;0.40938757900698886
886;1442.5;0.4093586444914613
887;1443;0.409331541370564
888;1443.5;0.40930705559822833
889;1444;0.4092827431134099
890;1444.5;0.40925523162619254
891;1445;0.40922616602169465
892;1445.5;0.4091969216361818
893;1446;0.4091688740059194
894;1446.5;0.40914339886717277
895;1447;0.40912187145620765
896;1447.5;0.40910566760928935
897;1448;0.4090961626626835
898;1448.5;0.4090947321526553
899;1449;0.40910110143408573
900;1449.5;0.4091106685539748
901;1450;0.40912283876180755
902;1450.5;0.4091373859183802
903;1451;0.4091540840844887
904;1451.5;0.4091727075209294
905;1452;0.40919303008849817
906;1452.5;0.4092148260479913
907;1453;0.40923786946020496
908;1453.5;0.40926193438593506
909;1454;0.4092869806306213
910;1454.5;0.4093146347908201
911;1455;0.40934647794873447
912;1455.5;0.4093817282030752
913;1456;0.40941940805255295
914;1456.5;0.4094585397958782
915;1457;0.40949814603176177
916;1457.5;0.4095372490589142
917;1458;0.40957487147604626
918;1458.5;0.40961003548186864
919;1459;0.40964204444749075
920;1459.5;0.4096762354390363
921;1460;0.4097130126108425
922;1460.5;0.40975206394558394
923;1461;0.40979348452593534
924;1461.5;0.40983736973457124
925;1462;0.40988381445416644
926;1462.5;0.4099329139673954
927;1463;0.409984763356933
928;1463.5;0.41003945790545393
929;1464;0.41009709418092777
930;1464.5;0.4101624049923429
931;1465;0.4102362010058422
932;1465.5;0.4103163826495999
933;1466;0.41040266935178965
934;1466.5;0.4104947807405857
935;1467;0.410592436244162
936;1467.5;0.4106953552906923
937;1468;0.410803257408351
938;1468.5;0.4109158619253118
939;1469;0.4110328885697487
940;1469.5;0.411157143846727
941;1470;0.41129426795588203
942;1470.5;0.41144299116041266
943;1471;0.4116014613734376
944;1471.5;0.4117678265080758
945;1472;0.41194023457744644
946;1472.5;0.41211683349466827
947;1473;0.4122957710728601
948;1473.5;0.4124751952251411
949;1474;0.4126532539646301
950;1474.5;0.4128305386715356
951;1475;0.4130146049522658
952;1475.5;0.4132024779818521
953;1476;0.41339248708203946
954;1476.5;0.4135830521745727
955;1477;0.41377259328119675
956;1477.5;0.41395953022365645
957;1478;0.4141422831236968
958;1478.5;0.4143192718030626
959;1479;0.41448891628349893
960;1479.5;0.41465029439523826
961;1480;0.41480925389932033
962;1480.5;0.41496482838975857
963;1481;0.41511665201631587
964;1481.5;0.41526478172875525
965;1482;0.4154092743768395
966;1482.5;0.4155501869103316
967;1483;0.4156875759789946
968;1483.5;0.4158214985325914
969;1484;0.4159520114208847
970;1484.5;0.4160791228098142
971;1485;0.4162002969249004
972;1485.5;0.41631574900990087
973;1486;0.416427031460178
974;1486.5;0.41653547317109396
975;1487;0.41664240293801075
976;1487.5;0.4167491494562906
977;1488;0.41685704182129574
978;1488.5;0.4169674086283884
979;1489;0.4170815788729307
980;1489.5;0.4172008813502849
981;1490;0.4173244315515186
982;1490.5;0.41744630387805176
983;1491;0.41756528493061573
984;1491.5;0.4176826978561806
985;1492;0.4177998658017172
986;1492.5;0.41791811181419547
987;1493;0.418038759240586
988;1493.5;0.4181631310278592
989;1494;0.4182925504229854
990;1494.5;0.41842834057293504
991;1495;0.4185740008190528
992;1495.5;0.4187338032287139
993;1496;0.4189043958214704
994;1496.5;0.41908516753246444
995;1497;0.41927552449683814
996;1497.5;0.41947487274973366
997;1498;0.4196826181262929
998;1498.5;0.41989816666165825
999;1499;0.42012092439097176
1000;1499.5;0.42035029724937545
1001;1500;0.42058761540000394
1002;1500.5;0.4208430466630343
1003;1501;0.4211140941035728
1004;1501.5;0.4213973248870994
1005;1502;0.4216894003790942
1006;1502.5;0.4219869817450368
1007;1503;0.42228673035040726
1008;1503.5;0.42258530736068567
1009;1504;0.4228793741413518
1010;1504.5;0.4231655918578855
1011;1505;0.4234414321952543
1012;1505.5;0.4237187630196658
1013;1506;0.42399905784976316
1014;1506.5;0.4242795044547593
1015;1507;0.42455754950386726
1016;1507.5;0.4248306394663001
1017;1508;0.42509622111127066
1018;1508.5;0.4253517410079919
1019;1509;0.4255946457256769
1020;1509.5;0.4258223819335386
1021;1510;0.4260324151230213
1022;1510.5;0.42623049608854374
1023;1511;0.426425479648883
1024;1511.5;0.4266182199366254
1025;1512;0.4268086083843567
1026;1512.5;0.42699653672466314
1027;1513;0.42718189639013077
1028;1513.5;0.42736457901334546
1029;1514;0.4275444762268935
1030;1514.5;0.42772147946336075
1031;1515;0.4278954804553335
1032;1515.5;0.42806298331683196
1033;1516;0.42822098483641236
1034;1516.5;0.42837319490663467
1035;1517;0.4285218355380846
1036;1517.5;0.4286691284413474
1037;1518;0.4288172957270088
1038;1518.5;0.428968559105654
1039;1519;0.4291251405878686
1040;1519.5;0.4292892619842382
1041;1520;0.429463145305348
1042;1520.5;0.42964836920741634
1043;1521;0.42984357542395213
1044;1521.5;0.43004795345970787
1045;1522;0.4302602327313374
1046;1522.5;0.4304791342554946
1047;1523;0.43070337904883305
1048;1523.5;0.43093168802800647
1049;1524;0.4311627823096689
1050;1524.5;0.43139538271047384
1051;1525;0.4316282103470752
1052;1525.5;0.43186132525339194
1053;1526;0.4321048691107562
1054;1526.5;0.4323587618580834
1055;1527;0.4326194473913271
1056;1527.5;0.4328833254064407
1057;1528;0.43314679529937744
1058;1528.5;0.43340625696609064
1059;1529;0.4336581098025336
1060;1529.5;0.4338987535046597
1061;1530;0.43412458766842227
1062;1530.5;0.4343322943046837
1063;1531;0.43452900138052686
1064;1531.5;0.4347188051873213
1065;1532;0.4349000210305386
1066;1532.5;0.43507075841565024
1067;1533;0.4352291267481275
1068;1533.5;0.4353732357334422
1069;1534;0.4355011946770658
1070;1534.5;0.43561111308446965
1071;1535;0.43570110036112525
1072;1535.5;0.4357692662125043
1073;1536;0.43579883042398837
1074;1536.5;0.43577694295549796
1075;1537;0.4357087383888009
1076;1537.5;0.43559888711386063
1077;1538;0.43545205912063994
1078;1538.5;0.43527292449910204
1079;1539;0.43506615353921
1080;1539.5;0.43483641623092684
1081;1540;0.43458838266421534
1082;1540.5;0.43432672312903897
1083;1541;0.4340350812520886
1084;1541.5;0.4336721514598535
1085;1542;0.4332467250081125
1086;1542.5;0.4327703112769094
1087;1543;0.43225441904628814
1088;1543.5;0.4317105573962928
1089;1544;0.43115023550696707
1090;1544.5;0.43058496225835496
1091;1545;0.4300262467305004
1092;1545.5;0.42948559800344704
1093;1546;0.42896239292930016
1094;1546.5;0.42840545735764585
1095;1547;0.4278123618045792
1096;1547.5;0.4271961529969305
1097;1548;0.4265700440615303
1098;1548.5;0.42594724772520853
1099;1549;0.4253409770147959
1100;1549.5;0.4247644448571227
1101;1550;0.4242308641790191
1102;1550.5;0.4237534479073156
1103;1551;0.423341320892511
1104;1551.5;0.4229539901960693
1105;1552;0.4225767529308303
1106;1552.5;0.42221463426318173
1107;1553;0.4218732558595112
1108;1553.5;0.4215582394862064
1109;1554;0.4212752068096548
1110;1554.5;0.42102977959624416
1111;1555;0.42082757961236217
1112;1555.5;0.4206742285243963
1113;1556;0.42057509016830014
1114;1556.5;0.4205164781920243
1115;1557;0.42048258283998896
1116;1557.5;0.4204714440112216
1117;1558;0.4204822651047496
1118;1558.5;0.42051424951960037
1119;1559;0.42056660085480146
1120;1559.5;0.42063852240938016
1121;1560;0.420729217782364
1122;1560.5;0.4208378902727805
1123;1561;0.4209637433796569
1124;1561.5;0.42111706621969647
1125;1562;0.4213045695942748
1126;1562.5;0.42151849688624077
1127;1563;0.4217528823026996
1128;1563.5;0.42200175985075655
1129;1564;0.4222591636375168
1130;1564.5;0.42251912787008605
1131;1565;0.4227756864555693
1132;1565.5;0.42302287360107205
1133;1566;0.42325472331369934
1134;1566.5;0.42347564094576945
1135;1567;0.42370495346070314
1136;1567.5;0.4239371407664404
1137;1568;0.424168241894386
1138;1568.5;0.4243942954759451
1139;1569;0.42461134064252254
1140;1569.5;0.4248154161255234
1141;1570;0.425002560856353
1142;1570.5;0.42516881376641597
1143;1571;0.4253102136871175
1144;1571.5;0.42542533392637677
1145;1572;0.4255231542839864
1146;1572.5;0.42560021658845953
1147;1573;0.42565554319107834
1148;1573.5;0.42568827064312487
1149;1574;0.4256975350958814
1150;1574.5;0.4256824729006299
1151;1575;0.4256422204086526
1152;1575.5;0.4255759138712317
1153;1576;0.42548268973964926
1154;1576.5;0.4253612232179792
1155;1577;0.42520611185297624
1156;1577.5;0.4250204061115415
1157;1578;0.42480957071975445
1158;1578.5;0.42457906910369425
1159;1579;0.4243343651894402
1160;1579.5;0.42408092250307144
1161;1580;0.42382420467066745
1162;1580.5;0.42356967541830726
1163;1581;0.4233227982720704
1164;1581.5;0.42308870797200904
1165;1582;0.42284488845311197
1166;1582.5;0.4225849829969649
1167;1583;0.4223169391333991
1168;1583.5;0.4220474870922458
1169;1584;0.4217833570033361
1170;1584.5;0.4215312790965012
1171;1585;0.4212979837015724
1172;1585.5;0.421090201048381
1173;1586;0.420914661266758
1174;1586.5;0.4207780945865348
1175;1587;0.4206653740058052
1176;1587.5;0.42055479595622103
1177;1588;0.4204512017159088
1178;1588.5;0.4203579355694216
1179;1589;0.42027834210131243
1180;1589.5;0.42021576539613414
1181;1590;0.42017354993843964
1182;1590.5;0.420155040112782
1183;1591;0.4201635801037142
1184;1591.5;0.42020251439578893
1185;1592;0.4202685195283887
1186;1592.5;0.42034432221321405
1187;1593;0.42042713131075554
1188;1593.5;0.42051516841398423
1189;1594;0.4206066550158717
1190;1594.5;0.42069981270938916
1191;1595;0.4207928627875079
1192;1595.5;0.42088402694319943
1193;1596;0.42097152656943504
1194;1596.5;0.4210535833591861
1195;1597;0.4211299477714029
1196;1597.5;0.42120709483983754
1197;1598;0.42128462245733617
1198;1598.5;0.42136141678279593
1199;1599;0.4214363727751138
1200;1599.5;0.4215083855931872
1201;1600;0.4215763500959132
1202;1600.5;0.4216391613421887
1203;1601;0.4216957143909113
1204;1601.5;0.4217449042009779
1205;1602;0.42178444830617245
1206;1602.5;0.4217994135249555
1207;1603;0.421788392554035
1208;1603.5;0.42175493236286166
1209;1604;0.4217025754208864
1210;1604.5;0.42163486449756027
1211;1605;0.42155534206233414
1212;1605.5;0.42146755088465887
1213;1606;0.42137503333398546
1214;1606.5;0.4212813321797647
1215;1607;0.421189701984327
1216;1607.5;0.4210863491731548
1217;1608;0.4209649762640183
1218;1608.5;0.4208278690191197
1219;1609;0.4206770344006615
1220;1609.5;0.4205144794708457
1221;1610;0.4203422113918747
1222;1610.5;0.42016223722595064
1223;1611;0.4199765639352758
1224;1611.5;0.4197871986820525
1225;1612;0.419596148528483
1226;1612.5;0.41939941001077025
1227;1613;0.41919055424887625
1228;1613.5;0.41897021152291336
1229;1614;0.4187391534973445
1230;1614.5;0.4184981518366329
1231;1615;0.41824797820524184
1232;1615.5;0.41798940456763434
1233;1616;0.4177232023882736
1234;1616.5;0.4174501434316227
1235;1617;0.417170999462145
1236;1617.5;0.41688307248219136
1237;1618;0.4165793196225264
1238;1618.5;0.4162615569710245
1239;1619;0.4159326536496077
1240;1619.5;0.4155954787801976
1241;1620;0.41525290148471594
1242;1620.5;0.4149077909850846
1243;1621;0.41456301650322536
1244;1621.5;0.4142214470610597
1245;1622;0.4138859517805097
1246;1622.5;0.4135554183601843
1247;1623;0.4132168174093165
1248;1623.5;0.4128727696952247
1249;1624;0.41252661735970414
1250;1624.5;0.41218169854454995
1251;1625;0.4118413511915574
1252;1625.5;0.4115089134425219
1253;1626;0.41118772353923844
1254;1626.5;0.41088111952350237
1255;1627;0.41059243953710894
1256;1627.5;0.41032296505414256
1257;1628;0.41005617235976616
1258;1628.5;0.4097881462730738
1259;1629;0.40952233827742146
1260;1629.5;0.40926231695616544
1261;1630;0.40901165089266167
1262;1630.5;0.4087739086702662
1263;1631;0.4085526589723353
1264;1631.5;0.408351470482225
1265;1632;0.40817391168329137
1266;1632.5;0.4080227343869545
1267;1633;0.4078787519764046
1268;1633.5;0.4077292893128089
1269;1634;0.4075769972404556
1270;1634.5;0.4074252988036333
1271;1635;0.40727761704663035
1272;1635.5;0.40713737521373483
1273;1636;0.4070079962492354
1274;1636.5;0.40689290329742034
1275;1637;0.4067955195025781
1276;1637.5;0.4067192501900525
1277;1638;0.4066596083980099
1278;1638.5;0.406606524769107
1279;1639;0.40655891141135114
1280;1639.5;0.4065168812327494
1281;1640;0.40648054684130874
1282;1640.5;0.4064500209450365
1283;1641;0.40642541605194005
1284;1641.5;0.406406845070026
1285;1642;0.40639442060730174
1286;1642.5;0.40638825517177446
1287;1643;0.4063927273885183
1288;1643.5;0.40641133458849776
1289;1644;0.40644140432684983
1290;1644.5;0.40648114867993
1291;1645;0.4065287798240935
1292;1645.5;0.406582509935696
1293;1646;0.40664055089109274
1294;1646.5;0.4067011149666392
1295;1647;0.406762414238691
1296;1647.5;0.40682266068360323
1297;1648;0.40688265996708495
1298;1648.5;0.4069451343487788
1299;1649;0.4070083599530636
1300;1649.5;0.40707297787042795
1301;1650;0.40713962929136055
1302;1650.5;0.40720895550635017
1303;1651;0.4072815976058856
1304;1651.5;0.40735819688045555
1305;1652;0.4074393945205488
1306;1652.5;0.4075258316166539
1307;1653;0.40761877622020803
1308;1653.5;0.4077187255025632
1309;1654;0.40782194345227296
1310;1654.5;0.4079286693557874
1311;1655;0.40803916859955647
1312;1655.5;0.40815370617003033
1313;1656;0.4082725472536589
1314;1656.5;0.4083959569368922
1315;1657;0.40852420050618016
1316;1657.5;0.4086575429479729
1317;1658;0.40879625159588817
1318;1658.5;0.4089379436740452
1319;1659;0.40907720790994284
1320;1659.5;0.4092155976445448
1321;1660;0.4093549608188144
1322;1660.5;0.4094971456737153
1323;1661;0.4096440004502108
1324;1661.5;0.40979737308926456
1325;1662;0.4099591119318398
1326;1662.5;0.4101310650189003
1327;1663;0.41031501908023127
1328;1663.5;0.4105097600763469
1329;1664;0.4107095578080814
1330;1664.5;0.410913365530566
1331;1665;0.41112070509893217
1332;1665.5;0.4113310984683108
1333;1666;0.4115440675938336
1334;1666.5;0.41175913443063167
1335;1667;0.41197582093383633
1336;1667.5;0.41219364905857886
1337;1668;0.41241214058782527
1338;1668.5;0.4126311127456269
1339;1669;0.4128529897689278
1340;1669.5;0.41307876461816073
1341;1670;0.41330894165375814
1342;1670.5;0.41354402533615253
1343;1671;0.4137845203257763
1344;1671.5;0.4140309308830621
1345;1672;0.4142837616684423
1346;1672.5;0.41454351694234937
1347;1673;0.414810701365216
1348;1673.5;0.41509074841676696
1349;1674;0.41538939323217683
1350;1674.5;0.41570509416110885
1351;1675;0.4160364479753459
1352;1675.5;0.4163820511466711
1353;1676;0.4167405001468672
1354;1676.5;0.41711039164771757
1355;1677;0.417490322221005
1356;1677.5;0.4178788882385124
1357;1678;0.41827468637202275
1358;1678.5;0.4186845267602669
1359;1679;0.4191279379840357
1360;1679.5;0.419604030690949
1361;1680;0.42010954924555854
1362;1680.5;0.4206412382124164
1363;1681;0.42119584215607475
1364;1681.5;0.4217701055410855
1365;1682;0.42236077303200076
1366;1682.5;0.42296458889337246
1367;1683;0.42357829788975276
1368;1683.5;0.4242081577894278
1369;1684;0.4248899887490355
1370;1684.5;0.4256260310993757
1371;1685;0.426411945235014
1372;1685.5;0.42724339165051567
1373;1686;0.4281160307404461
1374;1686.5;0.4290255228993701
1375;1687;0.42996752872185356
1376;1687.5;0.4309377085024617
1377;1688;0.4319317228357595
1378;1688.5;0.4329524626320813
1379;1689;0.43404227007812013
1380;1689.5;0.43520206658982563
1381;1690;0.43642383234322324
1382;1690.5;0.43769954891433827
1383;1691;0.43902119757919633
1384;1691.5;0.4403807600138224
1385;1692;0.4417702175942422
1386;1692.5;0.4431815516964808
1387;1693;0.44460674399656386
1388;1693.5;0.4460408730573975
1389;1694;0.4475158686881458
1390;1694.5;0.4490366763948681
1391;1695;0.45059598951377106
1392;1695.5;0.45218648988106097
1393;1696;0.45380085903294487
1394;1696.5;0.45543177860562895
1395;1697;0.4570719304353202
1396;1697.5;0.4587139959582249
1397;1698;0.46035065711054973
1398;1698.5;0.4619756518100083
1399;1699;0.4636138472405701
1400;1699.5;0.46526603513140363
1401;1700;0.46692524607221675
1402;1700.5;0.4685855502527165
1403;1701;0.47024101796261064
1404;1701.5;0.4718857192916066
1405;1702;0.47351372422941174
1406;1702.5;0.4751191031657336
1407;1703;0.47669592619027956
1408;1703.5;0.4782384183284642
1409;1704;0.4797749621729057
1410;1704.5;0.48131874335589375
1411;1705;0.4828577859451249
1412;1705.5;0.48438094340829607
1413;1706;0.4858770694131039
1414;1706.5;0.48733501752724495
1415;1707;0.48874364141841636
1416;1707.5;0.49009179455431456
1417;1708;0.4913683308026363
1418;1708.5;0.4925621035310785
1419;1709;0.49370840899239354
1420;1709.5;0.49485189963198006
1421;1710;0.4959769844959995
1422;1710.5;0.49706744540014
1423;1711;0.49810706406009003
1424;1711.5;0.499079622391538
1425;1712;0.4999689021101722
1426;1712.5;0.500758685231681
1427;1713;0.5014327533717526
1428;1713.5;0.5019748885460757
1429;1714;0.5024234174157161
1430;1714.5;0.5028699596532066
1431;1715;0.5033043713487275
1432;1715.5;0.5037132775475869
1433;1716;0.5040833034950931
1434;1716.5;0.5044010744365544
1435;1717;0.5046532153172788
1436;1717.5;0.5048263514825747
1437;1718;0.5049071080777503
1438;1718.5;0.5048821101481139
1439;1719;0.5047547582936617
1440;1719.5;0.5045640441992344
1441;1720;0.5043158348543129
1442;1720.5;0.5040171947236372
1443;1721;0.5036751879719467
1444;1721.5;0.5032968791639811
1445;1722;0.5028893324644804
1446;1722.5;0.5024596122381839
1447;1723;0.5020147828498317
1448;1723.5;0.5015619086641631
1449;1724;0.5010999112287313
1450;1724.5;0.5005976257058451
1451;1725;0.5000556514041932
1452;1725.5;0.4994837479254469
1453;1726;0.498891677371278
1454;1726.5;0.49828920214335826
1455;1727;0.49768608434335915
1456;1727.5;0.49709208607295263
1457;1728;0.4965169697338102
1458;1728.5;0.4959704974276035
1459;1729;0.4954551116186945
1460;1729.5;0.49493122472789974
1461;1730;0.4943979335278109
1462;1730.5;0.49386496913097877
1463;1731;0.49334208864995405
1464;1731.5;0.49283904939728734
1465;1732;0.49236560848552935
1466;1732.5;0.49193152302723087
1467;1733;0.4915465503349424
1468;1733.5;0.4912204475212145
1469;1734;0.4909596828618259
1470;1734.5;0.49073684635096315
1471;1735;0.4905452157533281
1472;1735.5;0.49038756925957705
1473;1736;0.4902667195603668
1474;1736.5;0.4901854794463543
1475;1737;0.49014666150819586
1476;1737.5;0.4901530785365484
1477;1738;0.49020754332206834
1478;1738.5;0.4903128685554126
1479;1739;0.4904718031811585
1480;1739.5;0.4906834480950262
1481;1740;0.4909419273996055
1482;1740.5;0.49124023742670264
1483;1741;0.4915713023081237
1484;1741.5;0.49192804567567466
1485;1742;0.4923033912611617
1486;1742.5;0.4926902631963907
1487;1743;0.49308158491316795
1488;1743.5;0.49347028054329944
1489;1744;0.49385024664708455
1490;1744.5;0.4942546883655433
1491;1745;0.4946952842080844
1492;1745.5;0.49516015749892234
1493;1746;0.4956372582622728
1494;1746.5;0.49611453622235047
1495;1747;0.4965799411033706
1496;1747.5;0.4970214227295485
1497;1748;0.497426930825099
1498;1748.5;0.49778441511423743
1499;1749;0.49808190414836934
1500;1749.5;0.49832330013901094
1501;1750;0.4985196192596099
1502;1750.5;0.49867228397094465
1503;1751;0.49878226493379313
1504;1751.5;0.4988505329089337
1505;1752;0.49887805855714495
1506;1752.5;0.4988658126392048
1507;1753;0.4988147659158916
1508;1753.5;0.4987258891479838
1509;1754;0.4986001529962595
1510;1754.5;0.4984170683904935
1511;1755;0.4981617145966276
1512;1755.5;0.49784269479913795
1513;1756;0.49746829516850377
1514;1756.5;0.4970468023752046
1515;1757;0.4965865024897197
1516;1757.5;0.49609568208252863
1517;1758;0.4955826273241106
1518;1758.5;0.4950556247849452
1519;1759;0.49452296073551166
1520;1759.5;0.49396955818079624
1521;1760;0.4933700688450181
1522;1760.5;0.4927311159520157
1523;1761;0.4920597551599705
1524;1761.5;0.4913630419270653
1525;1762;0.49064803191148154
1526;1762.5;0.48992178057140184
1527;1763;0.48919134356500804
1528;1763.5;0.48846377645048245
1529;1764;0.4877461346860069
1530;1764.5;0.4870312946278224
1531;1765;0.486300002024972
1532;1765.5;0.4855567519191261
1533;1766;0.48480623827559005
1534;1766.5;0.4840531549596688
1535;1767;0.48330219583666756
1536;1767.5;0.4825580549718912
1537;1768;0.48182542613064483
1538;1768.5;0.4811090032782337
1539;1769;0.4804134802799627
1540;1769.5;0.47973436055615437
1541;1770;0.4790534654713836
1542;1770.5;0.4783734996605548
1543;1771;0.4776988770938644
1544;1771.5;0.4770340120415085
1545;1772;0.47638331857368366
1546;1772.5;0.475751210760586
1547;1773;0.475142102772412
1548;1773.5;0.4745604087793578
1549;1774;0.47401054295161976
1550;1774.5;0.4734886841283859
1551;1775;0.4729711928818725
1552;1775.5;0.47245813853787605
1553;1776;0.4719544747407842
1554;1776.5;0.4714651554349848
1555;1777;0.47099513436486584
1556;1777.5;0.47054936537481484
1557;1778;0.47013280230921994
1558;1778.5;0.4697503990124689
1559;1779;0.46940710922894924
1560;1779.5;0.46910127834327076
1561;1780;0.46881048526246083
1562;1780.5;0.46853117795847377
1563;1781;0.46826376775615175
1564;1781.5;0.46800866568033744
1565;1782;0.46776628315587293
1566;1782.5;0.4675370311076007
1567;1783;0.46732132086036293
1568;1783.5;0.4671195636390021
1569;1784;0.4669321705683604
1570;1784.5;0.4667577245728799
1571;1785;0.4665886477528473
1572;1785.5;0.46642414721648845
1573;1786;0.4662635860439952
1574;1786.5;0.4661063241155598
1575;1787;0.46595172151137376
1576;1787.5;0.4657991380116293
1577;1788;0.46564793359651846
1578;1788.5;0.4654974683462331
1579;1789;0.46534710204096524
1580;1789.5;0.46519661308479243
1581;1790;0.4650477688851685
1582;1790.5;0.46490055588692875
1583;1791;0.46475467974335627
1584;1791.5;0.4646098471077341
1585;1792;0.46446576503334536
1586;1792.5;0.46432214037347314
1587;1793;0.4641786797814003
1588;1793.5;0.46403509041041013
1589;1794;0.46389107891378584
1590;1794.5;0.46374597505720283
1591;1795;0.46359745922751083
1592;1795.5;0.4634461069305781
1593;1796;0.46329330065933627
1594;1796.5;0.46314042730671695
1595;1797;0.46298887396565175
1596;1797.5;0.4628400276290723
1597;1798;0.46269527528991017
1598;1798.5;0.4625560039410968
1599;1799;0.4624236005755639
1600;1799.5;0.46229918584315366
1601;1800;0.46218074820122956
1602;1800.5;0.46206596385775195
1603;1801;0.4619545819266341
1604;1801.5;0.46184641222178896
1605;1802;0.4617412641571299
1606;1802.5;0.46163894744656975
1607;1803;0.461539271604022
1608;1803.5;0.46144204614339956
1609;1804;0.46134708067861574
1610;1804.5;0.461254689338854
1611;1805;0.4611691432816472
1612;1805.5;0.46109066139572724
1613;1806;0.46101712216920354
1614;1806.5;0.46094636029018526
1615;1807;0.46087621024678177
1616;1807.5;0.4608045067271023
1617;1808;0.460729084219256
1618;1808.5;0.4606477774113523
1619;1809;0.46055842079150067
1620;1809.5;0.46045861150145306
1621;1810;0.4603458985746672
1622;1810.5;0.4602239765420574
1623;1811;0.46009496002406214
1624;1811.5;0.45996079604111995
1625;1812;0.459823431513669
1626;1812.5;0.4596848132621478
1627;1813;0.45954688830699475
1628;1813.5;0.459411603568648
1629;1814;0.45928090586754616
1630;1814.5;0.4591561647433415
1631;1815;0.4590328426907865
1632;1815.5;0.458910465578718
1633;1816;0.4587894353478341
1634;1816.5;0.4586701060388331
1635;1817;0.45855283189241314
1636;1817.5;0.45843796714927265
1637;1818;0.4583258658501096
1638;1818.5;0.4582168822356224
1639;1819;0.458111370546509
1640;1819.5;0.45800924370237367
1641;1820;0.4579040247639288
1642;1820.5;0.45779034370445315
1643;1821;0.45767074877894454
1644;1821.5;0.457548279042401
1645;1822;0.4574259733498203
1646;1822.5;0.4573068707562003
1647;1823;0.45719401031653906
1648;1823.5;0.4570904307858341
1649;1824;0.4569991713190837
1650;1824.5;0.45692288377232015
1651;1825;0.45685766603744077
1652;1825.5;0.45679713250006293
1653;1826;0.4567402110104638
1654;1826.5;0.45668626641892107
1655;1827;0.4566346638757116
1656;1827.5;0.45658476833111317
1657;1828;0.45653594493540267
1658;1828.5;0.45648755843885774
1659;1829;0.4564389740917555
1660;1829.5;0.456389784560553
1661;1830;0.4563427157371838
1662;1830.5;0.45629944983851195
1663;1831;0.456258910619476
1664;1831.5;0.45621984713501423
1665;1832;0.45618100834006536
1666;1832.5;0.4561411434895679
1667;1833;0.4560990013384603
1668;1833.5;0.45605333104168116
1669;1834;0.45600288165416886
1670;1834.5;0.4559463495421546
1671;1835;0.4558803125220255
1672;1835.5;0.45579873850932096
1673;1836;0.4557042911630475
1674;1836.5;0.4556004177422115
1675;1837;0.4554905657058191
1676;1837.5;0.455378182612877
1677;1838;0.4552667158223912
1678;1838.5;0.455159612693368
1679;1839;0.4550603207848143
1680;1839.5;0.4549723567197705
1681;1840;0.45489726983212064
1682;1840.5;0.45482762963393036
1683;1841;0.4547613048316722
1684;1841.5;0.4546968653318192
1685;1842;0.45463288094084414
1686;1842.5;0.4545679213652199
1687;1843;0.45450055661141936
1688;1843.5;0.4544293562859151
1689;1844;0.45435289039518023
1690;1844.5;0.45426937514403176
1691;1845;0.454174531881968
1692;1845.5;0.4540692995849046
1693;1846;0.4539560885864323
1694;1846.5;0.4538373101201417
1695;1847;0.4537153752196229
1696;1847.5;0.4535926953184669
1697;1848;0.45347168155026385
1698;1848.5;0.45335474504860435
1699;1849;0.453244297247079
1700;1849.5;0.4531421729337971
1701;1850;0.45304509885576516
1702;1850.5;0.4529540551232091
1703;1851;0.45286805714357053
1704;1851.5;0.4527858421242909
1705;1852;0.45270614707281176
1706;1852.5;0.4526277089965746
1707;1853;0.4525492652030212
1708;1853.5;0.4524695525995928
1709;1854;0.45238730839373115
1710;1854.5;0.4523010201601087
1711;1855;0.45220669496299204
1712;1855.5;0.45210201439671166
1713;1856;0.45198991851268494
1714;1856.5;0.4518736689623294
1715;1857;0.451756527597062
1716;1857.5;0.4516417560682999
1717;1858;0.4515326161274606
1718;1858.5;0.4514323697259611
1719;1859;0.4513442784152188
1720;1859.5;0.45127116753974483
1721;1860;0.4512102405176484
1722;1860.5;0.45115441601423567
1723;1861;0.45110327776670023
1724;1861.5;0.4510569171122345
1725;1862;0.451015424988032
1726;1862.5;0.45097889253128576
1727;1863;0.45094741087918877
1728;1863.5;0.4509210711689341
1729;1864;0.45089996453771486
1730;1864.5;0.4508858425608754
1731;1865;0.45088839715472534
1732;1865.5;0.45090769059034164
1733;1866;0.45094121517088526
1734;1866.5;0.45098642149951695
1735;1867;0.45104076027939755
1736;1867.5;0.45110168181368815
1737;1868;0.45116663680554947
1738;1868.5;0.45123307575814237
1739;1869;0.45129844927462787
1740;1869.5;0.45136546329435195
1741;1870;0.45145718438254095
1742;1870.5;0.4515719902799952
1743;1871;0.4517070220031679
1744;1871.5;0.45185953456851247
1745;1872;0.4520267827924819
1746;1872.5;0.45220602169152924
1747;1873;0.4523945062821081
1748;1873.5;0.4525894915806713
1749;1874;0.4527882324036723
1750;1874.5;0.45299608977294203
1751;1875;0.45324316270188325
1752;1875.5;0.4535279386464204
1753;1876;0.45384606013196593
1754;1876.5;0.4541932057839331
1755;1877;0.4545650542277343
1756;1877.5;0.45495728418878223
1757;1878;0.45536557429248975
1758;1878.5;0.4557856032642695
1759;1879;0.4562130497295341
1760;1879.5;0.4566529552276707
1761;1880;0.4571319981533189
1762;1880.5;0.45764825422712346
1763;1881;0.4581979730817494
1764;1881.5;0.45877741534986144
1765;1882;0.4593828419641245
1766;1882.5;0.46001051365720347
1767;1883;0.46065669126176323
1768;1883.5;0.46131763551046856
1769;1884;0.46198960733598443
1770;1884.5;0.4626782543853315
1771;1885;0.4634033802793148
1772;1885.5;0.46416027301851015
1773;1886;0.4649430933468876
1774;1886.5;0.46574600430841817
1775;1887;0.46656316894707217
1776;1887.5;0.46738875030682037
1777;1888;0.46821691153163325
1778;1888.5;0.46904181556548136
1779;1889;0.4698576257523355
1780;1889.5;0.4706691263618431
1781;1890;0.47149260419613964
1782;1890.5;0.4723245428868369
1783;1891;0.47316112035681623
1784;1891.5;0.47399851532895954
1785;1892;0.47483290602614814
1786;1892.5;0.47566047087126373
1787;1893;0.4764773884871877
1788;1893.5;0.47727983719680217
1789;1894;0.478063995522988
1790;1894.5;0.47882996171879916
1791;1895;0.4795836495845028
1792;1895.5;0.48032709718844463
1793;1896;0.481061895328917
1794;1896.5;0.4817896345042122
1795;1897;0.4825119054126228
1796;1897.5;0.48323029875244083
1797;1898;0.4839464051219589
1798;1898.5;0.48466181511946915
1799;1899;0.48537811954326393
1800;1899.5;0.48609235759890695
1801;1900;0.4867998551467843
1802;1900.5;0.4875014649388076
1803;1901;0.48819878655291726
1804;1901.5;0.4888934194670537
1805;1902;0.48958696305915766
1806;1902.5;0.4902810168071693
1807;1903;0.4909771802890293
1808;1903.5;0.4916770528826781
1809;1904;0.4923822217959618
1810;1904.5;0.49309218107466074
1811;1905;0.4938070210242089
1812;1905.5;0.49452651631596856
1813;1906;0.4952497919213023
1814;1906.5;0.4959759729115726
1815;1907;0.496704184358142
1816;1907.5;0.4974335512323728
1817;1908;0.4981631987056276
1818;1908.5;0.49889225174926866
1819;1909;0.4996198379198086
1820;1909.5;0.5003449425798886
1821;1910;0.5010654161700158
1822;1910.5;0.5017819109530793
1823;1911;0.5024959213919689
1824;1911.5;0.5032089417495735
1825;1912;0.5039224664887827
1826;1912.5;0.5046379898724858
1827;1913;0.5053570065635722
1828;1913.5;0.5060810106249312
1829;1914;0.5068115206508472
1830;1914.5;0.5075499047259895
1831;1915;0.508291424168321
1832;1915.5;0.5090348370112673
1833;1916;0.5097804127882537
1834;1916.5;0.5105284209327057
1835;1917;0.5112791308780488
1836;1917.5;0.5120328120577083
1837;1918;0.5127897339051101
1838;1918.5;0.5135501658536793
1839;1919;0.5143147328446567
1840;1919.5;0.5150858688874856
1841;1920;0.5158617748819211
1842;1920.5;0.5166407373866749
1843;1921;0.5174212321604598
1844;1921.5;0.5182017353619873
1845;1922;0.5189807226499702
1846;1922.5;0.5197566699831201
1847;1923;0.5205280534201495
1848;1923.5;0.5212933486197706
1849;1924;0.5220527007467007
1850;1924.5;0.5228124610604342
1851;1925;0.5235722316244369
1852;1925.5;0.5243301072232815
1853;1926;0.5250841249415416
1854;1926.5;0.5258323215637897
1855;1927;0.5265727340745991
1856;1927.5;0.5273033993585428
1857;1928;0.5280223544001935
1858;1928.5;0.5287276360841248
1859;1929;0.5294205983567928
1860;1929.5;0.5301084814940135
1861;1930;0.5307889193691387
1862;1930.5;0.5314600510749241
1863;1931;0.5321200774041251
1864;1931.5;0.532767199349498
1865;1932;0.533399617603798
1866;1932.5;0.5340155332597807
1867;1933;0.5346131469102021
1868;1933.5;0.5351906595478175
1869;1934;0.5357538711957316
1870;1934.5;0.5363123539769613
1871;1935;0.5368612655246027
1872;1935.5;0.5373976582698103
1873;1936;0.5379186238437379
1874;1936.5;0.5384212533775398
1875;1937;0.5389026384023701
1876;1937.5;0.5393598701493827
1877;1938;0.5397900400497319
1878;1938.5;0.5401902395418837
1879;1939;0.5405779725095455
1880;1939.5;0.5409680885732614
1881;1940;0.5413533555941558
1882;1940.5;0.5417269188333534
1883;1941;0.5420819239519791
1884;1941.5;0.542411516511157
1885;1942;0.5427088419720121
1886;1942.5;0.5429670458956689
1887;1943;0.5431792740432522
1888;1943.5;0.543339418872116
1889;1944;0.543476792192547
1890;1944.5;0.5436068757698242
1891;1945;0.5437265850468822
1892;1945.5;0.5438329369666554
1893;1946;0.543922948272078
1894;1946.5;0.5439936356060845
1895;1947;0.5440420159116093
1896;1947.5;0.5440651057315866
1897;1948;0.5440599220089509
1898;1948.5;0.5440240119547004
1899;1949;0.5439628021614216
1900;1949.5;0.5438787412583665
1901;1950;0.5437737189336087
1902;1950.5;0.5436503249752211
1903;1951;0.5435111488712774
1904;1951.5;0.5433587805098508
1905;1952;0.5431958094790144
1906;1952.5;0.5430248255668415
1907;1953;0.5428484183614058
1908;1953.5;0.5426651054119217
1909;1954;0.5424551296963152
1910;1954.5;0.5422187039992934
1911;1955;0.5419593540411621
1912;1955.5;0.5416806027422281
1913;1956;0.5413859724227975
1914;1956.5;0.5410789860031768
1915;1957;0.5407631660036721
1916;1957.5;0.54044203504459
1917;1958;0.5401191158462366
1918;1958.5;0.5397924438873465
1919;1959;0.5394490986977812
1920;1959.5;0.5390905962288134
1921;1960;0.5387192746414602
1922;1960.5;0.5383374360967391
1923;1961;0.5379473823556671
1924;1961.5;0.5375514151792616
1925;1962;0.5371518365285401
1926;1962.5;0.53675094826452
1927;1963;0.5363510521482182
1928;1963.5;0.5359494576217242
1929;1964;0.5355375571435269
1930;1964.5;0.5351107850668689
1931;1965;0.5346724162481641
1932;1965.5;0.5342260123438267
1933;1966;0.533775135510271
1934;1966.5;0.533323347603911
1935;1967;0.5328742104811607
1936;1967.5;0.5324312861984344
1937;1968;0.5319981126167465
1938;1968.5;0.5315754047760538
1939;1969;0.5311590823915655
1940;1969.5;0.5307447036117623
1941;1970;0.5303327185851243
1942;1970.5;0.5299235875601322
1943;1971;0.5295177703852663
1944;1971.5;0.5291157273090068
1945;1972;0.5287179181798345
1946;1972.5;0.5283248031462293
1947;1973;0.5279366736754
1948;1973.5;0.5275520352100976
1949;1974;0.5271713391623359
1950;1974.5;0.5267948844423546
1951;1975;0.526422864260393
1952;1975.5;0.5260554719266903
1953;1976;0.5256929007514861
1954;1976.5;0.5253353439450199
1955;1977;0.5249829948175311
1956;1977.5;0.524636046579259
1957;1978;0.5242927740203503
1958;1978.5;0.5239443561705086
1959;1979;0.523592369285604
1960;1979.5;0.5232405837803475
1961;1980;0.5228927283694496
1962;1980.5;0.5225525313676206
1963;1981;0.5222237212895713
1964;1981.5;0.5219100266500123
1965;1982;0.5216151757636542
1966;1982.5;0.5213428972452075
1967;1983;0.5210911182272288
1968;1983.5;0.5208499011441843
1969;1984;0.5206200923031273
1970;1984.5;0.5204023481840908
1971;1985;0.5201973271671065
1972;1985.5;0.5200056877322072
1973;1986;0.5198280881594253
1974;1986.5;0.519665186828793
1975;1987;0.5195176423203431
1976;1987.5;0.5193861115540102
1977;1988;0.5192669458403204
1978;1988.5;0.5191564488762277
1979;1989;0.5190560493549797
1980;1989.5;0.518967066669824
1981;1990;0.5188907965140083
1982;1990.5;0.5188285345807799
1983;1991;0.5187815764633869
1984;1991.5;0.5187512180550765
1985;1992;0.5187387548490964
1986;1992.5;0.5187468945942718
1987;1993;0.5188024915782091
1988;1993.5;0.5189106179259273
1989;1994;0.5190643143730723
1990;1994.5;0.5192569329552905
1991;1995;0.5194818258082278
1992;1995.5;0.5197323449675305
1993;1996;0.5200018426688449
1994;1996.5;0.5202836709478168
1995;1997;0.5205711820400928
1996;1997.5;0.5208665652423028
1997;1998;0.5212103279709066
1998;1998.5;0.5216023816322252
1999;1999;0.5220363235391863
2000;1999.5;0.5225058538047176
2001;2000;0.5230046728417466
2002;2000.5;0.5235264810632013
2003;2001;0.5240649784820091
2004;2001.5;0.5246138657110979
2005;2002;0.525166842863395
2006;2002.5;0.5257362658218229
2007;2003;0.5263525407484217
2008;2003.5;0.5270051581998187
2009;2004;0.5276829667938865
2010;2004.5;0.5283750504484983
2011;2005;0.5290704929815273
2012;2005.5;0.529758378410846
2013;2006;0.530427790454328
2014;2006.5;0.5310678132298456
2015;2007;0.531667680954407
2016;2007.5;0.5322477354495894
2017;2008;0.532824772187658
2018;2008.5;0.533394337265023
2019;2009;0.5339514697780938
2020;2009.5;0.5344911719232807
2021;2010;0.5350084454969933
2022;2010.5;0.5354982927956417
2023;2011;0.5359557157156354
2024;2011.5;0.5363757164533846
2025;2012;0.5367552368512791
2026;2012.5;0.5371124965052715
2027;2013;0.5374518317693648
2028;2013.5;0.5377721541209365
2029;2014;0.5380746316373639
2030;2014.5;0.5383604340960246
2031;2015;0.5386307314742957
2032;2015.5;0.5388866936495553
2033;2016;0.5391294903991803
2034;2016.5;0.5393602918005485
2035;2017;0.5395777592206026
2036;2017.5;0.53977653354376
2037;2018;0.5399589570077137
2038;2018.5;0.5401291582963287
2039;2019;0.5402921470934694
2040;2019.5;0.5404529332830005
2041;2020;0.5406165266487866
2042;2020.5;0.5407879368746924
2043;2021;0.5409721739445827
2044;2021.5;0.5411742474423221
2045;2022;0.541396426855855
2046;2022.5;0.5416366526711398
2047;2023;0.5418920482922761
2048;2023.5;0.5421621948947843
2049;2024;0.5424471073541846
2050;2024.5;0.5427468003459974
2051;2025;0.5430612883457429
2052;2025.5;0.5433905861289414
2053;2026;0.5437347084711133
2054;2026.5;0.5440959273304833
2055;2027;0.5445120824943054
2056;2027.5;0.5449921311629871
2057;2028;0.5455288530720318
2058;2028.5;0.5461163382569427
2059;2029;0.5467487269532232
2060;2029.5;0.5474201596963766
2061;2030;0.5481247768219062
2062;2030.5;0.5488567185653153
2063;2031;0.5496101254621074
2064;2031.5;0.5503955644787879
2065;2032;0.5512703733396829
2066;2032.5;0.5522331853551901
2067;2033;0.5532754107707321
2068;2033.5;0.5543874187317311
2069;2034;0.5555595782836096
2070;2034.5;0.5567822585717896
2071;2035;0.5580458284416936
2072;2035.5;0.5593406572387438
2073;2036;0.5606571138083628
2074;2036.5;0.5620233130710136
2075;2037;0.5634710836854829
2076;2037.5;0.5649796411941325
2077;2038;0.56653420918443
2078;2038.5;0.5681216337438431
2079;2039;0.569728761059839
2080;2039.5;0.5713424372198859
2081;2040;0.5729495084114506
2082;2040.5;0.5745368207220014
2083;2041;0.5760969882821915
2084;2041.5;0.5777076828022006
2085;2042;0.5793788071501184
2086;2042.5;0.5810837794782273
2087;2043;0.5827941137388095
2088;2043.5;0.584481288184148
2089;2044;0.5861167813665247
2090;2044.5;0.5876720715382224
2091;2045;0.5891186371515235
2092;2045.5;0.5904279564587106
2093;2046;0.5916018650583617
2094;2046.5;0.5927196104668607
2095;2047;0.5937728972944836
2096;2047.5;0.5947474092492496
2097;2048;0.5956273820391786
2098;2048.5;0.5963970512722903
2099;2049;0.5970406529566041
2100;2049.5;0.5975424225001399
2101;2050;0.5978865959109172
2102;2050.5;0.5980573970078772
2103;2051;0.5980125598836064
2104;2051.5;0.5977391450637723
2105;2052;0.5972586922877176
2106;2052.5;0.5965932250947847
2107;2053;0.5957653583243168
2108;2053.5;0.5947977065156559
2109;2054;0.593712884408145
2110;2054.5;0.5925335067411266
2111;2055;0.5912821881539434
2112;2055.5;0.5899616764128328
2113;2056;0.5884142659154245
2114;2056.5;0.5866360603381751
2115;2057;0.5846719599005212
2116;2057.5;0.5825657103219001
2117;2058;0.5803609635217484
2118;2058.5;0.5781013716195031
2119;2059;0.5758305866346011
2120;2059.5;0.5735922606864792
2121;2060;0.5714300457945741
2122;2060.5;0.5693180375062703
2123;2061;0.5671391410823012
2124;2061.5;0.5649135450432532
2125;2062;0.5626666791014379
2126;2062.5;0.5604245048691671
2127;2063;0.5582129839587527
2128;2063.5;0.5560580782825066
2129;2064;0.5539857494527407
2130;2064.5;0.5520219592817666
2131;2065;0.5501903715644512
2132;2065.5;0.5484244566586117
2133;2066;0.5466928413323924
2134;2066.5;0.5450079891857882
2135;2067;0.543383186218794
2136;2067.5;0.5418319585314044
2137;2068;0.5403678323236145
2138;2068.5;0.5390043333954189
2139;2069;0.5377549879468123
2140;2069.5;0.5366333220777899
2141;2070;0.5356264803073495
2142;2070.5;0.534636623330605
2143;2071;0.5336650545233983
2144;2071.5;0.5327249623533377
2145;2072;0.531831676588032
2146;2072.5;0.5310005999950895
2147;2073;0.5302471348421192
2148;2073.5;0.5295866836967295
2149;2074;0.5290346490265291
2150;2074.5;0.528606424567699
2151;2075;0.528239196540264
2152;2075.5;0.5278704980094572
2153;2076;0.5275111077030492
2154;2076.5;0.5271707869488109
2155;2077;0.5268590850745127
2156;2077.5;0.5265855514079254
2157;2078;0.5263597350768198
2158;2078.5;0.5261911855089663
2159;2079;0.5260894518321357
2160;2079.5;0.5260565018163365
2161;2080;0.5260401232090184
2162;2080.5;0.5260271869965345
2163;2081;0.5260145804465564
2164;2081.5;0.5260041262267554
2165;2082;0.5259982369048032
2166;2082.5;0.5259993249483715
2167;2083;0.5260098029251316
2168;2083.5;0.526032083202755
2169;2084;0.5260685784489134
2170;2084.5;0.5261204400283621
2171;2085;0.5261882034637434
2172;2085.5;0.5262689304368408
2173;2086;0.5263570589811952
2174;2086.5;0.5264526466303485
2175;2087;0.5265557631178421
2176;2087.5;0.5266664780772168
2177;2088;0.5267848609420145
2178;2088.5;0.5269109813457764
2179;2089;0.5270456528618384
2180;2089.5;0.5271978555287583
2181;2090;0.5273684022553614
2182;2090.5;0.5275552300607987
2183;2091;0.5277557055642211
2184;2091.5;0.5279670487847792
2185;2092;0.5281864794416237
2186;2092.5;0.5284112177539054
2187;2093;0.5286384836407749
2188;2093.5;0.5288654969213832
2189;2094;0.5290939630083511
2190;2094.5;0.529331478541341
2191;2095;0.5295778022349614
2192;2095.5;0.5298332631186837
2193;2096;0.5300978668219793
2194;2096.5;0.5303715997743194
2195;2097;0.530654448405175
2196;2097.5;0.5309463991440174
2197;2098;0.5312474385203181
2198;2098.5;0.5315581946967969
2199;2099;0.5318902332712175
2200;2099.5;0.5322462042300108
2201;2100;0.5326248406356928
2202;2100.5;0.5330234735507805
2203;2101;0.5334387499377894
2204;2101.5;0.5338673171592366
2205;2102;0.5343058222776381
2206;2102.5;0.5347509125555104
2207;2103;0.5351992352553699
2208;2103.5;0.5356526076881977
2209;2104;0.5361204576548042
2210;2104.5;0.5365986444057413
2211;2105;0.5370789968905726
2212;2105.5;0.5375616935588622
2213;2106;0.5380475625601738
2214;2106.5;0.5385374322440716
2215;2107;0.5390321308601191
2216;2107.5;0.5395324865578806
2217;2108;0.5400396294241391
2218;2108.5;0.5405612997270033
2219;2109;0.5411023629479592
2220;2109.5;0.5416600182664549
2221;2110;0.542231133461939
2222;2110.5;0.5428153048138598
2223;2111;0.5434121284016655
2224;2111.5;0.5440212005048047
2225;2112;0.5446421171027257
2226;2112.5;0.5452744744748769
2227;2113;0.5459217885563634
2228;2113.5;0.546590964512721
2229;2114;0.5472785930268363
2230;2114.5;0.5479818568949913
2231;2115;0.5486967935134682
2232;2115.5;0.5494192781785492
2233;2116;0.5501451864865163
2234;2116.5;0.5508703937336519
2235;2117;0.5515907755162377
2236;2117.5;0.5523034280388697
2237;2118;0.5530254186205121
2238;2118.5;0.5537587036042112
2239;2119;0.5544960101791477
2240;2119.5;0.555231033234503
2241;2120;0.555958688259458
2242;2120.5;0.5566738904431942
2243;2121;0.5573715552748923
2244;2121.5;0.558046598143734
2245;2122;0.5586939344389001
2246;2122.5;0.5593179165866409
2247;2123;0.5599342536339489
2248;2123.5;0.5605418748925197
2249;2124;0.5611374813507588
2250;2124.5;0.5617183135970722
2251;2125;0.5622817907198654
2252;2125.5;0.562825331807544
2253;2126;0.5633463557485143
2254;2126.5;0.5638422815311813
2255;2127;0.5643120695044053
2256;2127.5;0.5647707905282577
2257;2128;0.5652202111943596
2258;2128.5;0.565657748774494
2259;2129;0.5660810142404443
2260;2129.5;0.5664869725639937
2261;2130;0.5668725885169252
2262;2130.5;0.5672348272710223
2263;2131;0.5675706534980678
2264;2131.5;0.5678770322698454
2265;2132;0.5681594489713904
2266;2132.5;0.5684291977152174
2267;2133;0.5686871636552683
2268;2133.5;0.5689343816487429
2269;2134;0.5691715410528418
2270;2134.5;0.5693992770247653
2271;2135;0.5696182246217136
2272;2135.5;0.5698290191008868
2273;2136;0.5700322956194851
2274;2136.5;0.5702277558356353
2275;2137;0.5704106253826728
2276;2137.5;0.5705824887959787
2277;2138;0.5707452842291059
2278;2138.5;0.5709016638356068
2279;2139;0.5710552959690343
2280;2139.5;0.571209848882941
2281;2140;0.5713689907308799
2282;2140.5;0.5715363896664032
2283;2141;0.5717157016903988
2284;2141.5;0.5719053641800752
2285;2142;0.5721033545766047
2286;2142.5;0.5723111595750511
2287;2143;0.5725292568704784
2288;2143.5;0.5727580268579507
2289;2144;0.5729978952325315
2290;2144.5;0.573249287489285
2291;2145;0.573512629123275
2292;2145.5;0.5737883456295654
2293;2146;0.5740816211321527
2294;2146.5;0.5744080372163463
2295;2147;0.5747659477137161
2296;2147.5;0.5751540519626642
2297;2148;0.5755703016015922
2298;2148.5;0.5760113272689014
2299;2149;0.5764737594029933
2300;2149.5;0.5769542283422698
2301;2150;0.5774493645251324
2302;2150.5;0.577957032153255
2303;2151;0.578500866242573
2304;2151.5;0.5790853347143865
2305;2152;0.5797007239039248
2306;2152.5;0.580334097146417
2307;2153;0.5809810028770925
2308;2153.5;0.5816376401311807
2309;2154;0.5823002076439108
2310;2154.5;0.5829649044505121
2311;2155;0.5836279292862141
2312;2155.5;0.5842962178169995
2313;2156;0.5849870687048069
2314;2156.5;0.5857021903179584
2315;2157;0.5864394632189163
2316;2157.5;0.5871944794701422
2317;2158;0.5879633282340985
2318;2158.5;0.588742098873247
2319;2159;0.5895268806500503
2320;2159.5;0.59031376272697
2321;2160;0.5911016879497735
2322;2160.5;0.5919032148318948
2323;2161;0.5927134061427993
2324;2161.5;0.593524708588152
2325;2162;0.5943326898736184
2326;2162.5;0.5951332848048632
2327;2163;0.5959224048875515
2328;2163.5;0.5966959620273485
2329;2164;0.5974498677299195
2330;2164.5;0.5981801813866322
2331;2165;0.5988956572510901
2332;2165.5;0.5996051678322756
2333;2166;0.6003112674949586
2334;2166.5;0.6010154016039091
2335;2167;0.6017164121238971
2336;2167.5;0.6024128346196927
2337;2168;0.603103204456066
2338;2168.5;0.603786057197787
2339;2169;0.6044599282096254
2340;2169.5;0.6051255220969762
2341;2170;0.6057845185462606
2342;2170.5;0.6064324371881881
2343;2171;0.6070667258501816
2344;2171.5;0.6076866595596645
2345;2172;0.6082899378440597
2346;2172.5;0.6088742581307904
2347;2173;0.6094373180472795
2348;2173.5;0.6099768150209504
2349;2174;0.6104925064451854
2350;2174.5;0.6109976727719049
2351;2175;0.6114926792319763
2352;2175.5;0.6119733557698828
2353;2176;0.6124319709301075
2354;2176.5;0.6128663459571333
2355;2177;0.6132750011954438
2356;2177.5;0.6136564572895218
2357;2178;0.6140092345838504
2358;2178.5;0.6143321632283492
2359;2179;0.6146496134412962
2360;2179.5;0.6149726167336907
2361;2180;0.6152939365835799
2362;2180.5;0.6156021201690115
2363;2181;0.6158864744680332
2364;2181.5;0.6161380436586926
2365;2182;0.6163478720190374
2366;2182.5;0.6165070036271151
2367;2183;0.6166064828609734
2368;2183.5;0.6166628762681208
2369;2184;0.6167197780746643
2370;2184.5;0.6167718013238677
2371;2185;0.616812018611399
2372;2185.5;0.6168334642329268
2373;2186;0.6168293839841196
2374;2186.5;0.6167930283606455
2375;2187;0.6167176479581731
2376;2187.5;0.6165964933723707
2377;2188;0.6164283015885494
2378;2188.5;0.6162413160401993
2379;2189;0.6160421278682506
2380;2189.5;0.6158324517296423
2381;2190;0.6156133352813138
2382;2190.5;0.6153866450802041
2383;2191;0.6151544227832527
2384;2191.5;0.6149187102473987
2385;2192;0.6146815490295815
2386;2192.5;0.6144447282824552
2387;2193;0.6142035661720119
2388;2193.5;0.6139572375763143
2389;2194;0.6137079725195401
2390;2194.5;0.6134592384258672
2391;2195;0.6132130143194733
2392;2195.5;0.6129701007245357
2393;2196;0.6127312980652325
2394;2196.5;0.6124974068657412
2395;2197;0.6122692275502397
2396;2197.5;0.6120485027493523
2397;2198;0.6118341143140925
2398;2198.5;0.6116220638925816
2399;2199;0.6114072945728128
2400;2199.5;0.6111854224427786
2401;2200;0.6109559366904714
2402;2200.5;0.6107184332038843
2403;2201;0.6104725084710095
2404;2201.5;0.61021775847984
2405;2202;0.6099530043787131
2406;2202.5;0.6096776504566167
2407;2203;0.6093954747290382
2408;2203.5;0.6091092559277743
2409;2204;0.6088138257846216
2410;2204.5;0.6085098299313764
2411;2205;0.6081994712998353
2412;2205.5;0.6078849528217949
2413;2206;0.6075684775290515
2414;2206.5;0.6072501202255604
2415;2207;0.6069167592057293
2416;2207.5;0.6065687884556243
2417;2208;0.6062099215659091
2418;2208.5;0.6058439011272465
2419;2209;0.6054723915303002
2420;2209.5;0.6050963623657333
2421;2210;0.6047167833242091
2422;2210.5;0.6043346238963911
2423;2211;0.6039500870366438
2424;2211.5;0.603542899114832
2425;2212;0.603106910574746
2426;2212.5;0.6026464677156808
2427;2213;0.6021661973369319
2428;2213.5;0.6016734824377948
2429;2214;0.6011771195175649
2430;2214.5;0.6006859127755375
2431;2215;0.6002086663110079
2432;2215.5;0.5997541843232715
2433;2216;0.5993126053234731
2434;2216.5;0.5988721912235091
2435;2217;0.5984393087257824
2436;2217.5;0.5980204674500404
2437;2218;0.597620495016032
2438;2218.5;0.597240671943504
2439;2219;0.5968820336522056
2440;2219.5;0.5965456160618838
2441;2220;0.5962324546922869
2442;2220.5;0.5959335591481754
2443;2221;0.5956289774189854
2444;2221.5;0.59531967016972
2445;2222;0.5950069843575999
2446;2222.5;0.594689783439846
2447;2223;0.5943754408736787
2448;2223.5;0.5940737673163189
2449;2224;0.5937945734249869
2450;2224.5;0.5935476697569035
2451;2225;0.593339060187384
2452;2225.5;0.593159682154832
2453;2226;0.593010417379136
2454;2226.5;0.5928936565338037
2455;2227;0.592810308892343
2456;2227.5;0.5927535800282617
2457;2228;0.5927144150150673
2458;2228.5;0.5926837588262681
2459;2229;0.5926525562353715
2460;2229.5;0.5926107792986667
2461;2230;0.5925445513641276
2462;2230.5;0.5924524131569838
2463;2231;0.5923353143057823
2464;2231.5;0.5922015729390716
2465;2232;0.5920719602853989
2466;2232.5;0.5919555995733121
2467;2233;0.5918611527313591
2468;2233.5;0.5917972817880877
2469;2234;0.5917732510720529
2470;2234.5;0.5918059298890185
2471;2235;0.5918935062547226
2472;2235.5;0.592027480955895
2473;2236;0.5921982171792651
2474;2236.5;0.5923915166115633
2475;2237;0.5925976842395188
2476;2237.5;0.5928077364498616
2477;2238;0.5930126898293216
2478;2238.5;0.5932037384760024
2479;2239;0.5933936782208502
2480;2239.5;0.5935974440846816
2481;2240;0.5938187003248505
2482;2240.5;0.5940617255987097
2483;2241;0.5943368171636129
2484;2241.5;0.5946459134769134
2485;2242;0.594988170695965
2486;2242.5;0.5953627444781209
2487;2243;0.5957687909807344
2488;2243.5;0.5962489663424602
2489;2244;0.5968370608377935
2490;2244.5;0.5975094852159282
2491;2245;0.5982427067788357
2492;2245.5;0.5990221806284886
2493;2246;0.5998319451668577
2494;2246.5;0.600651004395915
2495;2247;0.6014583620176325
2496;2247.5;0.6022330221339816
2497;2248;0.6029819458554379
2498;2248.5;0.6037439314909729
2499;2249;0.6045170683995983
2500;2249.5;0.6052985738846293
2501;2250;0.6060824096493812

