Sample name;4-DNF7868H3601
Subsample name;子样品1
Subsample status;Finished
Operating procedure;OP:PA6采谱
Determination start;2026-04-29 06:50:07Z

MEAS SPEC;记录光谱 1;Met：PA6采谱  1
MP list
#;Wavelength / nm;Absorbance / AU
1;1000;0.4007925434940883
2;1000.5;0.4007684672139681
3;1001;0.4007181937530742
4;1001.5;0.400651877526498
5;1002;0.4005763400146032
6;1002.5;0.40049840249775304
7;1003;0.4004248864563114
8;1003.5;0.40036261337064155
9;1004;0.4003184045211071
10;1004.5;0.4002990812880717
11;1005;0.40031146525189876
12;1005.5;0.40036060064462575
13;1006;0.4004397875260245
14;1006.5;0.4005422606921888
15;1007;0.4006620956413789
16;1007.5;0.4007933681718547
17;1008;0.40093015398187626
18;1008.5;0.4010665285697037
19;1009;0.40119656783359714
20;1009.5;0.40131434747181655
21;1010;0.4014139444968083
22;1010.5;0.40150236297135766
23;1011;0.40159738434932857
24;1011.5;0.4016975928555809
25;1012;0.4018003399149747
26;1012.5;0.40190297695237015
27;1013;0.4020028552926271
28;1013.5;0.40209732626060557
29;1014;0.40218374128116563
30;1014.5;0.40225945177916733
31;1015;0.4023222703990684
32;1015.5;0.4023854085677751
33;1016;0.4024477202674682
34;1016.5;0.40250759081684845
35;1017;0.4025638488346165
36;1017.5;0.40261532283947316
37;1018;0.4026608414501192
38;1018.5;0.40269923318525536
39;1019;0.4027293266635823
40;1019.5;0.4027499504038009
41;1020;0.4027608949951868
42;1020.5;0.40277313256603786
43;1021;0.40278769555880445
44;1021.5;0.4028050125059943
45;1022;0.402825566840116
46;1022.5;0.4028498418936778
47;1023;0.4028783211991878
48;1023.5;0.4029114882891542
49;1024;0.40294982639608523
50;1024.5;0.4029938191524892
51;1025;0.40304225251063974
52;1025.5;0.40309060994755475
53;1026;0.4031429717055376
54;1026.5;0.403197956320304
55;1027;0.4032541826275695
56;1027.5;0.40331026906305006
57;1028;0.40336483436246134
58;1028.5;0.40341649706151916
59;1029;0.4034638758959391
60;1029.5;0.4035055894014371
61;1030;0.4035442987944083
62;1030.5;0.4035926372683572
63;1031;0.4036487614394401
64;1031.5;0.4037104227552012
65;1032;0.403775372963184
66;1032.5;0.4038413637109325
67;1033;0.4039061466459904
68;1033.5;0.4039674735159017
69;1034;0.40402309576821016
70;1034.5;0.4040707651504597
71;1035;0.4041160458637621
72;1035.5;0.4041717296921643
73;1036;0.4042329405545706
74;1036.5;0.40429648319045486
75;1037;0.40435916193929045
76;1037.5;0.40441778154055097
77;1038;0.4044691464337104
78;1038.5;0.4045100613582421
79;1039;0.40453733075361986
80;1039.5;0.4045477593593173
81;1040;0.40454118693031377
82;1040.5;0.40452522258473794
83;1041;0.40450290845906556
84;1041.5;0.4044763100460588
85;1042;0.40444749263847957
86;1042.5;0.40441852172909015
87;1043;0.40439146241065266
88;1043.5;0.40436838027592914
89;1044;0.404351340617682
90;1044.5;0.40434240882867317
91;1045;0.40433846108209953
92;1045.5;0.4043434752957785
93;1046;0.40435846683478227
94;1046.5;0.40438156254590885
95;1047;0.4044108890759559
96;1047.5;0.40444457317172156
97;1048;0.4044807414800037
98;1048.5;0.4045175207476001
99;1049;0.40455303782130886
100;1049.5;0.4045854130291823
101;1050;0.40461226598127176
102;1050.5;0.40464277862065634
103;1051;0.40467788143359495
104;1051.5;0.4047161918063469
105;1052;0.40475632732517103
106;1052.5;0.4047969053763266
107;1053;0.4048365436460727
108;1053.5;0.40487385942066834
109;1054;0.4049074701863725
110;1054.5;0.40493611455598755
111;1055;0.40496530719104806
112;1055.5;0.4049997995432924
113;1056;0.40503845477238015
114;1056.5;0.4050797430379706
115;1057;0.40512213459972346
116;1057.5;0.40516409961729805
117;1058;0.40520410825035375
118;1058.5;0.40524063065855
119;1059;0.4052721372015463
120;1059.5;0.4052972296114851
121;1060;0.4053189836375449
122;1060.5;0.40534072472185495
123;1061;0.4053626826341382
124;1061.5;0.40538496864411766
125;1062;0.4054076939215161
126;1062.5;0.40543096983605664
127;1063;0.4054549076574624
128;1063.5;0.405479618555456
129;1064;0.4055052137997606
130;1064.5;0.40553143937214176
131;1065;0.40555265390812184
132;1065.5;0.405567193496794
133;1066;0.40557640308699366
134;1066.5;0.4055816617275564
135;1067;0.4055843482673175
136;1067.5;0.4055858418551125
137;1068;0.4055875213397768
138;1068.5;0.4055907659701458
139;1069;0.40559695449505495
140;1069.5;0.4056079288004035
141;1070;0.40562710187738305
142;1070.5;0.40565018774775563
143;1071;0.40567623506662437
144;1071.5;0.405704530489092
145;1072;0.40573436077026176
146;1072.5;0.40576501286523675
147;1073;0.40579577352912005
148;1073.5;0.4058259295170147
149;1074;0.4058547676840236
150;1074.5;0.4058826106255376
151;1075;0.40591450845912014
152;1075.5;0.4059478173800639
153;1076;0.40598177768494736
154;1076.5;0.40601573827034887
155;1077;0.40604904823284704
156;1077.5;0.40608105656902016
157;1078;0.4061111121754468
158;1078.5;0.4061385641487055
159;1079;0.4061627613853746
160;1079.5;0.4061836724423754
161;1080;0.4062034057131685
162;1080.5;0.4062205014533379
163;1081;0.40623561062515917
164;1081.5;0.4062494453909077
165;1082;0.406262718212859
166;1082.5;0.40627614125328837
167;1083;0.40629042667447146
168;1083.5;0.4063062868386836
169;1084;0.4063244340082003
170;1084.5;0.40634454307271345
171;1085;0.40636313174601657
172;1085.5;0.40638126433856536
173;1086;0.406399377537385
174;1086.5;0.4064178909295003
175;1087;0.40643722420193623
176;1087.5;0.406457796841718
177;1088;0.40648002843587044
178;1088.5;0.40650433867141855
179;1089;0.4065311471353873
180;1089.5;0.4065636876978755
181;1090;0.4066107861387354
182;1090.5;0.4066689202391188
183;1091;0.40673448360066855
184;1091.5;0.40680387792502726
185;1092;0.40687350501383773
186;1092.5;0.4069397668687428
187;1093;0.40699906509138506
188;1093.5;0.40704780178340727
189;1094;0.40708237864645225
190;1094.5;0.40710369827318404
191;1095;0.40712500727711165
192;1095.5;0.4071467874525932
193;1096;0.4071685966896861
194;1096.5;0.40718999517844734
195;1097;0.40721054300893444
196;1097.5;0.4072298006712044
197;1098;0.4072473280553145
198;1098.5;0.407262685651322
199;1099;0.40727543344928396
200;1099.5;0.4072855837639689
201;1100;0.4072948342390609
202;1100.5;0.4073040054774551
203;1101;0.4073131754265515
204;1101.5;0.4073224201337501
205;1102;0.40733181534645074
206;1102.5;0.4073414370120533
207;1103;0.4073513610779577
208;1103.5;0.4073616632915639
209;1104;0.40737241960027176
210;1104.5;0.40738347454209733
211;1105;0.40739460405082806
212;1105.5;0.40740620673117595
213;1106;0.40741820946679264
214;1106.5;0.40743053814132946
215;1107;0.4074431186384377
216;1107.5;0.4074558768417688
217;1108;0.40746873873497413
218;1108.5;0.40748163020170497
219;1109;0.40749447702561287
220;1109.5;0.4075075291365751
221;1110;0.40752205545207054
222;1110.5;0.4075385292077412
223;1111;0.40755678530465733
224;1111.5;0.4075766578438892
225;1112;0.407597980926507
226;1112.5;0.4076205883535809
227;1113;0.40764431442618126
228;1113.5;0.40766899294537806
229;1114;0.40769445801224186
230;1114.5;0.4077232256318152
231;1115;0.40775990297404424
232;1115.5;0.4078020847362513
233;1116;0.40784881326912714
234;1116.5;0.40789913392336336
235;1117;0.40795209224965073
236;1117.5;0.4080067335986805
237;1118;0.40806210342114396
238;1118.5;0.40811724706773217
239;1119;0.40817120998913603
240;1119.5;0.40822624892636517
241;1120;0.4082880657673626
242;1120.5;0.4083542790526063
243;1121;0.4084240179902684
244;1121.5;0.40849641668852127
245;1122;0.4085706091555371
246;1122.5;0.4086457294994882
247;1123;0.4087209117285468
248;1123.5;0.408795289950885
249;1124;0.40886799837467525
250;1124.5;0.40894113129491166
251;1125;0.4090183530182895
252;1125.5;0.4090958663143871
253;1126;0.4091732964564095
254;1126.5;0.4092502823175619
255;1127;0.4093264627710494
256;1127.5;0.409401476690077
257;1128;0.40947496294784996
258;1128.5;0.40954656031757325
259;1129;0.40961590777245194
260;1129.5;0.40968410121310833
261;1130;0.409753240523871
262;1130.5;0.40982105845614536
263;1131;0.40988821448860985
264;1131.5;0.4099553895999427
265;1132;0.4100232645688224
266;1132.5;0.41009252007392727
267;1133;0.4101638370939355
268;1133.5;0.4102378965075258
269;1134;0.41031537899337633
270;1134.5;0.41039589340139615
271;1135;0.41047711226438943
272;1135.5;0.41055938064492264
273;1136;0.4106427385697563
274;1136.5;0.4107272202656511
275;1137;0.4108128605593674
276;1137.5;0.4108996938776657
277;1138;0.4109877547473067
278;1138.5;0.4110770776950507
279;1139;0.4111676973476584
280;1139.5;0.4112590749515803
281;1140;0.4113525110786358
282;1140.5;0.41145197429661395
283;1141;0.4115567353466876
284;1141.5;0.4116659947700291
285;1142;0.41177895350781124
286;1142.5;0.4118948124012065
287;1143;0.4120127721913877
288;1143.5;0.41213203381952723
289;1144;0.4122517978267978
290;1144.5;0.4123743845176219
291;1145;0.4125087354436072
292;1145.5;0.41265549195832574
293;1146;0.4128128822955002
294;1146.5;0.4129790825888534
295;1147;0.4131522688721079
296;1147.5;0.41333061737898646
297;1148;0.4135123040432118
298;1148.5;0.41369550519850656
299;1149;0.41387839677859334
300;1149.5;0.4140633653780192
301;1150;0.4142617054580951
302;1150.5;0.4144692243734342
303;1151;0.41468327161273033
304;1151.5;0.41490129656467667
305;1152;0.415120748817967
306;1152.5;0.4153390778612948
307;1153;0.41555373318335365
308;1153.5;0.41576216417283707
309;1154;0.4159618204184386
310;1154.5;0.416152644687313
311;1155;0.4163422971286811
312;1155.5;0.41652914852190837
313;1156;0.4167133015426681
314;1156.5;0.41689500356663334
315;1157;0.4170745019694776
316;1157.5;0.41725204422687395
317;1158;0.41742787771449574
318;1158.5;0.4176022499080161
319;1159;0.41777540818310827
320;1159.5;0.4179476361839164
321;1160;0.41812015358907584
322;1160.5;0.4182949291411727
323;1161;0.4184719262234899
324;1161.5;0.41865098511931026
325;1162;0.4188319463119162
326;1162.5;0.41901465018459066
327;1163;0.4191989372206163
328;1163.5;0.4193846476032759
329;1164;0.41957162191585207
330;1164.5;0.4197584744825636
331;1165;0.41994090648993854
332;1165.5;0.420126491494986
333;1166;0.4203159369965797
334;1166.5;0.42050918259359377
335;1167;0.4207061683849022
336;1167.5;0.42090683406937923
337;1168;0.42111111934589873
338;1168.5;0.4213189642133348
339;1169;0.4215303083705614
340;1169.5;0.4217456616434
341;1170;0.42196950072744716
342;1170.5;0.4222084425518734
343;1171;0.4224614672975465
344;1171.5;0.4227265181453349
345;1172;0.42300153817610653
346;1172.5;0.42328447047072937
347;1173;0.42357325821007163
348;1173.5;0.4238658443750013
349;1174;0.42416017214638646
350;1174.5;0.4244554092274214
351;1175;0.42476071133054144
352;1175.5;0.42507750591579213
353;1176;0.4254042318031295
354;1176.5;0.42573921491251027
355;1177;0.4260807809638905
356;1177.5;0.42642725597722686
357;1178;0.4267769655724756
358;1178.5;0.427128235769593
359;1179;0.42747939238853566
360;1179.5;0.4278296823168325
361;1180;0.4281889782214893
362;1180.5;0.42855813769953377
363;1181;0.4289343667063095
364;1181.5;0.42931493369716067
365;1182;0.42969710702743136
366;1182.5;0.4300781550524652
367;1183;0.4304553461276063
368;1183.5;0.43082594850819883
369;1184;0.4311872306495864
370;1184.5;0.4315368205194674
371;1185;0.4318798405295248
372;1185.5;0.43222091058504847
373;1186;0.43256002625775586
374;1186.5;0.43289641291936454
375;1187;0.433229296041592
376;1187.5;0.4335579011961558
377;1188;0.4338814538547733
378;1188.5;0.4341991793891622
379;1189;0.4345103034710398
380;1189.5;0.4348140588034971
381;1190;0.4351102522366313
382;1190.5;0.43540175552004345
383;1191;0.43568961084839125
384;1191.5;0.43597378051633245
385;1192;0.43625422671852443
386;1192.5;0.4365309116496251
387;1193;0.4368037977042918
388;1193.5;0.4370728471771823
389;1194;0.43733802206295425
390;1194.5;0.43759932451840394
391;1195;0.4378596671687068
392;1195.5;0.43811396699758776
393;1196;0.4383583523617802
394;1196.5;0.43859188311801817
395;1197;0.4388136191230352
396;1197.5;0.43902261993356495
397;1198;0.43921794550634113
398;1198.5;0.43939865559809743
399;1199;0.43956381006556755
400;1199.5;0.439712475243211
401;1200;0.4398524965990574
402;1200.5;0.4399836367161541
403;1201;0.44010031321043447
404;1201.5;0.4402019933978318
405;1202;0.44028814479427936
406;1202.5;0.4403582348157104
407;1203;0.44041173077805834
408;1203.5;0.4404481002972561
409;1204;0.4404668106892375
410;1204.5;0.4404673294699354
411;1205;0.4404469031268773
412;1205.5;0.4404000195352166
413;1206;0.44032536649089504
414;1206.5;0.4402265158303285
415;1207;0.44010703918993255
416;1207.5;0.4399705084061229
417;1208;0.4398204950153155
418;1208.5;0.43966057095392597
419;1209;0.43949430775837
420;1209.5;0.4393252772650634
421;1210;0.43914351005675467
422;1210.5;0.43892676691600235
423;1211;0.4386757906590367
424;1211.5;0.43839603820827006
425;1212;0.43809299848611455
426;1212.5;0.43777216061498264
427;1213;0.4374390136172865
428;1213.5;0.4370990465154385
429;1214;0.43675774843185106
430;1214.5;0.43642060848893627
431;1215;0.43608294221998956
432;1215.5;0.4357248578135695
433;1216;0.43534936153872944
434;1216.5;0.4349608886802295
435;1217;0.4345638952228299
436;1217.5;0.4341628370512908
437;1218;0.4337621703503724
438;1218.5;0.43336635110483473
439;1219;0.4329798352994382
440;1219.5;0.43260707891894273
441;1220;0.4322453744488956
442;1220.5;0.43187478883259683
443;1221;0.431501304455583
444;1221.5;0.4311291380707923
445;1222;0.430762217031163
446;1222.5;0.4304044684896334
447;1223;0.4300598198991417
448;1223.5;0.429732198312626
449;1224;0.4294255310830247
450;1224.5;0.429143745363276
451;1225;0.42888664753952854
452;1225.5;0.4286356097050762
453;1226;0.4283900496390814
454;1226.5;0.4281518628013072
455;1227;0.4279228401515171
456;1227.5;0.4277047724494743
457;1228;0.4274994504549417
458;1228.5;0.4273086652276829
459;1229;0.42713420742746094
460;1229.5;0.42697786791403913
461;1230;0.4268402682170208
462;1230.5;0.42671189527831677
463;1231;0.4265871117172728
464;1231.5;0.42646465804864836
465;1232;0.4263437483872031
466;1232.5;0.4262235965476965
467;1233;0.4261034165448879
468;1233.5;0.425982422193537
469;1234;0.4258598275084033
470;1234.5;0.4257348464042465
471;1235;0.42560715018621487
472;1235.5;0.4254827811459413
473;1236;0.4253593284783771
474;1236.5;0.42523529424985274
475;1237;0.4251105094266984
476;1237.5;0.42498480547524464
477;1238;0.42485801356182157
478;1238.5;0.4247299648527599
479;1239;0.42460049051438953
480;1239.5;0.42446942191304127
481;1240;0.42433643471225213
482;1240.5;0.42419629007590487
483;1241;0.4240487217965157
484;1241.5;0.4238959353855464
485;1242;0.4237400739544581
486;1242.5;0.42358328081471275
487;1243;0.42342769917777157
488;1243.5;0.4232754722550963
489;1244;0.42312874325814825
490;1244.5;0.4229896553983892
491;1245;0.42286031852381833
492;1245.5;0.42273151113059393
493;1246;0.42259973805410567
494;1246.5;0.4224695418113146
495;1247;0.4223429418191814
496;1247.5;0.4222219571946669
497;1248;0.4221086073547319
498;1248.5;0.4220049115163372
499;1249;0.42191288919644354
500;1249.5;0.42183455951201176
501;1250;0.42177194188000267
502;1250.5;0.42171916122819536
503;1251;0.421666559145463
504;1251.5;0.42161503605259715
505;1252;0.4215663326290436
506;1252.5;0.4215221901542474
507;1253;0.42148434970765436
508;1253.5;0.4214545525687098
509;1254;0.42143453991685903
510;1254.5;0.42142605303154773
511;1255;0.4214308329922212
512;1255.5;0.42144899621624854
513;1256;0.42147576947447113
514;1256.5;0.42150723232214393
515;1257;0.42154256984822264
516;1257.5;0.4215810325416628
517;1258;0.42162187129142026
518;1258.5;0.42166433678645066
519;1259;0.42170767981570945
520;1259.5;0.42175115106815253
521;1260;0.42179400123273536
522;1260.5;0.4218385942090401
523;1261;0.42189263452995157
524;1261.5;0.4219508444373097
525;1262;0.42201124298983544
526;1262.5;0.4220721375462505
527;1263;0.4221318348652761
528;1263.5;0.4221886422056337
529;1264;0.42224086652604464
530;1264.5;0.42228681488523045
531;1265;0.4223247942419125
532;1265.5;0.422355038996553
533;1266;0.4223863086165774
534;1266.5;0.42241529545656
535;1267;0.4224408388250175
536;1267.5;0.4224623764304665
537;1268;0.4224793460814234
538;1268.5;0.4224911853864047
539;1269;0.4224973321539271
540;1269.5;0.422497224192507
541;1270;0.42249029911066105
542;1270.5;0.42247608800018827
543;1271;0.4224558422233581
544;1271.5;0.42243060014565204
545;1272;0.42240103546954655
546;1272.5;0.422367940297518
547;1273;0.4223321067320427
548;1273.5;0.42229432677559703
549;1274;0.42225539263065726
550;1274.5;0.42221609639969976
551;1275;0.42217722998520085
552;1275.5;0.42213913668862074
553;1276;0.42209120933161764
554;1276.5;0.422036041533819
555;1277;0.42197794503698544
556;1277.5;0.42191889758287743
557;1278;0.4218608769132556
558;1278.5;0.42180586096988043
559;1279;0.42175582749451274
560;1279.5;0.42171275422891297
561;1280;0.4216786189148419
562;1280.5;0.4216553658169385
563;1281;0.42163682837672545
564;1281.5;0.4216197721372515
565;1282;0.42160623700925887
566;1282.5;0.42159640150348954
567;1283;0.42159044403068596
568;1283.5;0.42158854300159004
569;1284;0.4215908769269439
570;1284.5;0.42159762411748963
571;1285;0.4216089630839697
572;1285.5;0.42162507233712604
573;1286;0.4216464074511356
574;1286.5;0.42167155868182793
575;1287;0.421698735914242
576;1287.5;0.4217279467131048
577;1288;0.4217592021431428
578;1288.5;0.42179251276908253
579;1289;0.42182788965565077
580;1289.5;0.42186534366757417
581;1290;0.42190488556957934
582;1290.5;0.4219465262263927
583;1291;0.42199586209885587
584;1291.5;0.42206227941443997
585;1292;0.4221380683367017
586;1292.5;0.4222191034787344
587;1293;0.42230140145363204
588;1293.5;0.42238097877448827
589;1294;0.4224538522543965
590;1294.5;0.4225160383064506
591;1295;0.42256355354374414
592;1295.5;0.4225924146793708
593;1296;0.42260341234997895
594;1296.5;0.42261415530602786
595;1297;0.4226256545911425
596;1297.5;0.42263760478589657
597;1298;0.4226498076708635
598;1298.5;0.422662065126617
599;1299;0.4226741791337306
600;1299.5;0.42268595137277787
601;1300;0.4226971839243324
602;1300.5;0.4227076785689678
603;1301;0.4227171323341432
604;1301.5;0.42272521455339584
605;1302;0.42273568715918036
606;1302.5;0.42274861373850836
607;1303;0.4227632352783918
608;1303.5;0.4227787926658425
609;1304;0.422794527087872
610;1304.5;0.4228096795314923
611;1305;0.4228234908837152
612;1305.5;0.4228352022315523
613;1306;0.4228442650116745
614;1306.5;0.4228537785771609
615;1307;0.4228641152799616
616;1307.5;0.42287506038284234
617;1308;0.4228864962485687
618;1308.5;0.4228983049399062
619;1309;0.4229103688196205
620;1309.5;0.4229225700504772
621;1310;0.422934790895242
622;1310.5;0.4229469137166803
623;1311;0.4229588786141374
624;1311.5;0.42297863283013515
625;1312;0.4230093472229052
626;1312.5;0.4230486004708821
627;1313;0.4230951691525002
628;1313.5;0.42314783004619405
629;1314;0.42320535953039806
630;1314.5;0.4232665343835468
631;1315;0.4233301311840746
632;1315.5;0.423394926510416
633;1316;0.42345969704100533
634;1316.5;0.4235296950915336
635;1317;0.4236079800305424
636;1317.5;0.42368881917294016
637;1318;0.42377110896693554
638;1318.5;0.42385375116073754
639;1319;0.423935647502555
640;1319.5;0.42401569984059684
641;1320;0.4240928101230721
642;1320.5;0.42416587999818933
643;1321;0.4242338114141577
644;1321.5;0.4242992775684263
645;1322;0.42436895931682883
646;1322.5;0.42443768092727174
647;1323;0.4245050935409481
648;1323.5;0.4245710413990514
649;1324;0.42463536834277466
650;1324.5;0.4246979187133112
651;1325;0.42475853635185434
652;1325.5;0.4248170652995971
653;1326;0.42487334979773284
654;1326.5;0.42492929319288936
655;1327;0.42499259873071027
656;1327.5;0.4250581433786147
657;1328;0.42512332398519986
658;1328.5;0.4251859757990629
659;1329;0.4252439341688009
660;1329.5;0.42529503444301114
661;1330;0.4253371116702905
662;1330.5;0.4253680012992362
663;1331;0.42538553857844547
664;1331.5;0.4253890218314087
665;1332;0.42539189373117364
666;1332.5;0.42539601551309314
667;1333;0.4254008325097575
668;1333.5;0.4254062505537572
669;1334;0.4254121757776824
670;1334.5;0.42541851411412324
671;1335;0.4254251715956703
672;1335.5;0.4254320540549137
673;1336;0.4254390675244437
674;1336.5;0.4254461153660194
675;1337;0.42545316276402045
676;1337.5;0.4254618132357367
677;1338;0.42547254572319215
678;1338.5;0.42548516446841117
679;1339;0.42549947411341843
680;1339.5;0.425515279000238
681;1340;0.4255323836708943
682;1340.5;0.4255505925674118
683;1341;0.4255697101318149
684;1341.5;0.4255895409144161
685;1342;0.4256117220432241
686;1342.5;0.4256395134824789
687;1343;0.4256735610043917
688;1343.5;0.42571268488117414
689;1344;0.4257557050850376
690;1344.5;0.42580144178819346
691;1345;0.4258487148628533
692;1345.5;0.42589634448122854
693;1346;0.4259431508155306
694;1346.5;0.4259879537379708
695;1347;0.4260380705486931
696;1347.5;0.4261083547780672
697;1348;0.42619719509184845
698;1348.5;0.4263012773029072
699;1349;0.4264172715241136
700;1349.5;0.4265418476683386
701;1350;0.4266716757484522
702;1350.5;0.426803425877325
703;1351;0.42693376786782755
704;1351.5;0.42705937203283
705;1352;0.42718158763264374
706;1352.5;0.42731506395332747
707;1353;0.42745964847603546
708;1353.5;0.42761443716562225
709;1354;0.4277785654869423
710;1354.5;0.4279511686048507
711;1355;0.4281313818842015
712;1355.5;0.42831834068984975
713;1356;0.4285111803866499
714;1356.5;0.42870903623945644
715;1357;0.4289125222677116
716;1357.5;0.42913186216408017
717;1358;0.42936505787216783
718;1358.5;0.4296096108370425
719;1359;0.4298634755037722
720;1359.5;0.43012460611742476
721;1360;0.4303909571230683
722;1360.5;0.43066048296577064
723;1361;0.43093113799059984
724;1361.5;0.43120087664262385
725;1362;0.43146786369974566
726;1362.5;0.4317357905439458
727;1363;0.4320065341773221
728;1363.5;0.4322800407264392
729;1364;0.43255636781786205
730;1364.5;0.43283557277815543
731;1365;0.43311771323388404
732;1365.5;0.43340284641161286
733;1366;0.43369102993790654
734;1366.5;0.43398232123933
735;1367;0.4342767770975229
736;1367.5;0.4345740165375795
737;1368;0.434874529905066
738;1368.5;0.4351789101550649
739;1369;0.43548724314265863
740;1369.5;0.4357996148229296
741;1370;0.4361161109509604
742;1370.5;0.43643681758183356
743;1371;0.43676182057063134
744;1371.5;0.43709120567243653
745;1372;0.4374250589423313
746;1372.5;0.4377650922495375
747;1373;0.4381130887509759
748;1373.5;0.43846733649831926
749;1374;0.4388264088501366
750;1374.5;0.4391888810649969
751;1375;0.43955332790146917
752;1375.5;0.4399183243181225
753;1376;0.440282445573526
754;1376.5;0.44064426642624843
755;1377;0.4410023619348591
756;1377.5;0.4413572850192386
757;1378;0.44171491076397124
758;1378.5;0.44207454505008315
759;1379;0.4424346679840398
760;1379.5;0.44279375727230724
761;1380;0.44315029072135104
762;1380.5;0.44350274593763733
763;1381;0.4438496008276318
764;1381.5;0.4441893330978002
765;1382;0.4445204204546084
766;1382.5;0.44484229713867435
767;1383;0.4451602414650256
768;1383.5;0.44547119683916697
769;1384;0.445773710244897
770;1384.5;0.44606683046601425
771;1385;0.44634960628631737
772;1385.5;0.4466210863896049
773;1386;0.4468803193596752
774;1386.5;0.4471263540803273
775;1387;0.44735823913535944
776;1387.5;0.44757511042066406
777;1388;0.44777899880832334
778;1388.5;0.44797025725476003
779;1389;0.44815012850752955
780;1389.5;0.44832070731418716
781;1390;0.4484840887222882
782;1390.5;0.44864236757938797
783;1391;0.4487976388330418
784;1391.5;0.44895199723080503
785;1392;0.4491075377202331
786;1392.5;0.4492663529469555
787;1393;0.44942572524148183
788;1393.5;0.4495796927663499
789;1394;0.4497280703481187
790;1394.5;0.4498727223133468
791;1395;0.45001551278859286
792;1395.5;0.45015830610041574
793;1396;0.4503029664753739
794;1396.5;0.4504513582400264
795;1397;0.45060534572093164
796;1397.5;0.4507667929446485
797;1398;0.4509388301154759
798;1398.5;0.4511213065913481
799;1399;0.45130917056237074
800;1399.5;0.451501341695281
801;1400;0.4516967628568159
802;1400.5;0.45189437691371237
803;1401;0.4520931267327072
804;1401.5;0.4522919551805372
805;1402;0.45248980512393955
806;1402.5;0.452685619429651
807;1403;0.45288127726245203
808;1403.5;0.45308451108104836
809;1404;0.4532877103516313
810;1404.5;0.4534891794329658
811;1405;0.453687647583817
812;1405.5;0.45388184426294986
813;1406;0.45407049872912947
814;1406.5;0.45425234034112083
815;1407;0.454426098557689
816;1407.5;0.45459050263759926
817;1408;0.45474578616824235
818;1408.5;0.4549039896090451
819;1409;0.45505920946423367
820;1409.5;0.45520913943263136
821;1410;0.4553529274130617
822;1410.5;0.4554897211043478
823;1411;0.4556186684053133
824;1411.5;0.4557389171147811
825;1412;0.45584961493157483
826;1412.5;0.4559499097545177
827;1413;0.45603912716796113
828;1413.5;0.4561234530134043
829;1414;0.456205830550494
830;1414.5;0.4562860868652427
831;1415;0.45636419274366286
832;1415.5;0.4564401191717666
833;1416;0.45651383693556635
834;1416.5;0.4565853168210747
835;1417;0.4566545299143038
836;1417.5;0.456721446901266
837;1418;0.45678603866797385
838;1418.5;0.45684943604814493
839;1419;0.4569141928737217
840;1419.5;0.4569809023410431
841;1420;0.45704919706640473
842;1420.5;0.4571187093661022
843;1421;0.4571890716564312
844;1421.5;0.4572599162536871
845;1422;0.45733087567416597
846;1422.5;0.45740158233416306
847;1423;0.45747166864997413
848;1423.5;0.4575417425395411
849;1424;0.45761388029232186
850;1424.5;0.4576880228614929
851;1425;0.4577631517939656
852;1425.5;0.45783823903665166
853;1426;0.4579122560364623
854;1426.5;0.4579841745403093
855;1427;0.458052966295104
856;1427.5;0.4581176030477579
857;1428;0.45817705634518263
858;1428.5;0.4582307907633476
859;1429;0.45828215282138707
860;1429.5;0.4583350997648254
861;1430;0.4583886705100765
862;1430.5;0.45844158407355484
863;1431;0.4584925597716743
864;1431.5;0.4585403167208491
865;1432;0.45858357413749334
866;1432.5;0.45862105123802105
867;1433;0.4586514671388465
868;1433.5;0.4586734390435108
869;1434;0.45868491172849735
870;1434.5;0.45868905805020893
871;1435;0.45868751355163706
872;1435.5;0.4586812552757732
873;1436;0.45867125996560876
874;1436.5;0.45865850436413513
875;1437;0.4586439655143438
876;1437.5;0.45862862015922606
877;1438;0.4586134451417735
878;1438.5;0.4585993921621222
879;1439;0.4585849521514279
880;1439.5;0.45856841898923745
881;1440;0.4585499812016396
882;1440.5;0.4585302130147232
883;1441;0.45850968895457694
884;1441.5;0.45848898334728966
885;1442;0.4584686706189502
886;1442.5;0.45844932509564734
887;1443;0.45843152110347
888;1443.5;0.4584158330685068
889;1444;0.4584007468533615
890;1444.5;0.4583840652421121
891;1445;0.4583666980222786
892;1445.5;0.45834926773076956
893;1446;0.4583323971044935
894;1446.5;0.4583167090803587
895;1447;0.4583028260952739
896;1447.5;0.45829137118614727
897;1448;0.4582829668898876
898;1448.5;0.4582782359434033
899;1449;0.4582771291699531
900;1449.5;0.45827792300358805
901;1450;0.4582806290849203
902;1450.5;0.4582854205064469
903;1451;0.4582924705606651
904;1451.5;0.4583019527400718
905;1452;0.45831404013716404
906;1452.5;0.4583289062444389
907;1453;0.4583467243543936
908;1453.5;0.45836766775952487
909;1454;0.45839223151795333
910;1454.5;0.45842306243167963
911;1455;0.4584613787232302
912;1455.5;0.45850579361933586
913;1456;0.45855472474672726
914;1456.5;0.45860658953213507
915;1457;0.45865980570229004
916;1457.5;0.4587127906839229
917;1458;0.4587639622037643
918;1458.5;0.4588117375885449
919;1459;0.45885471574679837
920;1459.5;0.4588955832073209
921;1460;0.458934344466423
922;1460.5;0.45897143722177497
923;1461;0.459007706271047
924;1461.5;0.45904399671190904
925;1462;0.45908115314203146
926;1462.5;0.4591200205590842
927;1463;0.4591614437607376
928;1463.5;0.45920626774466167
929;1464;0.45925533806596947
930;1464.5;0.45931204965396216
931;1465;0.4593756133983006
932;1465.5;0.4594440661447551
933;1466;0.45951726373909574
934;1466.5;0.45959506222709334
935;1467;0.45967731745451806
936;1467.5;0.4597638852671402
937;1468;0.45985462161073015
938;1468.5;0.4599493822310583
939;1469;0.460048023273895
940;1469.5;0.4601530073147857
941;1470;0.46026922050815716
942;1470.5;0.4603956800761866
943;1471;0.46053085187560533
944;1471.5;0.4606732017631443
945;1472;0.46082119569553487
946;1472.5;0.4609732995295081
947;1473;0.46112797902179514
948;1473.5;0.46128370002912716
949;1474;0.46143892850823515
950;1474.5;0.46159456008264793
951;1475;0.4617581656281481
952;1475.5;0.4619265165835481
953;1476;0.4620976786578474
954;1476.5;0.4622698081600454
955;1477;0.4624410614991416
956;1477.5;0.46260959488413544
957;1478;0.46277356482402626
958;1478.5;0.46293112752781357
959;1479;0.46308043940449695
960;1479.5;0.4632203478039355
961;1480;0.46335696557843054
962;1480.5;0.4634896479017411
963;1481;0.46361828320910703
964;1481.5;0.46374318273576814
965;1482;0.4638646576169643
966;1482.5;0.46398301908793516
967;1483;0.46409857808392047
968;1483.5;0.46421164584016006
969;1484;0.46432253349189373
970;1484.5;0.46443149638607417
971;1485;0.4645357420615694
972;1485.5;0.4646351569323194
973;1486;0.4647311708664522
974;1486.5;0.4648249902320952
975;1487;0.46491782129737624
976;1487.5;0.4650108702304229
977;1488;0.46510534359936306
978;1488.5;0.4652024474723243
979;1489;0.4653033883174345
980;1489.5;0.4654093724028211
981;1490;0.4655203119034533
982;1490.5;0.46563117498613477
983;1491;0.4657402960098372
984;1491.5;0.4658485395026526
985;1492;0.46595676999267344
986;1492.5;0.466065851907992
987;1493;0.4661766499767005
988;1493.5;0.4662900285268911
989;1494;0.4664068521866562
990;1494.5;0.4665279854840881
991;1495;0.46665606564655293
992;1495.5;0.4667943418005306
993;1496;0.4669401112917974
994;1496.5;0.46709349927882277
995;1497;0.467254648120076
996;1497.5;0.4674237000740268
997;1498;0.4676007971991444
998;1498.5;0.46778608175389846
999;1499;0.4679796959967586
1000;1499.5;0.4681817820861939
1001;1500;0.4683946871016321
1002;1500.5;0.468630385543953
1003;1501;0.46888562207749
1004;1501.5;0.46915581459330225
1005;1502;0.4694364751824489
1006;1502.5;0.469723115735989
1007;1503;0.4700112483449813
1008;1503.5;0.47029638490048525
1009;1504;0.4705740374935596
1010;1504.5;0.4708397180152635
1011;1505;0.471089708816902
1012;1505.5;0.47133474184949653
1013;1506;0.4715774832004018
1014;1506.5;0.47181686117954147
1015;1507;0.4720520629968389
1016;1507.5;0.4722822756622178
1017;1508;0.47250668648560135
1018;1508.5;0.4727244825769132
1019;1509;0.4729348510460768
1020;1509.5;0.4731369791030155
1021;1510;0.47333006611919437
1022;1510.5;0.4735185074582092
1023;1511;0.47370847125951715
1024;1511.5;0.47389982990318646
1025;1512;0.47409149306928544
1026;1512.5;0.4742823707378826
1027;1513;0.47447137258904615
1028;1513.5;0.47465740850284455
1029;1514;0.47483938835934636
1030;1514.5;0.4750162218386196
1031;1515;0.4751868189207329
1032;1515.5;0.4753483159871353
1033;1516;0.4755001134824213
1034;1516.5;0.4756457951312868
1035;1517;0.4757873987096005
1036;1517.5;0.4759269616932317
1037;1518;0.4760665219580494
1038;1518.5;0.4762081169799227
1039;1519;0.4763537845347209
1040;1519.5;0.47650556219831264
1041;1520;0.47666548774656753
1042;1520.5;0.47683446606889096
1043;1521;0.47700942150073933
1044;1521.5;0.47718992619327844
1045;1522;0.4773752935654869
1046;1522.5;0.47756482863634375
1047;1523;0.47775783642482794
1048;1523.5;0.47795362184991835
1049;1524;0.47815149003059415
1050;1524.5;0.478350745785834
1051;1525;0.47855069423461705
1052;1525.5;0.4787517260222226
1053;1526;0.47896220868767925
1054;1526.5;0.479181890092367
1055;1527;0.4794075735506212
1056;1527.5;0.4796360181767774
1057;1528;0.47986398278517095
1058;1528.5;0.48008822669013734
1059;1529;0.48030550870601196
1060;1529.5;0.4805125879471303
1061;1530;0.4807062234278279
1062;1530.5;0.48088340391586487
1063;1531;0.4810497568090505
1064;1531.5;0.48120889243361525
1065;1532;0.4813595940130825
1066;1532.5;0.48150043897097605
1067;1533;0.48163000463081945
1068;1533.5;0.481746868616136
1069;1534;0.4818496081504497
1070;1534.5;0.4819368006572837
1071;1535;0.48200702346016167
1072;1535.5;0.4820588541826073
1073;1536;0.48207827509334705
1074;1536.5;0.4820544459415821
1075;1537;0.48199149670199015
1076;1537.5;0.48189309186937257
1077;1538;0.48176289553853113
1078;1538.5;0.4816045719042677
1079;1539;0.48142178536138347
1080;1539.5;0.4812182000046807
1081;1540;0.4809974800289606
1082;1540.5;0.480763289829025
1083;1541;0.4805024617584815
1084;1541.5;0.4801821441312589
1085;1542;0.4798100161114867
1086;1542.5;0.47939607763567027
1087;1543;0.4789503280403147
1088;1543.5;0.478482766961925
1089;1544;0.47800339413700643
1090;1544.5;0.47752220900206427
1091;1545;0.47704921119360355
1092;1545.5;0.4765944003481294
1093;1546;0.47615768662595637
1094;1546.5;0.4756959521534629
1095;1547;0.4752057206876909
1096;1547.5;0.47469764565001027
1097;1548;0.4741825468617904
1098;1548.5;0.47367124374440106
1099;1549;0.47317455601921193
1100;1549.5;0.47270330330759275
1101;1550;0.472268305230913
1102;1550.5;0.4718803814105426
1103;1551;0.47154719744966245
1104;1551.5;0.4712375363100293
1105;1552;0.47093847955888324
1106;1552.5;0.4706535252459525
1107;1553;0.4703867679209649
1108;1553.5;0.4701423022336487
1109;1554;0.4699242227337317
1110;1554.5;0.46973662407094174
1111;1555;0.4695836008950073
1112;1555.5;0.46946924775565585
1113;1556;0.4693975285576493
1114;1556.5;0.4693618734034731
1115;1557;0.46935079167268723
1116;1557.5;0.4693616361307411
1117;1558;0.46939292304308333
1118;1558.5;0.4694431686751632
1119;1559;0.4695108894924297
1120;1559.5;0.4695946016603316
1121;1560;0.4696928216443184
1122;1560.5;0.4698040656098388
1123;1561;0.4699268499223418
1124;1561.5;0.470073577504472
1125;1562;0.47025419465083
1126;1562.5;0.47046067856857937
1127;1563;0.47068678134693565
1128;1563.5;0.47092625487511464
1129;1564;0.4711728511423317
1130;1564.5;0.47142032223780284
1131;1565;0.4716624199507433
1132;1565.5;0.4718928963703689
1133;1566;0.4721055033858953
1134;1566.5;0.4723043252666731
1135;1567;0.4725087055549923
1136;1567.5;0.4727136397260169
1137;1568;0.4729156984287994
1138;1568.5;0.47311145191239284
1139;1569;0.47329747092584995
1140;1569.5;0.47347032581822346
1141;1570;0.473626587138566
1142;1570.5;0.47376282543593035
1143;1571;0.47387561115936927
1144;1571.5;0.4739643610308805
1145;1572;0.4740401019148527
1146;1572.5;0.47409963384010795
1147;1573;0.4741419491779645
1148;1573.5;0.4741661544997407
1149;1574;0.4741713559767547
1150;1574.5;0.474156659980325
1151;1575;0.47412117288176975
1152;1575.5;0.4740640009524073
1153;1576;0.473984250663556
1154;1576.5;0.4738807977090115
1155;1577;0.47375113713563
1156;1577.5;0.47359822770797966
1157;1578;0.4734262801391781
1158;1578.5;0.4732395038423425
1159;1579;0.47304210873059027
1160;1579.5;0.472838304317039
1161;1580;0.47263230021480584
1162;1580.5;0.47242830613700837
1163;1581;0.4722305315967639
1164;1581.5;0.47204291811429966
1165;1582;0.47184705039756114
1166;1582.5;0.4716386891371681
1167;1583;0.47142440292389687
1168;1583.5;0.4712095430485233
1169;1584;0.47099946070182375
1170;1584.5;0.47079950717457447
1171;1585;0.4706150338575516
1172;1585.5;0.4704513920415313
1173;1586;0.4703139329172899
1174;1586.5;0.47020800777560334
1175;1587;0.4701209275760668
1176;1587.5;0.47003527733509065
1177;1588;0.46995529567663796
1178;1588.5;0.46988369467479546
1179;1589;0.4698231867036499
1180;1589.5;0.4697764836372883
1181;1590;0.4697462977497972
1182;1590.5;0.4697353412152635
1183;1591;0.469746326007774
1184;1591.5;0.4697819644014154
1185;1592;0.4698394624781919
1186;1592.5;0.4699045937154002
1187;1593;0.46997520534338166
1188;1593.5;0.4700499983867249
1189;1594;0.47012767377001874
1190;1594.5;0.4702069325178516
1191;1595;0.4702864753548123
1192;1595.5;0.47036500340548953
1193;1596;0.47044121749447204
1194;1596.5;0.47051381874634834
1195;1597;0.4705828110302817
1196;1597.5;0.47065372316172727
1197;1598;0.47072594261089973
1198;1598.5;0.4707983079371919
1199;1599;0.4708696664999964
1200;1599.5;0.4709388658587061
1201;1600;0.4710047532727136
1202;1600.5;0.47106617620141156
1203;1601;0.47112198210419287
1204;1601.5;0.47117101834045033
1205;1602;0.47121110346426426
1206;1602.5;0.47122907554738525
1207;1603;0.4712237445655704
1208;1603.5;0.4711982588852456
1209;1604;0.4711557623728364
1210;1604.5;0.47109939919476906
1211;1605;0.47103231321746925
1212;1605.5;0.4709576486073629
1213;1606;0.4708785491308759
1214;1606.5;0.47079815895443405
1215;1607;0.470719366467362
1216;1607.5;0.47062998732883593
1217;1608;0.47052469676516423
1218;1608.5;0.4704056361847037
1219;1609;0.47027466819581115
1220;1609.5;0.4701336555068436
1221;1610;0.46998446092615753
1222;1610.5;0.46982894716210993
1223;1611;0.46966897682305764
1224;1611.5;0.4695064127173573
1225;1612;0.4693431175533659
1226;1612.5;0.46917618095715563
1227;1613;0.46900036184144456
1228;1613.5;0.4688159350657992
1229;1614;0.4686233141708208
1230;1614.5;0.4684229126971111
1231;1615;0.4682151441852714
1232;1615.5;0.46800042247590345
1233;1616;0.4677791609096086
1234;1616.5;0.4675517731269885
1235;1617;0.46731867276864436
1236;1617.5;0.46707749956646005
1237;1618;0.4668224508841486
1238;1618.5;0.4665550668978245
1239;1619;0.4662778791350658
1240;1619.5;0.4659934191234501
1241;1620;0.46570421839055476
1242;1620.5;0.4654128085639576
1243;1621;0.4651217212712364
1244;1621.5;0.46483348793996865
1245;1622;0.464550640097732
1246;1622.5;0.4642721847143177
1247;1623;0.4639866729459838
1248;1623.5;0.46369650032033877
1249;1624;0.46340455469650416
1250;1624.5;0.46311371993360106
1251;1625;0.4628268796907508
1252;1625.5;0.46254691782707474
1253;1626;0.46227671830169426
1254;1626.5;0.46201916487373057
1255;1627;0.4617771414023049
1256;1627.5;0.46155154183224684
1257;1628;0.4613262512693087
1258;1628.5;0.46109779818127317
1259;1629;0.46086998277859265
1260;1629.5;0.46064672237171955
1261;1630;0.46043193427110607
1262;1630.5;0.46022953578720466
1263;1631;0.4600434443304676
1264;1631.5;0.4598775773113474
1265;1632;0.45973585194029615
1266;1632.5;0.45962139873479096
1267;1633;0.4595157733333622
1268;1633.5;0.45940562717888944
1269;1634;0.45929244762870464
1270;1634.5;0.4591784942401397
1271;1635;0.45906602657052636
1272;1635.5;0.4589573043771965
1273;1636;0.4588545871174823
1274;1636.5;0.4587601344487153
1275;1637;0.4586762060282276
1276;1637.5;0.45860505223969944
1277;1638;0.45854456670345406
1278;1638.5;0.4584875135577985
1279;1639;0.4584332370218488
1280;1639.5;0.4583822821147214
1281;1640;0.4583351935555324
1282;1640.5;0.45829251616339806
1283;1641;0.4582547945574345
1284;1641.5;0.45822257375675807
1285;1642;0.45819639848048493
1286;1642.5;0.4581768133477312
1287;1643;0.4581705972504257
1288;1643.5;0.45818388075538286
1289;1644;0.45821300571796614
1290;1644.5;0.4582551596297029
1291;1645;0.45830753008212105
1292;1645.5;0.4583673046667479
1293;1646;0.4584316706751109
1294;1646.5;0.45849781579873794
1295;1647;0.4585629275291563
1296;1647.5;0.4586241932578937
1297;1648;0.45868208314133413
1298;1648.5;0.4587408140536332
1299;1649;0.4587989703997926
1300;1649.5;0.4588574062643054
1301;1650;0.45891697583166524
1302;1650.5;0.45897853338636524
1303;1651;0.4590429330128988
1304;1651.5;0.4591110289957593
1305;1652;0.45918367551944
1306;1652.5;0.45926172666843446
1307;1653;0.45934668209708907
1308;1653.5;0.45943914482030285
1309;1654;0.45953511876799125
1310;1654.5;0.45963455303814504
1311;1655;0.45973742282875474
1312;1655.5;0.45984370293781096
1313;1656;0.4599533683633042
1314;1656.5;0.460066394003225
1315;1657;0.4601827549555641
1316;1657.5;0.46030242601831206
1317;1658;0.4604254816156864
1318;1658.5;0.46055030360323
1319;1659;0.4606716728999573
1320;1659.5;0.46079109817272446
1321;1660;0.46091038268838763
1322;1660.5;0.461031330013803
1323;1661;0.4611557437158266
1324;1661.5;0.4612854270613149
1325;1662;0.46142218371712396
1326;1662.5;0.4615678170501097
1327;1663;0.4617240222271789
1328;1663.5;0.46188841495515887
1329;1664;0.46205516744303077
1330;1664.5;0.4622237615618207
1331;1665;0.46239424778255456
1332;1665.5;0.46256667667625856
1333;1666;0.46274109881395864
1334;1666.5;0.46291756476668083
1335;1667;0.4630961251054512
1336;1667.5;0.46327683040129564
1337;1668;0.4634597309285703
1338;1668.5;0.4636449360076752
1339;1669;0.4638344501908995
1340;1669.5;0.46402871432114656
1341;1670;0.4642276806413195
1342;1670.5;0.46443130149432177
1343;1671;0.46463952942305653
1344;1671.5;0.46485231657042697
1345;1672;0.46506961547933656
1346;1672.5;0.4652913782926885
1347;1673;0.465517557553386
1348;1673.5;0.46575183049229435
1349;1674;0.4659985884449602
1350;1674.5;0.4662571681802235
1351;1675;0.46652705754785356
1352;1675.5;0.4668077440976194
1353;1676;0.4670987153792902
1354;1676.5;0.4673994591426355
1355;1677;0.4677094630374243
1356;1677.5;0.46802821451342586
1357;1678;0.4683552013204094
1358;1678.5;0.4686981772010822
1359;1679;0.46907691703675986
1360;1679.5;0.4694899609745856
1361;1680;0.46993346405148184
1362;1680.5;0.47040358150437117
1363;1681;0.47089646857017603
1364;1681.5;0.47140828038581895
1365;1682;0.47193517228822224
1366;1682.5;0.47247329921430864
1367;1683;0.4730188166010006
1368;1683.5;0.4735774666735715
1369;1684;0.47418498582468854
1370;1684.5;0.4748435469315074
1371;1685;0.4755487269459947
1372;1685.5;0.47629610292011704
1373;1686;0.4770812518058408
1374;1686.5;0.47789975055513273
1375;1687;0.47874717631995933
1376;1687.5;0.4796191059522873
1377;1688;0.48051111660408274
1378;1688.5;0.4814253326628684
1379;1689;0.48239994013218707
1380;1689.5;0.483436168480426
1381;1690;0.48452719994228505
1382;1690.5;0.48566621815246364
1383;1691;0.48684640644566146
1384;1691.5;0.4880609485565778
1385;1692;0.4893030279199122
1386;1692.5;0.4905658279703643
1387;1693;0.4918425324426338
1388;1693.5;0.49312911283770616
1389;1694;0.4944544989673732
1390;1694.5;0.49582286655982877
1391;1695;0.49722728363781277
1392;1695.5;0.4986608067240651
1393;1696;0.5001164920413257
1394;1696.5;0.5015873959123344
1395;1697;0.503066574859831
1396;1697.5;0.5045470850065554
1397;1698;0.5060219829752477
1398;1698.5;0.5074853194579442
1399;1699;0.5089603540991353
1400;1699.5;0.5104474169507002
1401;1700;0.5119400682905942
1402;1700.5;0.5134329079967725
1403;1701;0.5149205360471907
1404;1701.5;0.5163975522198042
1405;1702;0.5178585561925682
1406;1702.5;0.5192981480434381
1407;1703;0.5207109275503692
1408;1703.5;0.522091635816342
1409;1704;0.5234661896625037
1410;1704.5;0.5248464531191095
1411;1705;0.5262215974513672
1412;1705.5;0.5275816233244841
1413;1706;0.5289165316036674
1414;1706.5;0.5302163230541247
1415;1707;0.5314709985410634
1416;1707.5;0.5326705587296908
1417;1708;0.5338050046852143
1418;1708.5;0.5348643369728413
1419;1709;0.5358773915175343
1420;1709.5;0.5368824286917772
1421;1710;0.5378680305650313
1422;1710.5;0.5388221810382781
1423;1711;0.5397328639124985
1424;1711.5;0.5405880631886744
1425;1712;0.5413757626677865
1426;1712.5;0.5420839464508166
1427;1713;0.5427005982387457
1428;1713.5;0.5432137021325556
1429;1714;0.5436539888760281
1430;1714.5;0.5440932917408177
1431;1715;0.54452275880794
1432;1715.5;0.5449308590107627
1433;1716;0.5453060614826536
1434;1716.5;0.5456368353569807
1435;1717;0.5459116494671117
1436;1717.5;0.5461189730464142
1437;1718;0.5462472751282561
1438;1718.5;0.5462850246460056
1439;1719;0.5462363000007613
1440;1719.5;0.5461364252270322
1441;1720;0.5459885052222097
1442;1720.5;0.5457969866636778
1443;1721;0.5455663159288212
1444;1721.5;0.5453009397950239
1445;1722;0.5450053046396701
1446;1722.5;0.5446838570401443
1447;1723;0.5443410435738306
1448;1723.5;0.5439813108181133
1449;1724;0.5436038647884898
1450;1724.5;0.5431879907807154
1451;1725;0.5427344526961992
1452;1725.5;0.5422517835354115
1453;1726;0.541748518798823
1454;1726.5;0.5412331942869046
1455;1727;0.5407143455001271
1456;1727.5;0.5402005079389609
1457;1728;0.5397002174038771
1458;1728.5;0.5392220093953458
1459;1729;0.5387679821776092
1460;1729.5;0.5383032015677494
1461;1730;0.5378268027630699
1462;1730.5;0.5373475089669035
1463;1731;0.5368740693825835
1464;1731.5;0.5364152334134425
1465;1732;0.5359797502628141
1466;1732.5;0.5355763691340307
1467;1733;0.5352138394304259
1468;1733.5;0.5349009103553322
1469;1734;0.5346433884944621
1470;1734.5;0.5344169399353538
1471;1735;0.5342160527194123
1472;1735.5;0.5340438154668047
1473;1736;0.5339033512976983
1474;1736.5;0.5337977834322599
1475;1737;0.5337302348906566
1476;1737.5;0.5337038288930556
1477;1738;0.5337216886596237
1478;1738.5;0.5337869373105282
1479;1739;0.5339025854803661
1480;1739.5;0.5340672498492252
1481;1740;0.5342754551981512
1482;1740.5;0.5345209939853217
1483;1741;0.5347975864689143
1484;1741.5;0.5350989524071064
1485;1742;0.5354188116580754
1486;1742.5;0.5357508844799989
1487;1743;0.5360888904310543
1488;1743.5;0.536426549769419
1489;1744;0.5367584844530392
1490;1744.5;0.5371156897272319
1491;1745;0.5375089765993577
1492;1745.5;0.5379271667199523
1493;1746;0.5383589084395519
1494;1746.5;0.5387928498086924
1495;1747;0.5392176388779092
1496;1747.5;0.5396219237977388
1497;1748;0.5399943526187163
1498;1748.5;0.5403235733913784
1499;1749;0.540598330155966
1500;1749.5;0.5408257121903105
1501;1750;0.541017897009246
1502;1750.5;0.5411751206791416
1503;1751;0.5412971674663665
1504;1751.5;0.5413838217372894
1505;1752;0.5414348677582796
1506;1752.5;0.5414500898957064
1507;1753;0.5414292725159384
1508;1753.5;0.541372199985345
1509;1754;0.5412786565702954
1510;1754.5;0.5411307367738875
1511;1755;0.5409165674327057
1512;1755.5;0.5406441832230622
1513;1756;0.5403213017610877
1514;1756.5;0.5399556411629131
1515;1757;0.5395549189446687
1516;1757.5;0.5391268531224858
1517;1758;0.5386791613124948
1518;1758.5;0.5382195615308267
1519;1759;0.5377557714936121
1520;1759.5;0.5372742408214453
1521;1760;0.5367517037072392
1522;1760.5;0.5361938333879644
1523;1761;0.5356067168023738
1524;1761.5;0.5349964406892204
1525;1762;0.5343690919872566
1526;1762.5;0.5337307574352355
1527;1763;0.5330875239719097
1528;1763.5;0.5324454784360322
1529;1764;0.5318107075663556
1530;1764.5;0.5311770573925573
1531;1765;0.5305279934541568
1532;1765.5;0.529867427199321
1533;1766;0.5291993977510585
1534;1766.5;0.5285279441323769
1535;1767;0.5278571053662845
1536;1767.5;0.5271909206757895
1537;1768;0.5265334289838999
1538;1768.5;0.5258886694136237
1539;1769;0.5252606809879689
1540;1769.5;0.5246445857899147
1541;1770;0.5240228247464669
1542;1770.5;0.5233986957087942
1543;1771;0.5227771916204377
1544;1771.5;0.5221633057249393
1545;1772;0.5215620310658402
1546;1772.5;0.520978360686682
1547;1773;0.520417287731006
1548;1773.5;0.5198838053423541
1549;1774;0.5193829066642672
1550;1774.5;0.5189116637138967
1551;1775;0.51844714085577
1552;1775.5;0.517988434086248
1553;1776;0.5175394411838562
1554;1776.5;0.517104060227121
1555;1777;0.5166861890945681
1556;1777.5;0.5162897257647237
1557;1778;0.5159185682161134
1558;1778.5;0.5155766144272634
1559;1779;0.5152677622766998
1560;1779.5;0.5149900361036008
1561;1780;0.5147234505335663
1562;1780.5;0.5144655040891625
1563;1781;0.5142174644218198
1564;1781.5;0.5139805988829688
1565;1782;0.5137561752240396
1566;1782.5;0.5135454606964626
1567;1783;0.5133497229516684
1568;1783.5;0.5131702295410869
1569;1784;0.5130082479161489
1570;1784.5;0.5128626575265945
1571;1785;0.5127237766969271
1572;1785.5;0.5125902012412334
1573;1786;0.5124609353788144
1574;1786.5;0.5123349801289707
1575;1787;0.5122113367110029
1576;1787.5;0.512089006044212
1577;1788;0.5119669892478986
1578;1788.5;0.5118442875413638
1579;1789;0.5117199018439078
1580;1789.5;0.5115932692778244
1581;1790;0.5114662401975698
1582;1790.5;0.5113393148451575
1583;1791;0.5112127316143467
1584;1791.5;0.5110867298988963
1585;1792;0.5109615494925657
1586;1792.5;0.5108374299891141
1587;1793;0.5107146107823004
1588;1793.5;0.5105933317658842
1589;1794;0.5104738323336241
1590;1794.5;0.5103561883226568
1591;1795;0.5102393075716124
1592;1795.5;0.5101228391212004
1593;1796;0.5100069247132348
1594;1796.5;0.5098917104895287
1595;1797;0.5097773427918962
1596;1797.5;0.5096639678621506
1597;1798;0.5095517319421055
1598;1798.5;0.5094407812735744
1599;1799;0.5093312620983712
1600;1799.5;0.5092232627848384
1601;1800;0.5091158694416927
1602;1800.5;0.5090079669370328
1603;1801;0.5089003103115525
1604;1801.5;0.5087937153059471
1605;1802;0.5086889972609114
1606;1802.5;0.5085869718171401
1607;1803;0.5084884544153282
1608;1803.5;0.5083942604961705
1609;1804;0.5083052056003616
1610;1804.5;0.5082224934501461
1611;1805;0.5081498718406394
1612;1805.5;0.5080868549764215
1613;1806;0.5080307595083993
1614;1806.5;0.5079788582874791
1615;1807;0.5079284239645675
1616;1807.5;0.5078767293905709
1617;1808;0.5078210472163961
1618;1808.5;0.5077586502929492
1619;1809;0.507686811271137
1620;1809.5;0.5076027687241619
1621;1810;0.5075056629202747
1622;1810.5;0.5073995710237694
1623;1811;0.507286507483516
1624;1811.5;0.5071683191483846
1625;1812;0.5070468527672451
1626;1812.5;0.5069239549889678
1627;1813;0.5068014726624226
1628;1813.5;0.5066812525364796
1629;1814;0.5065651412600088
1630;1814.5;0.5064544385596548
1631;1815;0.5063448638044765
1632;1815.5;0.5062360043450218
1633;1816;0.5061282365604666
1634;1816.5;0.506021888929987
1635;1817;0.5059172901327587
1636;1817.5;0.505814768847958
1637;1818;0.5057146535547602
1638;1818.5;0.5056172729323419
1639;1819;0.5055229556598786
1640;1819.5;0.5054316565413217
1641;1820;0.5053375998305999
1642;1820.5;0.5052353832896449
1643;1821;0.5051272698502687
1644;1821.5;0.5050160132442831
1645;1822;0.5049043670035004
1646;1822.5;0.5047950848597323
1647;1823;0.5046909205447909
1648;1823.5;0.504594627490488
1649;1824;0.5045089595286358
1650;1824.5;0.5044363545238181
1651;1825;0.5043736797202778
1652;1825.5;0.5043150214739802
1653;1826;0.5042595471315781
1654;1826.5;0.5042068610397242
1655;1827;0.5041565678450711
1656;1827.5;0.5041082719942714
1657;1828;0.504061578133978
1658;1828.5;0.5040160905108435
1659;1829;0.5039714138715203
1660;1829.5;0.5039272386089487
1661;1830;0.5038847536641435
1662;1830.5;0.503845459607487
1663;1831;0.5038086645733246
1664;1831.5;0.5037735019960021
1665;1832;0.5037391052098644
1666;1832.5;0.5037046078492573
1667;1833;0.503669143048526
1668;1833.5;0.503631844342016
1669;1834;0.5035918451640727
1670;1834.5;0.5035484341767591
1671;1835;0.5035007161831554
1672;1835.5;0.5034423272541906
1673;1836;0.50337468520315
1674;1836.5;0.5032999914433187
1675;1837;0.5032204475879817
1676;1837.5;0.5031382553504242
1677;1838;0.5030556162439315
1678;1838.5;0.5029747317817886
1679;1839;0.5028978036772809
1680;1839.5;0.5028270195647307
1681;1840;0.5027624553556557
1682;1840.5;0.502697516786233
1683;1841;0.5026313836699042
1684;1841.5;0.5025639370201115
1685;1842;0.502495057750296
1686;1842.5;0.5024246266738995
1687;1843;0.5023525249043639
1688;1843.5;0.5022786331551305
1689;1844;0.502202832539641
1690;1844.5;0.5021244040488829
1691;1845;0.5020371777210194
1692;1845.5;0.5019412376283572
1693;1846;0.5018387963265044
1694;1846.5;0.5017320672710687
1695;1847;0.501623263717658
1696;1847.5;0.50151459932188
1697;1848;0.5014082874393426
1698;1848.5;0.5013065414256536
1699;1849;0.501211574936421
1700;1849.5;0.5011252205009519
1701;1850;0.5010458123558862
1702;1850.5;0.5009742240575796
1703;1851;0.5009088377584924
1704;1851.5;0.5008477574110852
1705;1852;0.5007890867678183
1706;1852.5;0.5007309295811522
1707;1853;0.5006713899035474
1708;1853.5;0.5006085713874642
1709;1854;0.500540577985363
1710;1854.5;0.5004653941486883
1711;1855;0.5003798199615017
1712;1855.5;0.5002820043942172
1713;1856;0.5001751442335686
1714;1856.5;0.5000627578662888
1715;1857;0.49994836387911123
1716;1857.5;0.49983548065876926
1717;1858;0.4997276266919962
1718;1858.5;0.4996283206655255
1719;1859;0.49954108086609017
1720;1859.5;0.49946881535733895
1721;1860;0.4994076566331316
1722;1860.5;0.4993504175630033
1723;1861;0.49929683296128075
1724;1861.5;0.49924714524229064
1725;1862;0.4992015964203598
1726;1862.5;0.4991604287098149
1727;1863;0.4991238843249829
1728;1863.5;0.4990922054801903
1729;1864;0.49906563438976403
1730;1864.5;0.4990457854272566
1731;1865;0.49904080163733316
1732;1865.5;0.4990508267203383
1733;1866;0.4990737548334684
1734;1866.5;0.4991074384339197
1735;1867;0.49914973007888863
1736;1867.5;0.49919848192557115
1737;1868;0.499251546531164
1738;1868.5;0.4993067762528633
1739;1869;0.4993620235478654
1740;1869.5;0.4994200761264289
1741;1870;0.49950247320782737
1742;1870.5;0.4996070619346635
1743;1871;0.4997306591576819
1744;1871.5;0.49987019572762714
1745;1872;0.5000226022952441
1746;1872.5;0.5001848097112773
1747;1873;0.5003537488264713
1748;1873.5;0.500526350491571
1749;1874;0.500699545357321
1750;1874.5;0.5008760639103291
1751;1875;0.5010771591668741
1752;1875.5;0.5013024382621742
1753;1876;0.5015497916263302
1754;1876.5;0.5018171457894426
1755;1877;0.5021024272816125
1756;1877.5;0.5024035627329406
1757;1878;0.5027184786735276
1758;1878.5;0.5030451017334744
1759;1879;0.5033813584428815
1760;1879.5;0.5037330397151754
1761;1880;0.5041228815335692
1762;1880.5;0.5045482566729491
1763;1881;0.5050050617969756
1764;1881.5;0.5054892045693091
1765;1882;0.50599659295361
1766;1882.5;0.5065231347135387
1767;1883;0.5070647377127557
1768;1883.5;0.5076173097149214
1769;1884;0.5081767586836959
1770;1884.5;0.508747455717924
1771;1885;0.5093472387866653
1772;1885.5;0.5099725160623026
1773;1886;0.5106187151698793
1774;1886.5;0.5112812660344392
1775;1887;0.5119555985810262
1776;1887.5;0.5126371427346841
1777;1888;0.5133213285204563
1778;1888.5;0.5140035857633869
1779;1889;0.5146793446885196
1780;1889.5;0.5153520630419964
1781;1890;0.5160339966822878
1782;1890.5;0.5167226096223565
1783;1891;0.5174152075791068
1784;1891.5;0.5181090970694439
1785;1892;0.5188015841102723
1786;1892.5;0.5194899749184972
1787;1893;0.520171575911023
1788;1893.5;0.5208436932047545
1789;1894;0.5215036331165968
1790;1894.5;0.5221524511115174
1791;1895;0.5227954131228374
1792;1895.5;0.5234331396641918
1793;1896;0.52406580152209
1794;1896.5;0.5246935691830416
1795;1897;0.5253166133335562
1796;1897.5;0.525935104660143
1797;1898;0.5265492137493121
1798;1898.5;0.5271591111875727
1799;1899;0.5277649677614344
1800;1899.5;0.5283626926591737
1801;1900;0.5289484360629602
1802;1900.5;0.529524580602351
1803;1901;0.5300942557811927
1804;1901.5;0.5306605910033321
1805;1902;0.5312267155726159
1806;1902.5;0.5317957588928908
1807;1903;0.5323708504680029
1808;1903.5;0.5329551196017996
1809;1904;0.5335516782622014
1810;1904.5;0.5341601901852119
1811;1905;0.5347794003341109
1812;1905.5;0.5354079855531408
1813;1906;0.5360439729865442
1814;1906.5;0.5366853898785631
1815;1907;0.5373302634734403
1816;1907.5;0.5379766209154176
1817;1908;0.5386224895487381
1818;1908.5;0.5392658965176436
1819;1909;0.5399049069750469
1820;1909.5;0.5405390636961125
1821;1910;0.5411672150910464
1822;1910.5;0.5417905577913182
1823;1911;0.5424111306283972
1824;1911.5;0.5430309722337524
1825;1912;0.5436521214388532
1826;1912.5;0.5442766168751689
1827;1913;0.5449064975741686
1828;1913.5;0.5455438019673217
1829;1914;0.5461906317877846
1830;1914.5;0.5468491040999622
1831;1915;0.547513982558437
1832;1915.5;0.5481832208552907
1833;1916;0.5488562841826058
1834;1916.5;0.5495326376324644
1835;1917;0.5502117462969489
1836;1917.5;0.5508930752681409
1837;1918;0.5515760896381232
1838;1918.5;0.5522602544989776
1839;1919;0.5529455493821306
1840;1919.5;0.553635276986881
1841;1920;0.5543281933965373
1842;1920.5;0.5550229215119522
1843;1921;0.555718273433978
1844;1921.5;0.5564130616634672
1845;1922;0.5571060982012724
1846;1922.5;0.5577961953482461
1847;1923;0.558482165505241
1848;1923.5;0.5591628206731091
1849;1924;0.5598381885260535
1850;1924.5;0.5605128989301985
1851;1925;0.561186852814306
1852;1925.5;0.5618587318013291
1853;1926;0.5625271598142205
1854;1926.5;0.5631907604759329
1855;1927;0.5638481576094195
1856;1927.5;0.5644979749376329
1857;1928;0.5651388362835256
1858;1928.5;0.5657693653700511
1859;1929;0.5663902817175341
1860;1929.5;0.5670060150311611
1861;1930;0.5676148778892263
1862;1930.5;0.5682159197434646
1863;1931;0.568808251745612
1864;1931.5;0.569390985247404
1865;1932;0.5699632313005759
1866;1932.5;0.5705241013568634
1867;1933;0.5710727063680017
1868;1933.5;0.5716081576857267
1869;1934;0.572136644213232
1870;1934.5;0.5726665190769636
1871;1935;0.5731917104750857
1872;1935.5;0.5737080503152654
1873;1936;0.57421140970517
1874;1936.5;0.574697659252467
1875;1937;0.5751626699648232
1876;1937.5;0.5756023125499063
1877;1938;0.5760124579153834
1878;1938.5;0.5763889769751682
1879;1939;0.5767458584702829
1880;1939.5;0.5770974357483545
1881;1940;0.5774397436597895
1882;1940.5;0.5777691944549943
1883;1941;0.5780822007843754
1884;1941.5;0.5783751751983394
1885;1942;0.5786445301472926
1886;1942.5;0.5788866781816415
1887;1943;0.5790980320517924
1888;1943.5;0.5792755489620399
1889;1944;0.5794412032366802
1890;1944.5;0.5796045631198978
1891;1945;0.5797613881793425
1892;1945.5;0.5799075394826645
1893;1946;0.5800388778975136
1894;1946.5;0.5801512641915406
1895;1947;0.5802405594323952
1896;1947.5;0.5803026242877273
1897;1948;0.5803333198251874
1898;1948.5;0.5803293657823894
1899;1949;0.5802995821320062
1900;1949.5;0.5802475671550104
1901;1950;0.5801751499073439
1902;1950.5;0.5800848595449487
1903;1951;0.5799792249237667
1904;1951.5;0.5798607752997398
1905;1952;0.5797320396288101
1906;1952.5;0.5795955470669194
1907;1953;0.5794538265700097
1908;1953.5;0.5793066032569076
1909;1954;0.5791406404024529
1910;1954.5;0.578955746758915
1911;1955;0.5787538611827449
1912;1955.5;0.5785369197303942
1913;1956;0.578306857858314
1914;1956.5;0.5780656116229558
1915;1957;0.5778151166807706
1916;1957.5;0.5775573087882098
1917;1958;0.5772941238017248
1918;1958.5;0.5770227219084472
1919;1959;0.5767317984274841
1920;1959.5;0.5764237836467279
1921;1960;0.5761018390915311
1922;1960.5;0.5757690902872465
1923;1961;0.575428662359227
1924;1961.5;0.5750836804328252
1925;1962;0.574737269833394
1926;1962.5;0.5743925557862861
1927;1963;0.5740526634168542
1928;1963.5;0.5737158043874165
1929;1964;0.5733731714649621
1930;1964.5;0.5730191368302433
1931;1965;0.5726559090977759
1932;1965.5;0.5722859836820755
1933;1966;0.5719118564976581
1934;1966.5;0.5715360231590392
1935;1967;0.5711609792807347
1936;1967.5;0.5707892206772606
1937;1968;0.5704232356978248
1938;1968.5;0.5700646993691401
1939;1969;0.5697107752544234
1940;1969.5;0.569357257085928
1941;1970;0.5690048305959059
1942;1970.5;0.5686541916166101
1943;1971;0.5683060355802929
1944;1971.5;0.5679610583192072
1945;1972;0.5676199552656052
1946;1972.5;0.5672834221517397
1947;1973;0.5669520370027177
1948;1973.5;0.5666250044289339
1949;1974;0.5663024541233992
1950;1974.5;0.5659840693836756
1951;1975;0.5656694278073255
1952;1975.5;0.5653581070919109
1953;1976;0.5650496849349944
1954;1976.5;0.5647437389341382
1955;1977;0.5644398467869044
1956;1977.5;0.5641375860908553
1957;1978;0.5638347711978021
1958;1978.5;0.5635231516333608
1959;1979;0.5632047736976685
1960;1979.5;0.5628838040023824
1961;1980;0.562564367459158
1962;1980.5;0.5622505885796524
1963;1981;0.5619465920755212
1964;1981.5;0.5616565026584212
1965;1982;0.5613844448400086
1966;1982.5;0.5611345434319397
1967;1983;0.5609050308571437
1968;1983.5;0.5606859919968801
1969;1984;0.5604783401223379
1970;1984.5;0.5602828035104448
1971;1985;0.5601001123381277
1972;1985.5;0.5599309968823142
1973;1986;0.5597761872199312
1974;1986.5;0.5596364135279066
1975;1987;0.5595124061831671
1976;1987.5;0.5594048943456118
1977;1988;0.5593115858783833
1978;1988.5;0.5592294190162775
1979;1989;0.5591589583838568
1980;1989.5;0.5591006593056829
1981;1990;0.5590549534063183
1982;1990.5;0.5590222723103253
1983;1991;0.5590030475422657
1984;1991.5;0.5589977109267019
1985;1992;0.559006693888196
1986;1992.5;0.5590317282717111
1987;1993;0.5590972056600234
1988;1993.5;0.5592084222444647
1989;1994;0.5593596628536868
1990;1994.5;0.5595455236163407
1991;1995;0.5597606007610778
1992;1995.5;0.5599994904165497
1993;1996;0.5602567889114077
1994;1996.5;0.5605270923743033
1995;1997;0.5608049971338874
1996;1997.5;0.5610929769965838
1997;1998;0.5614270564143029
1998;1998.5;0.5618062157719369
1999;1999;0.5622238339818795
2000;1999.5;0.562673392756524
2001;2000;0.563148374108264
2002;2000.5;0.5636422600494935
2003;2001;0.5641485321926056
2004;2001.5;0.5646606727499943
2005;2002;0.565172163434053
2006;2002.5;0.5656914088021388
2007;2003;0.5662428510413784
2008;2003.5;0.5668192712402413
2009;2004;0.5674130766753439
2010;2004.5;0.5680169099233022
2011;2005;0.5686234134607322
2012;2005.5;0.5692252299642501
2013;2006;0.5698150018104722
2014;2006.5;0.5703853717760146
2015;2007;0.5709291024935874
2016;2007.5;0.5714631953303952
2017;2008;0.5719997220991128
2018;2008.5;0.5725334302890566
2019;2009;0.5730585603895426
2020;2009.5;0.5735693159898874
2021;2010;0.5740599002794072
2022;2010.5;0.5745245169474185
2023;2011;0.5749573692832375
2024;2011.5;0.5753526608761805
2025;2012;0.5757063452001384
2026;2012.5;0.5760344651426987
2027;2013;0.5763421565800773
2028;2013.5;0.5766298712510989
2029;2014;0.5769003174945885
2030;2014.5;0.5771562053493712
2031;2015;0.5774002450542716
2032;2015.5;0.5776351467481147
2033;2016;0.5778636204697254
2034;2016.5;0.5780883765579288
2035;2017;0.5783091168532988
2036;2017.5;0.5785188875773747
2037;2018;0.5787182876166934
2038;2018.5;0.578909772360466
2039;2019;0.579096678197903
2040;2019.5;0.5792823417182154
2041;2020;0.5794700994106139
2042;2020.5;0.5796632876643093
2043;2021;0.5798652431685125
2044;2021.5;0.5800793022124342
2045;2022;0.5803075085250345
2046;2022.5;0.5805492914908813
2047;2023;0.5808024595549359
2048;2023.5;0.5810672777521211
2049;2024;0.5813444448173599
2050;2024.5;0.5816346592855752
2051;2025;0.58193861949169
2052;2025.5;0.582257024070627
2053;2026;0.5825905716573092
2054;2026.5;0.5829420214899906
2055;2027;0.5833464801650605
2056;2027.5;0.5838123224285025
2057;2028;0.5843329814141314
2058;2028.5;0.584903200555762
2059;2029;0.5855177734872091
2060;2029.5;0.5861714941422881
2061;2030;0.5868591562548134
2062;2030.5;0.5875755534585998
2063;2031;0.5883154796874628
2064;2031.5;0.5890902211907869
2065;2032;0.5899570659960127
2066;2032.5;0.5909131591900799
2067;2033;0.5919483403453458
2068;2033.5;0.593051407934168
2069;2034;0.5942111603289039
2070;2034.5;0.5954163960019108
2071;2035;0.5966559131255458
2072;2035.5;0.597918510372167
2073;2036;0.5991929859141315
2074;2036.5;0.6005067509459767
2075;2037;0.6018924450726735
2076;2037.5;0.6033298064727544
2077;2038;0.6048045797314716
2078;2038.5;0.6063041319340783
2079;2039;0.6078158302658273
2080;2039.5;0.6093270418119714
2081;2040;0.610825133757763
2082;2040.5;0.6122974731884556
2083;2041;0.6137367726127724
2084;2041.5;0.6152148739601536
2085;2042;0.6167414944262112
2086;2042.5;0.6182924306112423
2087;2043;0.6198415749155441
2088;2043.5;0.621362784039414
2089;2044;0.6228299149831494
2090;2044.5;0.6242168244470475
2091;2045;0.6254973693314055
2092;2045.5;0.6266454063365208
2093;2046;0.6276615084943649
2094;2046.5;0.62861506091468
2095;2047;0.629499562457672
2096;2047.5;0.6303035375382124
2097;2048;0.6310140625711733
2098;2048.5;0.6316182138714259
2099;2049;0.6321030681538427
2100;2049.5;0.6324557015332948
2101;2050;0.632663190724654
2102;2050.5;0.6327126009216745
2103;2051;0.6325657207773326
2104;2051.5;0.6322108822932921
2105;2052;0.631668497456397
2106;2052.5;0.6309594620534912
2107;2053;0.6301052631714193
2108;2053.5;0.6291273875970254
2109;2054;0.6280473223171535
2110;2054.5;0.6268865543186483
2111;2055;0.6256665704883535
2112;2055.5;0.6243925286951475
2113;2056;0.6229365406033873
2114;2056.5;0.62129503928266
2115;2057;0.6195046207854853
2116;2057.5;0.617600726664382
2117;2058;0.6156187046718694
2118;2058.5;0.6135939027604664
2119;2059;0.6115616687826921
2120;2059.5;0.6095573506910658
2121;2060;0.6076162963381067
2122;2060.5;0.6057151656856613
2123;2061;0.6037553687465957
2124;2061.5;0.601755516996532
2125;2062;0.5997386866565628
2126;2062.5;0.5977284858477813
2127;2063;0.5957485226912802
2128;2063.5;0.593822405608153
2129;2064;0.5919737427194923
2130;2064.5;0.5902261423463913
2131;2065;0.5886011699061312
2132;2065.5;0.5870398517220797
2133;2066;0.5855134420138
2134;2066.5;0.5840318950863594
2135;2067;0.582605987644826
2136;2067.5;0.5812467364942672
2137;2068;0.5799651585397506
2138;2068.5;0.5787722702863439
2139;2069;0.5776790886391149
2140;2069.5;0.5766966304031313
2141;2070;0.5758128108518936
2142;2070.5;0.5749417040946394
2143;2071;0.5740848405668044
2144;2071.5;0.5732541024216404
2145;2072;0.5724635131123998
2146;2072.5;0.5717271690923345
2147;2073;0.5710591663146968
2148;2073.5;0.5704736010327386
2149;2074;0.5699845693997122
2150;2074.5;0.5696061597922605
2151;2075;0.5692826265049605
2152;2075.5;0.5689582121696976
2153;2076;0.5686423780869632
2154;2076.5;0.5683435681572493
2155;2077;0.5680700142810479
2156;2077.5;0.5678299483588507
2157;2078;0.5676316020911497
2158;2078.5;0.5674832074784367
2159;2079;0.5673929962212038
2160;2079.5;0.5673626663758122
2161;2080;0.567347242275853
2162;2080.5;0.5673353609359886
2163;2081;0.5673240693922723
2164;2081.5;0.5673153500807577
2165;2082;0.567311775337499
2166;2082.5;0.5673159173985493
2167;2083;0.5673303485999622
2168;2083.5;0.5673576410777915
2169;2084;0.5674003672680908
2170;2084.5;0.5674604362943938
2171;2085;0.5675388536256758
2172;2085.5;0.5676318065879551
2173;2086;0.5677328457455705
2174;2086.5;0.5678411411628608
2175;2087;0.5679558751041645
2176;2087.5;0.5680762297338207
2177;2088;0.5682013870161675
2178;2088.5;0.5683305291155443
2179;2089;0.5684632832039623
2180;2089.5;0.5686046991990406
2181;2090;0.5687560985053743
2182;2090.5;0.5689173206311645
2183;2091;0.5690876346846123
2184;2091.5;0.5692661631739181
2185;2092;0.5694520283072831
2186;2092.5;0.5696443527929083
2187;2093;0.5698422590389943
2188;2093.5;0.5700448693537422
2189;2094;0.5702559228409496
2190;2094.5;0.5704832172473749
2191;2095;0.5707247787584052
2192;2095.5;0.5709791701957585
2193;2096;0.5712446309811534
2194;2096.5;0.5715193813363085
2195;2097;0.5718016414829421
2196;2097.5;0.572089631642773
2197;2098;0.5723815721375191
2198;2098.5;0.5726761391311127
2199;2099;0.5729807391500199
2200;2099.5;0.5732987441925157
2201;2100;0.5736313229636542
2202;2100.5;0.5739782421684883
2203;2101;0.5743385844120712
2204;2101.5;0.5747114326994565
2205;2102;0.5750958697356975
2206;2102.5;0.5754909784258473
2207;2103;0.5758958416749594
2208;2103.5;0.5763142159761955
2209;2104;0.5767542816731904
2210;2104.5;0.5772094761379407
2211;2105;0.5776692099058748
2212;2105.5;0.5781312430124207
2213;2106;0.5785939851930071
2214;2106.5;0.5790558463830618
2215;2107;0.5795152364180134
2216;2107.5;0.57997056503329
2217;2108;0.5804204077056111
2218;2108.5;0.5808685988104941
2219;2109;0.5813213970107989
2220;2109.5;0.5817790926806475
2221;2110;0.5822416447941616
2222;2110.5;0.5827117408254632
2223;2111;0.583192068048674
2224;2111.5;0.5836853139379156
2225;2112;0.5841941656673102
2226;2112.5;0.5847213107109793
2227;2113;0.5852718114583567
2228;2113.5;0.5858498029961965
2229;2114;0.5864505518230004
2230;2114.5;0.5870700278026671
2231;2115;0.5877030553990945
2232;2115.5;0.5883442969761813
2233;2116;0.5889884151978256
2234;2116.5;0.5896300724279256
2235;2117;0.5902639313303797
2236;2117.5;0.5908858349300715
2237;2118;0.5915117035209936
2238;2118.5;0.5921446359492103
2239;2119;0.5927790139645097
2240;2119.5;0.5934101870166795
2241;2120;0.5940347251555075
2242;2120.5;0.5946491981307812
2243;2121;0.5952501759922887
2244;2121.5;0.5958342286898177
2245;2122;0.5963979261731562
2246;2122.5;0.5969456106033736
2247;2123;0.5974901919352856
2248;2123.5;0.5980300692477207
2249;2124;0.5985614905920024
2250;2124.5;0.5990812436194533
2251;2125;0.5995862944813971
2252;2125.5;0.6000736093291564
2253;2126;0.6005401541140547
2254;2126.5;0.6009828948874147
2255;2127;0.6014000010240335
2256;2127.5;0.6018029042351953
2257;2128;0.602194050068911
2258;2128.5;0.6025728270088067
2259;2129;0.6029388172385086
2260;2129.5;0.603290956941643
2261;2130;0.6036281821018363
2262;2130.5;0.6039494291027149
2263;2131;0.6042536338279045
2264;2131.5;0.604539732561032
2265;2132;0.6048111867711995
2266;2132.5;0.6050740741066355
2267;2133;0.6053286705124403
2268;2133.5;0.6055754385392629
2269;2134;0.6058144952377515
2270;2134.5;0.6060459034585557
2271;2135;0.6062697259523236
2272;2135.5;0.6064860256697046
2273;2136;0.6066948654613473
2274;2136.5;0.6068957161685045
2275;2137;0.6070854795088991
2276;2137.5;0.6072655277240121
2277;2138;0.6074371660161375
2278;2138.5;0.6076024135875692
2279;2139;0.607764305840601
2280;2139.5;0.6079258780775272
2281;2140;0.6080901655006415
2282;2140.5;0.6082602033122384
2283;2141;0.6084390093346392
2284;2141.5;0.6086226992422888
2285;2142;0.6088086245685604
2286;2142.5;0.6089996163081959
2287;2143;0.6091974964559378
2288;2143.5;0.6094039897065283
2289;2144;0.6096208660547098
2290;2144.5;0.6098498952952246
2291;2145;0.6100928472228149
2292;2145.5;0.6103514916322231
2293;2146;0.6106330257872973
2294;2146.5;0.6109550612861481
2295;2147;0.6113138600988423
2296;2147.5;0.6117057445797431
2297;2148;0.6121262893832146
2298;2148.5;0.6125697481636194
2299;2149;0.6130303743753214
2300;2149.5;0.6135024213726838
2301;2150;0.6139801426100704
2302;2150.5;0.6144587702540513
2303;2151;0.6149555096706096
2304;2151.5;0.6154761888919846
2305;2152;0.6160155147736834
2306;2152.5;0.6165649711712121
2307;2153;0.6171245270400775
2308;2153.5;0.6176948019357864
2309;2154;0.6182764151138451
2310;2154.5;0.6188699861297607
2311;2155;0.6194761342390397
2312;2155.5;0.6201064819778515
2313;2156;0.6207777204535526
2314;2156.5;0.6214865174374508
2315;2157;0.6222256746221879
2316;2157.5;0.6229857052004061
2317;2158;0.6237576194647475
2318;2158.5;0.6245324279078541
2319;2159;0.6253011409223681
2320;2159.5;0.6260547688009318
2321;2160;0.6267872170786412
2322;2160.5;0.6275100906681857
2323;2161;0.6282234466904761
2324;2161.5;0.6289251410262123
2325;2162;0.6296161505560945
2326;2162.5;0.6302978192608231
2327;2163;0.6309714678210983
2328;2163.5;0.6316384173176202
2329;2164;0.6322999884310891
2330;2164.5;0.6329575671080654
2331;2165;0.6336172293663337
2332;2165.5;0.6342822892648268
2333;2166;0.6349527461507162
2334;2166.5;0.6356274903711735
2335;2167;0.6363028088733704
2336;2167.5;0.6369746822044785
2337;2168;0.6376390907116696
2338;2168.5;0.6382920149421154
2339;2169;0.6389294352429872
2340;2169.5;0.6395510322072532
2341;2170;0.6401612814910023
2342;2170.5;0.6407569207748892
2343;2171;0.6413365201877377
2344;2171.5;0.6419004770583709
2345;2172;0.6424476132156123
2346;2172.5;0.642976748388285
2347;2173;0.6434867025052127
2348;2173.5;0.6439762952952186
2349;2174;0.6444460186836201
2350;2174.5;0.6449069691236241
2351;2175;0.645359110640824
2352;2175.5;0.6457984458461723
2353;2176;0.646217415950621
2354;2176.5;0.6466140148651223
2355;2177;0.6469869356006287
2356;2177.5;0.6473348714680923
2357;2178;0.6476565154784654
2358;2178.5;0.6479508438912763
2359;2179;0.6482402274994412
2360;2179.5;0.6485349863597427
2361;2180;0.6488287581976392
2362;2180.5;0.6491109644385891
2363;2181;0.6493717863080511
2364;2181.5;0.6496031422314836
2365;2182;0.6497969507343453
2366;2182.5;0.6499451301420945
2367;2183;0.6500395990801899
2368;2183.5;0.650094446154976
2369;2184;0.6501476485959695
2370;2184.5;0.6501949752415956
2371;2185;0.6502308491367411
2372;2185.5;0.6502496550262933
2373;2186;0.6502459891551395
2374;2186.5;0.6502144524681668
2375;2187;0.6501496460102623
2376;2187.5;0.6500461708263133
2377;2188;0.6499035994374551
2378;2188.5;0.6497478075134964
2379;2189;0.6495843873757922
2380;2189.5;0.6494144548934458
2381;2190;0.6492384589355596
2382;2190.5;0.6490576672712367
2383;2191;0.6488735227695799
2384;2191.5;0.6486874684996919
2385;2192;0.6485009472306759
2386;2192.5;0.6483152527541947
2387;2193;0.6481277399853446
2388;2193.5;0.6479377360568858
2389;2194;0.6477463326790847
2390;2194.5;0.6475558589622076
2391;2195;0.6473671556165213
2392;2195.5;0.6471798848522925
2393;2196;0.6469937087797876
2394;2196.5;0.646808289609273
2395;2197;0.6466232894510155
2396;2197.5;0.6464365786178752
2397;2198;0.6462448061571735
2398;2198.5;0.6460462781290859
2399;2199;0.6458382501525354
2400;2199.5;0.6456186508464449
2401;2200;0.6453892819297378
2402;2200.5;0.645152051821337
2403;2201;0.6449088695401654
2404;2201.5;0.6446616436051464
2405;2202;0.6444108662925052
2406;2202.5;0.6441553055771899
2407;2203;0.6438987667802206
2408;2203.5;0.6436441467475292
2409;2204;0.6433863953250473
2410;2204.5;0.6431262762587064
2411;2205;0.6428661105944384
2412;2205.5;0.6426082193781751
2413;2206;0.6423549237558481
2414;2206.5;0.6421074524792133
2415;2207;0.6418592529738685
2416;2207.5;0.64160897857129
2417;2208;0.6413568457390509
2418;2208.5;0.6411030999447247
2419;2209;0.6408459084558842
2420;2209.5;0.6405827437401028
2421;2210;0.6403110783649535
2422;2210.5;0.6400283846980098
2423;2211;0.6397311581662393
2424;2211.5;0.6393915367425145
2425;2212;0.639004254104349
2426;2212.5;0.6385781437392617
2427;2213;0.6381223196347726
2428;2213.5;0.6376486519784008
2429;2214;0.637170424457666
2430;2214.5;0.6367009284600879
2431;2215;0.6362534552731856
2432;2215.5;0.6358412962844787
2433;2216;0.6354553240525469
2434;2216.5;0.6350799975770205
2435;2217;0.6347194198419222
2436;2217.5;0.6343778367799888
2437;2218;0.6340578123239581
2438;2218.5;0.6337583633065671
2439;2219;0.6334782614605533
2440;2219.5;0.6332162790186537
2441;2220;0.6329711878136057
2442;2220.5;0.6327339409600025
2443;2221;0.6324881640684483
2444;2221.5;0.6322348377709406
2445;2222;0.6319751904649235
2446;2222.5;0.6317079670478413
2447;2223;0.631440422417138
2448;2223.5;0.6311822486702583
2449;2224;0.6309431379046456
2450;2224.5;0.6307327821177449
2451;2225;0.6305540079818909
2452;2225.5;0.6303873049350714
2453;2226;0.6302373052014144
2454;2226.5;0.6301116661694545
2455;2227;0.6300165638277264
2456;2227.5;0.6299504704647644
2457;2228;0.6299095978691032
2458;2228.5;0.6298901577292773
2459;2229;0.6298883615338212
2460;2229.5;0.6298987003651577
2461;2230;0.62990238079233
2462;2230.5;0.6298908609111661
2463;2231;0.6298587801024194
2464;2231.5;0.629808146246843
2465;2232;0.6297534203251904
2466;2232.5;0.6296974153182148
2467;2233;0.6296424829066695
2468;2233.5;0.6295909748713074
2469;2234;0.6295459536902236
2470;2234.5;0.62952372943832
2471;2235;0.629529056883058
2472;2235.5;0.6295603017967926
2473;2236;0.6296146923518784
2474;2236.5;0.6296848952206707
2475;2237;0.6297680803755241
2476;2237.5;0.6298621291887941
2477;2238;0.6299649232328353
2478;2238.5;0.6300747503000286
2479;2239;0.630232103107422
2480;2239.5;0.6304588594408692
2481;2240;0.6307463771534563
2482;2240.5;0.6310866284982694
2483;2241;0.6314776043283944
2484;2241.5;0.6319089366969177
2485;2242;0.6323674753569252
2486;2242.5;0.6328400695615032
2487;2243;0.6333135690637377
2488;2243.5;0.6338036811497314
2489;2244;0.6343329864789364
2490;2244.5;0.6348930066246841
2491;2245;0.6354753407249649
2492;2245.5;0.6360805757177707
2493;2246;0.6367078818410918
2494;2246.5;0.6373513949329196
2495;2247;0.6380052505312452
2496;2247.5;0.6386635845740596
2497;2248;0.6393360833535112
2498;2248.5;0.6400448239983345
2499;2249;0.6407852188829949
2500;2249.5;0.6415521575756357
2501;2250;0.6423372740444006

